Staff_ID,Hotel_ID,Department,Role,Shift,Monthly_Salary
240001,160975,Sales,Executive,Morning,71170.57
240002,160481,Food & Beverage,Executive,Night,90872.93
240003,161315,Sales,Chef,Evening,71075.67
240004,161096,Front Office,Chef,Morning,60763.79
240005,161658,Food & Beverage,Chef,Evening,147703.44
240006,161115,Sales,Associate,Evening,45508.35
240007,160336,Housekeeping,Supervisor,Morning,148918.92
240008,161935,Maintenance,Technician,Morning,28207.45
240009,160210,Sales,Supervisor,Morning,89117.93
240010,161516,Housekeeping,Associate,Evening,134597.41
240011,160439,Front Office,Supervisor,Night,157078.91
240012,161616,Maintenance,Technician,Night,19688.7
240013,160337,Maintenance,Technician,Night,95094.71
240014,160691,Food & Beverage,Manager,Morning,102843.01
240015,161524,Sales,Technician,Night,77058.1
240016,160394,Food & Beverage,Technician,Night,64158.53
240017,161466,Food & Beverage,Executive,Evening,45305.74
240018,161852,Sales,Chef,Night,155678.96
240019,160675,Maintenance,Manager,Evening,65750.49
240020,160414,Food & Beverage,Supervisor,Morning,174113.44
240021,160260,Sales,Associate,Evening,120105.78
240022,161940,Maintenance,Associate,Evening,64871.08
240023,160073,Housekeeping,Executive,Morning,27716.08
240024,161612,Front Office,Chef,Night,119417.74
240025,161593,Maintenance,Manager,Evening,32693.3
240026,160583,Housekeeping,Executive,Night,137444.52
240027,161176,Front Office,Supervisor,Night,126762.48
240028,161514,Food & Beverage,Executive,Evening,38848.49
240029,160093,Sales,Associate,Evening,165832.47
240030,160111,Housekeeping,Manager,Night,148947.06
240031,160421,Front Office,Manager,Night,153926.28
240032,161699,Food & Beverage,Supervisor,Evening,118854.57
240033,160723,Front Office,Technician,Morning,71558.97
240034,161133,Front Office,Chef,Morning,75913.39
240035,161797,Front Office,Manager,Morning,121804.36
240036,161957,Housekeeping,Supervisor,Night,149660.79
240037,160264,Maintenance,Technician,Night,132529.02
240038,160278,Housekeeping,Supervisor,Morning,118801.84
240039,161696,Sales,Chef,Morning,72276.08
240040,161679,Food & Beverage,Associate,Night,18210.95
240041,160747,Sales,Supervisor,Evening,85260.32
240042,160468,Front Office,Associate,Morning,177434.82
240043,161429,Food & Beverage,Manager,Night,31887.06
240044,160493,Food & Beverage,Manager,Morning,127712.97
240045,160411,Sales,Executive,Evening,23180.7
240046,161892,Maintenance,Manager,Evening,92995.18
240047,160839,Maintenance,Associate,Night,25227.5
240048,161710,Maintenance,Associate,Night,57471.93
240049,160743,Food & Beverage,Executive,Night,68900.17
240050,161153,Maintenance,Associate,Night,30649.62
240051,160562,Food & Beverage,Associate,Evening,95993.02
240052,161631,Front Office,Associate,Night,31491.97
240053,161996,Sales,Technician,Morning,159455.95
240054,160582,Housekeeping,Chef,Night,159767.4
240055,161439,Food & Beverage,Associate,Night,69238.83
240056,161942,Front Office,Executive,Morning,129011.75
240057,160814,Sales,Supervisor,Evening,171809.61
240058,161074,Housekeeping,Technician,Evening,134438.14
240059,160547,Sales,Supervisor,Evening,93390.55
240060,160658,Maintenance,Manager,Evening,161022.94
240061,160330,Housekeeping,Technician,Morning,81792.11
240062,161931,Food & Beverage,Manager,Evening,122471.23
240063,160337,Front Office,Associate,Night,138991.33
240064,160142,Front Office,Technician,Night,69328.91
240065,160410,Food & Beverage,Supervisor,Night,101090.4
240066,160631,Food & Beverage,Manager,Morning,43452.74
240067,160094,Sales,Chef,Evening,41515.28
240068,160862,Food & Beverage,Chef,Evening,134391.92
240069,160120,Food & Beverage,Supervisor,Morning,76278.23
240070,161654,Front Office,Technician,Morning,19378.0
240071,161737,Maintenance,Supervisor,Evening,69866.19
240072,161214,Housekeeping,Technician,Morning,101713.33
240073,160827,Maintenance,Technician,Evening,120948.76
240074,160336,Food & Beverage,Associate,Evening,135028.44
240075,160952,Front Office,Supervisor,Night,51657.02
240076,160576,Sales,Chef,Night,142435.41
240077,160757,Maintenance,Technician,Night,22865.67
240078,160598,Front Office,Technician,Evening,74596.4
240079,160259,Housekeeping,Supervisor,Night,38608.23
240080,160088,Front Office,Executive,Night,48829.48
240081,160454,Front Office,Manager,Evening,156258.25
240082,160629,Housekeeping,Associate,Morning,133465.2
240083,160993,Housekeeping,Executive,Night,90083.45
240084,160674,Sales,Technician,Morning,95322.03
240085,160362,Front Office,Executive,Evening,81319.69
240086,161944,Sales,Technician,Morning,119621.16
240087,161061,Front Office,Supervisor,Evening,58532.38
240088,160328,Sales,Technician,Morning,71604.75
240089,160260,Food & Beverage,Supervisor,Night,37443.76
240090,160293,Front Office,Associate,Night,131836.4
240091,160345,Maintenance,Chef,Night,121334.35
240092,161960,Front Office,Technician,Morning,121865.8
240093,161734,Sales,Technician,Evening,61641.19
240094,160176,Maintenance,Executive,Morning,53946.01
240095,161538,Sales,Manager,Night,175972.97
240096,161755,Housekeeping,Associate,Evening,19282.3
240097,161681,Sales,Technician,Morning,26026.34
240098,161460,Food & Beverage,Associate,Evening,131610.06
240099,161852,Housekeeping,Manager,Night,76210.1
240100,160672,Housekeeping,Technician,Evening,169437.77
240101,161597,Housekeeping,Executive,Night,156131.41
240102,161987,Maintenance,Executive,Evening,157312.64
240103,160033,Maintenance,Supervisor,Morning,164871.78
240104,160912,Food & Beverage,Executive,Morning,91414.63
240105,160655,Housekeeping,Technician,Night,135676.92
240106,160881,Housekeeping,Chef,Night,154615.76
240107,161714,Housekeeping,Manager,Evening,24298.03
240108,160103,Housekeeping,Executive,Night,137984.66
240109,161501,Front Office,Manager,Evening,165293.51
240110,160314,Food & Beverage,Supervisor,Night,18039.72
240111,160651,Housekeeping,Associate,Evening,135870.33
240112,160912,Food & Beverage,Chef,Morning,82096.19
240113,160074,Sales,Executive,Night,104716.86
240114,160609,Maintenance,Executive,Evening,111662.08
240115,160964,Housekeeping,Associate,Evening,56110.46
240116,160960,Maintenance,Supervisor,Night,41673.94
240117,161244,Maintenance,Supervisor,Morning,152735.58
240118,161556,Maintenance,Technician,Evening,60787.54
240119,161521,Sales,Supervisor,Night,124826.39
240120,161353,Sales,Manager,Morning,52064.84
240121,160344,Food & Beverage,Executive,Morning,59071.29
240122,160453,Maintenance,Technician,Night,91703.13
240123,160171,Maintenance,Supervisor,Night,47518.55
240124,160125,Food & Beverage,Chef,Night,172643.47
240125,160643,Front Office,Associate,Night,91992.23
240126,161925,Food & Beverage,Technician,Morning,129546.17
240127,161208,Front Office,Executive,Night,145689.14
240128,160212,Sales,Technician,Evening,46462.51
240129,161295,Housekeeping,Associate,Night,78092.72
240130,160125,Maintenance,Executive,Morning,151246.9
240131,161924,Sales,Executive,Evening,151145.36
240132,160145,Maintenance,Executive,Night,120598.51
240133,161437,Housekeeping,Chef,Night,135417.44
240134,160434,Front Office,Executive,Night,177148.86
240135,160455,Front Office,Executive,Evening,129493.16
240136,160472,Sales,Executive,Evening,27710.1
240137,161755,Housekeeping,Associate,Night,173262.22
240138,161038,Front Office,Associate,Night,83362.78
240139,160456,Food & Beverage,Executive,Morning,148682.97
240140,160315,Food & Beverage,Chef,Night,28018.75
240141,160862,Maintenance,Executive,Night,121978.26
240142,161596,Maintenance,Technician,Evening,146009.01
240143,161026,Housekeeping,Associate,Night,48811.25
240144,161854,Maintenance,Manager,Evening,40245.92
240145,160067,Maintenance,Technician,Morning,88873.99
240146,161140,Food & Beverage,Associate,Morning,59168.36
240147,160907,Maintenance,Manager,Evening,68397.06
240148,160887,Food & Beverage,Technician,Night,161492.14
240149,160297,Front Office,Supervisor,Night,77683.02
240150,160383,Maintenance,Executive,Night,104744.81
240151,161816,Sales,Technician,Night,80631.95
240152,160198,Housekeeping,Associate,Night,85844.67
240153,160951,Front Office,Chef,Evening,30737.03
240154,161056,Sales,Technician,Night,81930.33
240155,160592,Maintenance,Manager,Night,135149.02
240156,160163,Food & Beverage,Executive,Night,41578.95
240157,160933,Housekeeping,Manager,Morning,20224.29
240158,160262,Front Office,Manager,Night,147926.76
240159,160730,Food & Beverage,Associate,Morning,44296.51
240160,160583,Food & Beverage,Supervisor,Night,19957.41
240161,160436,Maintenance,Supervisor,Evening,45097.17
240162,160918,Housekeeping,Supervisor,Morning,102125.52
240163,160441,Housekeeping,Executive,Evening,61332.95
240164,161333,Maintenance,Technician,Evening,174025.27
240165,160906,Maintenance,Associate,Night,150068.11
240166,161521,Maintenance,Chef,Morning,169861.67
240167,160402,Food & Beverage,Technician,Evening,35468.27
240168,161813,Housekeeping,Manager,Morning,52128.99
240169,160484,Front Office,Associate,Evening,44571.32
240170,161025,Front Office,Technician,Evening,147162.21
240171,161067,Sales,Executive,Evening,161902.02
240172,160676,Food & Beverage,Executive,Night,109581.43
240173,160002,Sales,Technician,Morning,50036.22
240174,161525,Housekeeping,Chef,Night,95050.89
240175,160735,Front Office,Executive,Night,71354.67
240176,160835,Front Office,Manager,Evening,145219.93
240177,160552,Housekeeping,Supervisor,Evening,33771.44
240178,161023,Sales,Manager,Night,155404.93
240179,161658,Maintenance,Technician,Evening,164108.36
240180,161951,Food & Beverage,Technician,Night,157183.75
240181,161462,Sales,Executive,Morning,49620.39
240182,160885,Housekeeping,Associate,Morning,33722.15
240183,160575,Front Office,Supervisor,Evening,153965.55
240184,160441,Front Office,Supervisor,Night,63122.18
240185,160100,Sales,Manager,Evening,31052.61
240186,161461,Front Office,Manager,Night,51246.29
240187,161339,Food & Beverage,Technician,Morning,172452.02
240188,161280,Maintenance,Technician,Night,105735.18
240189,161468,Front Office,Executive,Night,157971.79
240190,161665,Housekeeping,Chef,Evening,48766.93
240191,161168,Housekeeping,Manager,Morning,119499.54
240192,161331,Front Office,Chef,Night,151529.95
240193,160029,Sales,Manager,Evening,43203.47
240194,161792,Maintenance,Technician,Evening,68112.76
240195,160845,Maintenance,Chef,Morning,151600.1
240196,160617,Housekeeping,Supervisor,Evening,71167.84
240197,160855,Maintenance,Executive,Night,172463.34
240198,160427,Housekeeping,Associate,Evening,168278.69
240199,160452,Front Office,Supervisor,Evening,161615.98
240200,161555,Sales,Associate,Evening,143944.42
240201,161008,Food & Beverage,Executive,Morning,119754.78
240202,160136,Front Office,Executive,Night,121306.63
240203,160517,Housekeeping,Associate,Night,146648.58
240204,161459,Maintenance,Executive,Evening,136749.38
240205,160388,Sales,Supervisor,Morning,95032.25
240206,161593,Front Office,Chef,Evening,90646.65
240207,160779,Housekeeping,Associate,Evening,170252.06
240208,160782,Maintenance,Chef,Morning,77610.38
240209,161325,Maintenance,Supervisor,Morning,159404.63
240210,160327,Maintenance,Associate,Night,133855.38
240211,160860,Housekeeping,Technician,Morning,63350.49
240212,160058,Food & Beverage,Supervisor,Evening,72241.77
240213,161187,Sales,Associate,Morning,18370.08
240214,160701,Housekeeping,Executive,Morning,61112.04
240215,160736,Housekeeping,Executive,Evening,90900.5
240216,160009,Housekeeping,Chef,Night,106185.17
240217,160328,Front Office,Executive,Morning,177086.64
240218,160767,Maintenance,Chef,Morning,139584.94
240219,160648,Sales,Technician,Night,102258.05
240220,160285,Maintenance,Chef,Evening,59370.47
240221,161357,Front Office,Associate,Evening,148391.75
240222,161106,Housekeeping,Supervisor,Evening,84100.8
240223,160098,Sales,Chef,Night,87733.31
240224,161731,Food & Beverage,Chef,Evening,61122.3
240225,160440,Sales,Associate,Evening,52268.57
240226,161708,Housekeeping,Chef,Evening,35702.34
240227,161474,Food & Beverage,Chef,Morning,138487.74
240228,160123,Front Office,Chef,Evening,81823.94
240229,161215,Sales,Executive,Evening,112965.71
240230,160535,Maintenance,Supervisor,Night,153228.08
240231,161598,Maintenance,Technician,Night,123808.69
240232,161959,Front Office,Supervisor,Night,42598.57
240233,160817,Front Office,Chef,Evening,62365.53
240234,160971,Sales,Manager,Night,140711.83
240235,161721,Food & Beverage,Executive,Night,68471.39
240236,161587,Food & Beverage,Technician,Night,101251.2
240237,161684,Housekeeping,Associate,Evening,50462.66
240238,160780,Housekeeping,Associate,Morning,132965.75
240239,161515,Housekeeping,Executive,Morning,65966.23
240240,160052,Housekeeping,Associate,Morning,101456.32
240241,160592,Housekeeping,Manager,Evening,95550.26
240242,161455,Food & Beverage,Chef,Night,115965.07
240243,160332,Housekeeping,Associate,Evening,35513.49
240244,161507,Housekeeping,Executive,Night,126455.05
240245,160650,Housekeeping,Associate,Night,143707.58
240246,160097,Sales,Technician,Evening,156230.15
240247,161040,Front Office,Technician,Morning,90276.45
240248,161791,Food & Beverage,Chef,Morning,156031.2
240249,161664,Housekeeping,Chef,Night,35892.17
240250,160895,Front Office,Technician,Evening,61136.76
240251,160634,Sales,Executive,Morning,26110.08
240252,161352,Food & Beverage,Technician,Night,26082.69
240253,160604,Sales,Technician,Evening,43011.44
240254,161945,Sales,Associate,Evening,40137.52
240255,160190,Maintenance,Manager,Night,85699.05
240256,160233,Front Office,Associate,Morning,25586.66
240257,161883,Food & Beverage,Associate,Night,156673.96
240258,161680,Food & Beverage,Technician,Night,34328.13
240259,160539,Sales,Supervisor,Night,114657.32
240260,160372,Food & Beverage,Technician,Night,133282.98
240261,161910,Front Office,Supervisor,Morning,31473.78
240262,161806,Housekeeping,Associate,Evening,105657.58
240263,161661,Housekeeping,Executive,Night,46443.65
240264,161822,Maintenance,Associate,Night,113031.5
240265,160464,Food & Beverage,Executive,Morning,38281.21
240266,160936,Food & Beverage,Associate,Night,72812.64
240267,161947,Maintenance,Manager,Evening,125494.32
240268,161565,Sales,Chef,Night,124374.41
240269,161162,Sales,Supervisor,Morning,45021.31
240270,161592,Housekeeping,Technician,Evening,78017.25
240271,161550,Maintenance,Technician,Morning,52634.55
240272,160371,Food & Beverage,Chef,Evening,85739.86
240273,161180,Sales,Associate,Morning,134119.12
240274,161682,Maintenance,Chef,Evening,79588.31
240275,161570,Front Office,Manager,Morning,68162.75
240276,160091,Food & Beverage,Chef,Night,40281.61
240277,160718,Front Office,Chef,Evening,143331.64
240278,161308,Sales,Executive,Night,107737.42
240279,161048,Food & Beverage,Associate,Night,18646.6
240280,160320,Front Office,Manager,Morning,105933.97
240281,160222,Front Office,Manager,Evening,164999.08
240282,161598,Maintenance,Technician,Morning,169648.72
240283,161661,Front Office,Executive,Morning,114610.36
240284,161057,Sales,Manager,Evening,177949.97
240285,160178,Food & Beverage,Manager,Morning,113754.55
240286,160788,Food & Beverage,Supervisor,Morning,99269.31
240287,160080,Food & Beverage,Technician,Morning,158305.4
240288,161517,Sales,Associate,Evening,170287.91
240289,161337,Sales,Manager,Evening,23840.63
240290,160762,Housekeeping,Supervisor,Night,100876.44
240291,161680,Food & Beverage,Supervisor,Morning,177785.93
240292,161576,Front Office,Manager,Night,26806.79
240293,161864,Front Office,Executive,Evening,162865.16
240294,161789,Sales,Supervisor,Night,20742.49
240295,160040,Sales,Associate,Evening,122844.3
240296,160976,Food & Beverage,Manager,Evening,133230.2
240297,160960,Food & Beverage,Technician,Night,162644.33
240298,161657,Housekeeping,Associate,Night,139379.2
240299,160207,Maintenance,Technician,Morning,110094.26
240300,161134,Sales,Chef,Night,97226.27
240301,160793,Housekeeping,Manager,Evening,36532.27
240302,160246,Sales,Executive,Evening,42161.71
240303,161876,Sales,Technician,Night,136347.3
240304,161591,Sales,Executive,Morning,60276.89
240305,161994,Front Office,Supervisor,Evening,86421.89
240306,160947,Front Office,Supervisor,Evening,128697.31
240307,161773,Sales,Executive,Night,54603.13
240308,160368,Sales,Associate,Night,43928.67
240309,160478,Sales,Associate,Morning,124123.49
240310,160292,Sales,Associate,Night,75717.72
240311,160538,Sales,Supervisor,Morning,134062.01
240312,161593,Housekeeping,Manager,Evening,113395.97
240313,161785,Front Office,Executive,Night,115979.76
240314,161583,Food & Beverage,Technician,Evening,26410.59
240315,160804,Food & Beverage,Chef,Evening,76258.3
240316,160993,Front Office,Executive,Night,111949.54
240317,160408,Housekeeping,Technician,Evening,151878.78
240318,161367,Food & Beverage,Supervisor,Evening,158383.48
240319,161290,Food & Beverage,Technician,Night,123543.96
240320,161100,Food & Beverage,Associate,Night,87566.02
240321,160390,Sales,Manager,Evening,158521.08
240322,160307,Maintenance,Manager,Morning,72364.21
240323,161945,Sales,Manager,Night,128983.6
240324,160988,Sales,Supervisor,Night,45541.95
240325,160553,Housekeeping,Manager,Morning,169614.29
240326,160576,Sales,Executive,Morning,64502.48
240327,161994,Sales,Associate,Night,85195.95
240328,160958,Maintenance,Associate,Night,149258.4
240329,160122,Food & Beverage,Chef,Morning,42804.04
240330,160479,Sales,Chef,Evening,170356.11
240331,160490,Maintenance,Chef,Night,80190.57
240332,160518,Maintenance,Associate,Night,71418.62
240333,160060,Maintenance,Supervisor,Morning,64814.08
240334,161060,Front Office,Technician,Morning,170779.22
240335,161100,Housekeeping,Chef,Night,160339.65
240336,160252,Maintenance,Manager,Morning,118795.77
240337,160706,Food & Beverage,Supervisor,Morning,36973.13
240338,161319,Sales,Supervisor,Night,86737.23
240339,160403,Maintenance,Technician,Night,33758.67
240340,161700,Food & Beverage,Manager,Night,138677.52
240341,161220,Food & Beverage,Chef,Evening,152723.79
240342,161263,Food & Beverage,Manager,Morning,149997.35
240343,160757,Maintenance,Technician,Morning,114211.05
240344,160922,Sales,Manager,Morning,84465.09
240345,160254,Maintenance,Technician,Night,31109.65
240346,161311,Front Office,Technician,Morning,154451.16
240347,160998,Front Office,Associate,Morning,53084.29
240348,161962,Housekeeping,Supervisor,Morning,35929.89
240349,160708,Maintenance,Chef,Evening,78034.03
240350,161986,Food & Beverage,Chef,Evening,80792.96
240351,160074,Maintenance,Manager,Morning,131186.69
240352,161691,Front Office,Executive,Morning,110400.05
240353,161774,Sales,Associate,Evening,52667.95
240354,160250,Maintenance,Executive,Morning,112039.23
240355,161737,Maintenance,Executive,Evening,124501.89
240356,161359,Maintenance,Executive,Night,55540.64
240357,160917,Housekeeping,Associate,Evening,22991.02
240358,160681,Maintenance,Manager,Evening,53823.06
240359,160122,Maintenance,Chef,Night,130727.42
240360,161155,Sales,Associate,Night,93930.5
240361,160523,Maintenance,Executive,Morning,60716.39
240362,161949,Housekeeping,Technician,Night,147558.98
240363,161084,Food & Beverage,Chef,Night,81230.27
240364,161029,Sales,Manager,Evening,103125.28
240365,161007,Maintenance,Executive,Evening,114873.52
240366,160377,Food & Beverage,Chef,Evening,65202.69
240367,161822,Sales,Manager,Night,169693.86
240368,161619,Sales,Supervisor,Evening,161736.79
240369,160824,Maintenance,Associate,Night,69181.18
240370,161192,Food & Beverage,Supervisor,Night,45163.51
240371,160715,Housekeeping,Chef,Evening,97841.89
240372,160090,Maintenance,Supervisor,Morning,121400.08
240373,160639,Front Office,Technician,Evening,121788.93
240374,160888,Sales,Executive,Night,54904.48
240375,161082,Housekeeping,Supervisor,Night,174348.93
240376,161030,Housekeeping,Executive,Night,35249.99
240377,161110,Food & Beverage,Technician,Morning,135152.29
240378,161677,Sales,Chef,Morning,90133.01
240379,161664,Sales,Supervisor,Night,64879.65
240380,160364,Front Office,Technician,Evening,114028.21
240381,161950,Housekeeping,Supervisor,Morning,52162.93
240382,160337,Housekeeping,Associate,Morning,30616.76
240383,161767,Housekeeping,Chef,Evening,64642.08
240384,160188,Front Office,Associate,Night,116350.08
240385,160879,Sales,Chef,Morning,154246.75
240386,160294,Maintenance,Technician,Night,35949.67
240387,161398,Maintenance,Chef,Night,85714.45
240388,161697,Housekeeping,Supervisor,Night,64070.81
240389,161788,Food & Beverage,Chef,Evening,132511.73
240390,161104,Housekeeping,Manager,Evening,127439.87
240391,160270,Housekeeping,Technician,Night,130843.41
240392,160326,Maintenance,Manager,Night,127428.82
240393,161348,Maintenance,Technician,Night,179776.94
240394,161803,Maintenance,Supervisor,Evening,165537.37
240395,160738,Food & Beverage,Manager,Evening,40053.96
240396,160756,Food & Beverage,Technician,Evening,63265.37
240397,161764,Front Office,Executive,Night,153104.56
240398,161007,Maintenance,Executive,Night,121622.82
240399,161023,Food & Beverage,Executive,Morning,135327.76
240400,161261,Food & Beverage,Manager,Morning,88455.38
240401,160008,Sales,Associate,Night,161340.38
240402,160258,Sales,Manager,Evening,129193.96
240403,161390,Food & Beverage,Manager,Night,117192.1
240404,161779,Sales,Chef,Evening,123130.37
240405,160906,Front Office,Associate,Night,103034.67
240406,160065,Sales,Associate,Morning,153301.07
240407,160920,Food & Beverage,Manager,Night,49606.74
240408,160124,Sales,Technician,Evening,96980.56
240409,160700,Food & Beverage,Technician,Evening,157831.3
240410,161447,Sales,Chef,Evening,23226.82
240411,161684,Sales,Executive,Evening,168966.89
240412,161811,Sales,Chef,Night,151098.94
240413,160347,Food & Beverage,Technician,Evening,131078.21
240414,161423,Sales,Manager,Night,153327.11
240415,161404,Maintenance,Technician,Night,130445.03
240416,161242,Housekeeping,Manager,Night,146388.89
240417,161019,Maintenance,Chef,Evening,67305.01
240418,160293,Food & Beverage,Associate,Evening,101845.62
240419,160560,Maintenance,Technician,Morning,50146.45
240420,160277,Food & Beverage,Associate,Morning,134150.25
240421,160862,Sales,Supervisor,Evening,75179.38
240422,160763,Front Office,Associate,Night,35922.51
240423,160651,Sales,Technician,Morning,120696.99
240424,161126,Front Office,Executive,Morning,69044.89
240425,161347,Front Office,Supervisor,Morning,88707.03
240426,160524,Maintenance,Executive,Evening,133586.36
240427,161152,Sales,Supervisor,Night,107463.55
240428,161495,Sales,Chef,Evening,29410.35
240429,160489,Food & Beverage,Supervisor,Morning,147639.86
240430,161321,Front Office,Associate,Night,98334.09
240431,160198,Maintenance,Manager,Morning,44424.87
240432,160053,Front Office,Technician,Night,145001.84
240433,161819,Housekeeping,Supervisor,Morning,151706.8
240434,160348,Sales,Manager,Evening,148528.53
240435,160646,Food & Beverage,Supervisor,Night,163938.54
240436,161905,Front Office,Associate,Morning,179677.71
240437,160861,Front Office,Technician,Evening,22098.29
240438,160091,Sales,Manager,Evening,131072.93
240439,161680,Front Office,Supervisor,Night,43371.94
240440,160268,Maintenance,Supervisor,Evening,66047.6
240441,161129,Housekeeping,Chef,Morning,111347.3
240442,160496,Sales,Associate,Morning,105201.13
240443,161946,Sales,Technician,Morning,137784.65
240444,161255,Maintenance,Chef,Night,137019.17
240445,160933,Housekeeping,Supervisor,Morning,72978.17
240446,160524,Front Office,Associate,Night,57698.89
240447,161566,Maintenance,Chef,Night,159638.64
240448,161934,Maintenance,Supervisor,Morning,107668.03
240449,161103,Maintenance,Chef,Evening,104442.39
240450,161958,Housekeeping,Executive,Night,132496.95
240451,160728,Front Office,Technician,Morning,86298.74
240452,161127,Food & Beverage,Manager,Evening,169202.92
240453,161566,Maintenance,Technician,Morning,76259.51
240454,160655,Front Office,Executive,Night,153265.32
240455,161079,Housekeeping,Supervisor,Evening,110859.23
240456,160978,Maintenance,Chef,Morning,108241.57
240457,160463,Food & Beverage,Manager,Evening,65150.99
240458,161736,Housekeeping,Associate,Evening,40870.45
240459,160079,Front Office,Executive,Evening,67891.7
240460,161092,Sales,Chef,Evening,118148.0
240461,160761,Maintenance,Associate,Evening,89917.53
240462,161641,Maintenance,Manager,Evening,157341.72
240463,161092,Food & Beverage,Manager,Evening,25197.46
240464,160019,Front Office,Associate,Evening,142791.44
240465,161565,Maintenance,Manager,Morning,82852.18
240466,160480,Maintenance,Supervisor,Morning,106300.46
240467,161384,Housekeeping,Associate,Morning,176926.9
240468,160038,Front Office,Associate,Evening,177796.1
240469,160001,Maintenance,Technician,Evening,32851.06
240470,160511,Sales,Manager,Night,164825.26
240471,160366,Front Office,Associate,Evening,41807.09
240472,161907,Food & Beverage,Executive,Night,28673.2
240473,160285,Maintenance,Chef,Night,150871.48
240474,161937,Maintenance,Supervisor,Evening,100694.43
240475,160248,Front Office,Manager,Night,174183.21
240476,160271,Food & Beverage,Associate,Morning,120125.76
240477,160446,Sales,Chef,Evening,23407.21
240478,160716,Front Office,Associate,Morning,141949.81
240479,160305,Sales,Chef,Morning,33715.71
240480,161227,Housekeeping,Supervisor,Evening,24047.43
240481,160169,Front Office,Supervisor,Evening,47215.48
240482,160920,Front Office,Technician,Night,42705.57
240483,160349,Housekeeping,Executive,Night,129050.4
240484,161913,Housekeeping,Supervisor,Night,95924.53
240485,160628,Housekeeping,Associate,Evening,143150.42
240486,160860,Sales,Executive,Morning,79651.05
240487,161416,Housekeeping,Supervisor,Morning,110897.97
240488,160504,Sales,Associate,Night,168462.78
240489,161977,Food & Beverage,Supervisor,Evening,94155.41
240490,160126,Food & Beverage,Chef,Evening,116330.17
240491,160301,Sales,Executive,Evening,147473.84
240492,160977,Housekeeping,Chef,Night,65310.15
240493,161105,Sales,Technician,Morning,93082.33
240494,161190,Food & Beverage,Manager,Morning,176278.27
240495,160424,Housekeeping,Chef,Morning,83450.97
240496,160500,Front Office,Associate,Morning,75351.49
240497,160408,Front Office,Supervisor,Night,27205.04
240498,160797,Maintenance,Technician,Evening,175489.36
240499,160233,Housekeeping,Manager,Morning,41700.32
240500,161021,Sales,Technician,Night,154285.81
240501,161545,Food & Beverage,Supervisor,Evening,58469.55
240502,161731,Sales,Supervisor,Morning,168192.74
240503,161895,Housekeeping,Chef,Evening,138124.28
240504,160340,Housekeeping,Technician,Morning,108564.12
240505,160174,Food & Beverage,Supervisor,Night,48463.82
240506,161071,Front Office,Supervisor,Night,131386.33
240507,161462,Housekeeping,Manager,Evening,40274.41
240508,160024,Front Office,Executive,Night,122427.78
240509,160961,Maintenance,Technician,Evening,148921.45
240510,160582,Sales,Technician,Evening,43234.01
240511,160029,Maintenance,Manager,Night,164068.94
240512,160556,Housekeeping,Chef,Evening,21721.62
240513,160817,Front Office,Associate,Evening,26177.86
240514,161180,Sales,Chef,Morning,124189.0
240515,160769,Food & Beverage,Associate,Night,134690.08
240516,161374,Housekeeping,Technician,Night,54837.73
240517,161359,Sales,Executive,Morning,159790.61
240518,160784,Front Office,Associate,Morning,45819.83
240519,161428,Sales,Technician,Morning,160123.94
240520,160841,Housekeeping,Chef,Night,161795.26
240521,160293,Maintenance,Chef,Night,133951.99
240522,160802,Sales,Chef,Evening,88033.7
240523,161460,Sales,Technician,Evening,103477.89
240524,161318,Maintenance,Manager,Morning,98798.2
240525,160331,Food & Beverage,Manager,Evening,51452.27
240526,161990,Housekeeping,Executive,Night,27649.43
240527,161399,Maintenance,Manager,Night,54410.68
240528,160911,Front Office,Supervisor,Evening,37145.83
240529,160411,Food & Beverage,Executive,Evening,43383.84
240530,161857,Food & Beverage,Supervisor,Evening,133762.91
240531,160631,Front Office,Executive,Night,84507.86
240532,160354,Front Office,Executive,Night,37778.78
240533,161027,Maintenance,Supervisor,Night,155139.27
240534,161792,Housekeeping,Technician,Morning,107283.61
240535,161247,Housekeeping,Chef,Evening,124456.76
240536,160887,Front Office,Technician,Night,48594.13
240537,160889,Maintenance,Chef,Evening,65756.01
240538,161017,Maintenance,Manager,Night,29925.08
240539,160845,Maintenance,Manager,Morning,130477.28
240540,161110,Sales,Technician,Evening,28863.68
240541,160622,Food & Beverage,Chef,Morning,90683.32
240542,161804,Front Office,Technician,Evening,82009.02
240543,161700,Maintenance,Executive,Night,158558.69
240544,161934,Food & Beverage,Chef,Evening,155816.37
240545,161059,Housekeeping,Executive,Morning,113865.66
240546,161941,Housekeeping,Executive,Morning,109871.04
240547,161795,Housekeeping,Executive,Morning,107416.76
240548,161909,Housekeeping,Technician,Morning,160073.75
240549,160197,Front Office,Executive,Night,131169.64
240550,161055,Housekeeping,Manager,Morning,90679.69
240551,161602,Maintenance,Manager,Morning,97024.56
240552,161573,Food & Beverage,Executive,Night,114712.22
240553,160283,Sales,Supervisor,Evening,97396.08
240554,160047,Maintenance,Technician,Evening,103170.71
240555,160219,Food & Beverage,Associate,Night,127310.85
240556,161578,Food & Beverage,Associate,Morning,103082.68
240557,160866,Housekeeping,Executive,Evening,38086.43
240558,160784,Front Office,Chef,Night,65587.44
240559,161405,Food & Beverage,Technician,Night,110785.39
240560,161397,Front Office,Manager,Morning,88911.54
240561,160126,Housekeeping,Chef,Morning,56685.73
240562,161433,Food & Beverage,Supervisor,Morning,38013.2
240563,161836,Sales,Supervisor,Evening,105368.05
240564,161121,Housekeeping,Supervisor,Evening,35479.78
240565,160758,Sales,Manager,Evening,102048.03
240566,160386,Maintenance,Technician,Morning,151116.67
240567,161015,Maintenance,Manager,Night,119498.02
240568,161670,Sales,Technician,Evening,100625.88
240569,160336,Front Office,Executive,Night,73935.4
240570,161272,Sales,Associate,Morning,62521.09
240571,161221,Housekeeping,Executive,Evening,126892.92
240572,161407,Housekeeping,Executive,Night,118261.58
240573,160485,Sales,Associate,Morning,172499.9
240574,160938,Food & Beverage,Executive,Evening,89610.75
240575,160654,Maintenance,Supervisor,Night,46224.64
240576,160849,Sales,Chef,Evening,24587.76
240577,161490,Housekeeping,Associate,Evening,173298.6
240578,160621,Sales,Technician,Morning,155286.37
240579,161748,Maintenance,Technician,Evening,124526.83
240580,160116,Maintenance,Associate,Evening,70993.14
240581,160955,Sales,Supervisor,Night,172291.95
240582,161301,Sales,Executive,Morning,123327.6
240583,161720,Sales,Chef,Night,179455.51
240584,160744,Front Office,Manager,Evening,106761.7
240585,160364,Front Office,Manager,Night,104411.48
240586,161949,Front Office,Supervisor,Evening,155067.3
240587,161842,Food & Beverage,Technician,Morning,134515.07
240588,161509,Food & Beverage,Executive,Morning,99218.42
240589,160786,Maintenance,Executive,Night,108684.57
240590,160098,Front Office,Chef,Morning,125077.75
240591,161381,Food & Beverage,Chef,Morning,115719.39
240592,161185,Food & Beverage,Chef,Evening,21545.75
240593,160670,Front Office,Supervisor,Evening,98559.15
240594,161005,Housekeeping,Supervisor,Morning,122388.32
240595,161479,Sales,Chef,Night,31635.76
240596,161943,Front Office,Supervisor,Evening,119878.34
240597,160915,Sales,Supervisor,Morning,144625.85
240598,161595,Housekeeping,Supervisor,Night,95787.85
240599,161226,Housekeeping,Technician,Morning,165616.58
240600,161988,Housekeeping,Associate,Night,92796.45
240601,160872,Housekeeping,Technician,Morning,35860.86
240602,161952,Maintenance,Associate,Night,169857.96
240603,161495,Maintenance,Chef,Evening,111973.28
240604,160776,Housekeeping,Manager,Morning,129474.65
240605,160730,Food & Beverage,Chef,Night,98249.85
240606,161119,Food & Beverage,Associate,Evening,113524.69
240607,161221,Sales,Manager,Morning,154207.29
240608,161087,Sales,Supervisor,Night,139909.24
240609,161989,Food & Beverage,Executive,Morning,29156.75
240610,161602,Food & Beverage,Associate,Morning,117998.55
240611,160927,Maintenance,Technician,Evening,95225.68
240612,160311,Housekeeping,Chef,Night,165418.57
240613,161809,Maintenance,Chef,Night,89148.57
240614,161185,Sales,Chef,Morning,140671.45
240615,160068,Housekeeping,Supervisor,Night,176568.63
240616,160910,Front Office,Technician,Evening,149681.64
240617,160772,Food & Beverage,Associate,Night,124345.89
240618,161943,Front Office,Executive,Night,79123.08
240619,160940,Food & Beverage,Manager,Morning,53523.9
240620,160935,Maintenance,Executive,Morning,102333.78
240621,160777,Maintenance,Manager,Evening,157790.3
240622,160702,Sales,Chef,Night,70370.15
240623,160700,Housekeeping,Technician,Evening,70015.85
240624,161348,Maintenance,Executive,Night,35854.76
240625,161862,Front Office,Supervisor,Evening,145819.54
240626,161001,Food & Beverage,Supervisor,Morning,133519.39
240627,160497,Housekeeping,Chef,Morning,128793.53
240628,160223,Food & Beverage,Associate,Evening,29446.9
240629,160360,Housekeeping,Associate,Night,79726.54
240630,160739,Front Office,Manager,Evening,149015.85
240631,160382,Maintenance,Chef,Night,77221.93
240632,160138,Front Office,Technician,Morning,123937.67
240633,161015,Sales,Chef,Night,116903.06
240634,161793,Housekeeping,Chef,Evening,141888.15
240635,160756,Front Office,Associate,Morning,60042.51
240636,161584,Food & Beverage,Associate,Morning,63150.2
240637,160458,Front Office,Supervisor,Morning,20137.94
240638,161897,Sales,Technician,Morning,79674.93
240639,160316,Front Office,Executive,Evening,45592.97
240640,160520,Sales,Technician,Morning,155331.4
240641,161293,Front Office,Executive,Evening,131776.96
240642,160417,Sales,Manager,Evening,122581.05
240643,160844,Food & Beverage,Technician,Evening,124987.93
240644,161668,Food & Beverage,Executive,Morning,28341.83
240645,161114,Maintenance,Associate,Morning,22978.66
240646,160458,Maintenance,Technician,Morning,107092.64
240647,160788,Food & Beverage,Executive,Night,83941.97
240648,160518,Housekeeping,Manager,Night,114157.89
240649,160845,Maintenance,Technician,Evening,118763.36
240650,161367,Maintenance,Manager,Evening,165350.47
240651,160084,Housekeeping,Chef,Evening,137836.74
240652,161485,Food & Beverage,Associate,Morning,44058.25
240653,160064,Housekeeping,Associate,Morning,36644.53
240654,161013,Food & Beverage,Manager,Night,167577.15
240655,160692,Sales,Associate,Evening,136661.11
240656,160320,Food & Beverage,Associate,Evening,100124.46
240657,161718,Sales,Supervisor,Morning,63835.66
240658,161311,Front Office,Technician,Night,39569.28
240659,161224,Maintenance,Executive,Night,135715.6
240660,160956,Front Office,Manager,Morning,62228.22
240661,160488,Housekeeping,Executive,Evening,152408.85
240662,161627,Sales,Executive,Night,27684.73
240663,161634,Sales,Associate,Morning,177080.42
240664,160082,Sales,Manager,Night,99202.17
240665,160371,Front Office,Supervisor,Evening,62615.02
240666,161375,Maintenance,Executive,Night,74490.52
240667,161285,Sales,Supervisor,Morning,50861.92
240668,161907,Maintenance,Technician,Evening,114235.33
240669,161269,Maintenance,Technician,Evening,124169.44
240670,161104,Food & Beverage,Supervisor,Morning,175647.91
240671,160650,Housekeeping,Executive,Morning,128135.4
240672,161964,Food & Beverage,Associate,Evening,110907.86
240673,161626,Housekeeping,Executive,Night,137872.93
240674,161538,Food & Beverage,Executive,Night,106534.76
240675,161312,Sales,Supervisor,Evening,154382.01
240676,161705,Housekeeping,Supervisor,Night,77997.36
240677,160212,Sales,Supervisor,Night,124005.03
240678,160887,Maintenance,Associate,Night,171328.92
240679,161679,Housekeeping,Executive,Evening,170663.91
240680,161029,Front Office,Associate,Evening,52668.13
240681,161179,Housekeeping,Chef,Night,163994.31
240682,160419,Food & Beverage,Chef,Morning,105158.52
240683,160636,Housekeeping,Chef,Evening,103506.16
240684,161573,Housekeeping,Technician,Morning,95688.58
240685,161847,Maintenance,Manager,Morning,26815.41
240686,161123,Front Office,Supervisor,Evening,174736.44
240687,161586,Front Office,Executive,Night,67399.31
240688,161704,Front Office,Executive,Morning,153222.67
240689,161512,Sales,Technician,Evening,122066.28
240690,160217,Food & Beverage,Executive,Night,36478.78
240691,160644,Housekeeping,Associate,Morning,81877.11
240692,160730,Housekeeping,Executive,Evening,35751.82
240693,160390,Housekeeping,Technician,Night,85310.22
240694,160512,Food & Beverage,Chef,Morning,46150.09
240695,161782,Front Office,Executive,Morning,159599.67
240696,161967,Front Office,Executive,Evening,135545.9
240697,160325,Food & Beverage,Technician,Morning,90578.76
240698,161016,Sales,Executive,Night,130320.04
240699,160099,Maintenance,Executive,Evening,65526.46
240700,160634,Housekeeping,Manager,Evening,151465.31
240701,160586,Maintenance,Associate,Evening,74443.25
240702,161383,Maintenance,Chef,Morning,146355.06
240703,160088,Food & Beverage,Executive,Morning,119179.1
240704,161302,Food & Beverage,Supervisor,Morning,156665.92
240705,161097,Housekeeping,Technician,Night,77420.48
240706,161391,Housekeeping,Manager,Morning,148914.5
240707,161348,Maintenance,Associate,Morning,41723.36
240708,161276,Front Office,Executive,Morning,66618.19
240709,160064,Food & Beverage,Associate,Evening,108210.61
240710,160838,Sales,Technician,Morning,83729.86
240711,162000,Front Office,Technician,Morning,83014.53
240712,161012,Maintenance,Supervisor,Night,109063.95
240713,160603,Front Office,Supervisor,Evening,41462.88
240714,160794,Maintenance,Chef,Night,159267.13
240715,161993,Maintenance,Executive,Evening,24820.18
240716,161133,Front Office,Associate,Morning,113057.69
240717,161895,Maintenance,Technician,Evening,170325.62
240718,161364,Maintenance,Chef,Night,144950.57
240719,160726,Sales,Associate,Evening,47571.44
240720,160748,Front Office,Executive,Evening,50436.26
240721,161529,Sales,Executive,Night,139500.03
240722,161006,Sales,Manager,Morning,27591.11
240723,161452,Front Office,Executive,Morning,140011.13
240724,161022,Front Office,Associate,Evening,37031.18
240725,160116,Front Office,Chef,Night,174786.3
240726,160179,Front Office,Chef,Evening,129796.5
240727,160853,Housekeeping,Executive,Evening,18373.47
240728,160490,Sales,Manager,Evening,69542.85
240729,161200,Food & Beverage,Manager,Evening,34725.7
240730,160509,Food & Beverage,Manager,Morning,78204.99
240731,160907,Housekeeping,Chef,Morning,116272.85
240732,160337,Maintenance,Manager,Morning,63390.34
240733,161699,Maintenance,Chef,Morning,121380.3
240734,161351,Maintenance,Technician,Evening,137845.51
240735,161245,Food & Beverage,Supervisor,Morning,145518.15
240736,160581,Housekeeping,Executive,Morning,141300.19
240737,161448,Housekeeping,Technician,Morning,24920.23
240738,160865,Maintenance,Associate,Evening,52035.14
240739,160266,Sales,Manager,Night,120419.02
240740,160890,Front Office,Technician,Night,35928.52
240741,160679,Housekeeping,Executive,Night,119977.6
240742,160404,Maintenance,Associate,Evening,99459.13
240743,160524,Food & Beverage,Supervisor,Night,101173.47
240744,161094,Sales,Associate,Evening,75454.53
240745,160295,Front Office,Executive,Morning,128168.62
240746,160266,Housekeeping,Chef,Night,100191.15
240747,160103,Maintenance,Executive,Morning,122432.43
240748,160093,Housekeeping,Executive,Evening,125755.46
240749,160962,Food & Beverage,Manager,Night,88336.66
240750,161246,Sales,Technician,Night,26671.93
240751,161280,Housekeeping,Executive,Morning,86920.92
240752,161470,Sales,Chef,Evening,65520.03
240753,161484,Front Office,Manager,Morning,98130.32
240754,160748,Front Office,Manager,Night,68187.55
240755,160806,Housekeeping,Associate,Night,74323.97
240756,160267,Housekeeping,Chef,Night,55429.37
240757,160608,Maintenance,Technician,Night,46829.84
240758,161616,Sales,Chef,Night,118938.99
240759,160440,Front Office,Executive,Night,53434.88
240760,161612,Sales,Associate,Morning,29583.04
240761,160439,Maintenance,Executive,Evening,82118.28
240762,160441,Housekeeping,Executive,Morning,80742.72
240763,161685,Front Office,Executive,Evening,75779.4
240764,161062,Food & Beverage,Executive,Evening,129254.81
240765,161383,Food & Beverage,Manager,Evening,20260.75
240766,161478,Maintenance,Technician,Evening,170984.67
240767,160841,Maintenance,Technician,Night,134197.08
240768,161340,Sales,Technician,Morning,158832.11
240769,161371,Maintenance,Supervisor,Evening,48771.76
240770,161915,Housekeeping,Manager,Night,75790.57
240771,161086,Food & Beverage,Associate,Morning,78687.33
240772,160180,Maintenance,Chef,Night,74302.98
240773,160243,Sales,Supervisor,Night,34638.36
240774,160694,Front Office,Executive,Night,64928.94
240775,161223,Housekeeping,Chef,Morning,92727.25
240776,161042,Food & Beverage,Supervisor,Evening,127489.88
240777,160716,Housekeeping,Manager,Night,111814.88
240778,161536,Maintenance,Chef,Evening,116378.46
240779,160849,Front Office,Technician,Evening,134854.63
240780,160410,Front Office,Associate,Evening,59474.46
240781,160427,Sales,Associate,Night,175153.16
240782,161584,Food & Beverage,Supervisor,Evening,107781.76
240783,160381,Front Office,Executive,Evening,38677.05
240784,161398,Maintenance,Associate,Evening,38287.66
240785,160955,Front Office,Technician,Night,90850.98
240786,160838,Front Office,Technician,Morning,49056.39
240787,161187,Sales,Executive,Night,59230.24
240788,160756,Maintenance,Executive,Evening,135722.56
240789,160175,Food & Beverage,Chef,Morning,143281.3
240790,160731,Sales,Chef,Night,75540.21
240791,160961,Sales,Chef,Morning,119865.52
240792,161144,Housekeeping,Manager,Night,147642.17
240793,160645,Front Office,Supervisor,Night,117082.92
240794,160605,Sales,Associate,Morning,80831.83
240795,160862,Maintenance,Technician,Evening,171721.0
240796,161316,Maintenance,Chef,Night,95554.24
240797,160260,Maintenance,Executive,Evening,84350.35
240798,161852,Food & Beverage,Manager,Night,26175.56
240799,161462,Maintenance,Supervisor,Evening,87950.08
240800,161792,Front Office,Chef,Night,52101.58
240801,161502,Food & Beverage,Technician,Morning,33201.86
240802,161204,Housekeeping,Technician,Evening,64042.99
240803,160380,Housekeeping,Chef,Morning,137263.1
240804,160585,Sales,Technician,Evening,158342.84
240805,161525,Food & Beverage,Technician,Morning,121332.89
240806,160795,Food & Beverage,Technician,Evening,154581.89
240807,161296,Maintenance,Supervisor,Morning,90607.32
240808,160231,Front Office,Associate,Night,25123.94
240809,161223,Front Office,Technician,Evening,146741.19
240810,161747,Maintenance,Associate,Night,19050.13
240811,160518,Maintenance,Supervisor,Morning,96064.46
240812,161316,Food & Beverage,Chef,Evening,135752.78
240813,161513,Sales,Supervisor,Night,25703.46
240814,161288,Housekeeping,Manager,Evening,68437.48
240815,161395,Housekeeping,Technician,Evening,104597.41
240816,161817,Front Office,Technician,Morning,26020.25
240817,160011,Housekeeping,Associate,Night,146805.21
240818,160033,Housekeeping,Manager,Night,126319.79
240819,161011,Food & Beverage,Manager,Morning,179289.82
240820,160858,Housekeeping,Supervisor,Night,41460.94
240821,161397,Front Office,Chef,Morning,127799.32
240822,160628,Sales,Executive,Evening,167159.77
240823,161338,Housekeeping,Associate,Morning,65422.36
240824,161920,Housekeeping,Supervisor,Night,63330.67
240825,161346,Housekeeping,Associate,Night,142388.01
240826,161546,Housekeeping,Executive,Morning,52748.45
240827,160426,Food & Beverage,Associate,Night,23204.56
240828,160050,Front Office,Associate,Evening,28681.85
240829,160914,Front Office,Manager,Night,81317.46
240830,160852,Front Office,Technician,Evening,179502.3
240831,160653,Food & Beverage,Chef,Night,152153.03
240832,160349,Housekeeping,Associate,Night,137436.1
240833,161092,Food & Beverage,Executive,Night,56092.46
240834,160215,Sales,Associate,Morning,67462.81
240835,160499,Maintenance,Associate,Morning,114191.32
240836,161504,Sales,Associate,Morning,173042.93
240837,161246,Sales,Manager,Morning,33862.39
240838,160966,Maintenance,Technician,Evening,44571.4
240839,160514,Front Office,Executive,Night,118981.74
240840,160510,Maintenance,Associate,Evening,60367.58
240841,161482,Sales,Chef,Night,135119.17
240842,161616,Maintenance,Supervisor,Night,43312.66
240843,160805,Housekeeping,Associate,Evening,146897.84
240844,160855,Sales,Chef,Morning,111890.55
240845,161045,Food & Beverage,Manager,Morning,154945.22
240846,161680,Food & Beverage,Supervisor,Night,78722.09
240847,160693,Food & Beverage,Executive,Night,175313.36
240848,160266,Sales,Technician,Morning,34809.08
240849,161653,Housekeeping,Manager,Night,107786.96
240850,161877,Food & Beverage,Manager,Night,95279.83
240851,161070,Front Office,Technician,Evening,133668.7
240852,161777,Front Office,Chef,Evening,68948.0
240853,161144,Front Office,Technician,Evening,118572.75
240854,160640,Front Office,Chef,Morning,61747.95
240855,161797,Sales,Associate,Evening,157716.81
240856,160175,Housekeeping,Chef,Evening,172291.95
240857,161057,Maintenance,Chef,Morning,52215.73
240858,160925,Housekeeping,Technician,Evening,116609.61
240859,160106,Sales,Chef,Morning,37177.64
240860,160938,Food & Beverage,Manager,Morning,109690.17
240861,161198,Food & Beverage,Manager,Night,72956.91
240862,160214,Front Office,Chef,Morning,152833.33
240863,161934,Food & Beverage,Chef,Night,160138.96
240864,161995,Sales,Executive,Night,70627.71
240865,160524,Front Office,Manager,Morning,162283.96
240866,160357,Front Office,Associate,Night,86849.84
240867,161743,Housekeeping,Associate,Evening,63805.37
240868,160758,Front Office,Associate,Night,114535.63
240869,160160,Front Office,Executive,Morning,123561.2
240870,160147,Housekeeping,Chef,Evening,61976.57
240871,161922,Front Office,Chef,Morning,42535.89
240872,161186,Maintenance,Manager,Morning,78273.84
240873,161415,Sales,Supervisor,Evening,70014.15
240874,161725,Housekeeping,Technician,Night,102612.69
240875,161875,Front Office,Supervisor,Evening,109504.6
240876,160471,Food & Beverage,Supervisor,Morning,50649.89
240877,160951,Maintenance,Executive,Evening,156631.05
240878,160686,Front Office,Chef,Night,139393.0
240879,160533,Food & Beverage,Manager,Evening,161244.86
240880,161990,Housekeeping,Manager,Evening,73221.36
240881,160939,Food & Beverage,Technician,Morning,83350.39
240882,160032,Food & Beverage,Executive,Morning,103077.28
240883,161647,Housekeeping,Technician,Morning,39573.6
240884,160072,Housekeeping,Technician,Morning,115313.09
240885,160703,Food & Beverage,Technician,Night,23556.1
240886,161141,Sales,Technician,Night,72848.86
240887,161831,Maintenance,Technician,Evening,152074.21
240888,161498,Housekeeping,Technician,Morning,36721.34
240889,161552,Food & Beverage,Associate,Night,174390.02
240890,161793,Sales,Associate,Night,53283.29
240891,161357,Housekeeping,Supervisor,Morning,47309.45
240892,161189,Sales,Associate,Night,109325.35
240893,160827,Sales,Technician,Morning,33530.64
240894,160873,Housekeeping,Chef,Evening,32252.52
240895,161069,Housekeeping,Technician,Evening,63147.42
240896,160375,Sales,Technician,Evening,171424.71
240897,161215,Sales,Manager,Morning,156189.01
240898,161048,Food & Beverage,Executive,Night,67138.57
240899,161706,Housekeeping,Manager,Evening,56583.58
240900,161397,Front Office,Technician,Night,42462.64
240901,160310,Front Office,Associate,Morning,95510.28
240902,160867,Sales,Supervisor,Morning,108138.35
240903,160036,Food & Beverage,Supervisor,Morning,123200.61
240904,160579,Food & Beverage,Executive,Evening,154198.39
240905,160443,Food & Beverage,Technician,Night,20157.05
240906,160142,Sales,Supervisor,Morning,37724.65
240907,160822,Sales,Executive,Morning,138102.5
240908,161107,Food & Beverage,Chef,Evening,112992.16
240909,161515,Front Office,Executive,Morning,76453.04
240910,160338,Sales,Executive,Morning,94905.03
240911,160542,Maintenance,Associate,Night,21434.22
240912,161719,Maintenance,Technician,Morning,147467.7
240913,161049,Sales,Chef,Night,70229.21
240914,161954,Front Office,Supervisor,Night,148644.83
240915,160591,Sales,Chef,Night,122238.14
240916,161580,Front Office,Manager,Night,154528.42
240917,161066,Maintenance,Executive,Night,41963.54
240918,160923,Food & Beverage,Executive,Morning,49304.24
240919,160283,Maintenance,Executive,Evening,98994.11
240920,160256,Front Office,Chef,Morning,48206.11
240921,160554,Sales,Chef,Morning,22162.7
240922,160235,Food & Beverage,Associate,Evening,101255.79
240923,161848,Front Office,Manager,Morning,168368.5
240924,161774,Maintenance,Executive,Night,103623.69
240925,160140,Maintenance,Supervisor,Morning,172288.18
240926,161938,Sales,Executive,Evening,33657.08
240927,160195,Housekeeping,Supervisor,Night,109929.44
240928,160625,Maintenance,Associate,Night,133508.97
240929,160227,Food & Beverage,Executive,Night,88705.82
240930,160496,Front Office,Chef,Morning,164555.78
240931,160381,Housekeeping,Executive,Night,88395.8
240932,161199,Food & Beverage,Manager,Morning,171844.83
240933,161605,Sales,Associate,Night,94864.93
240934,160897,Front Office,Supervisor,Night,134779.38
240935,160061,Maintenance,Associate,Morning,19676.41
240936,161150,Front Office,Chef,Morning,22899.35
240937,160424,Housekeeping,Manager,Evening,165190.65
240938,161117,Maintenance,Executive,Evening,67027.94
240939,160508,Sales,Supervisor,Evening,104141.4
240940,160045,Maintenance,Supervisor,Evening,36810.16
240941,160379,Sales,Manager,Evening,141138.61
240942,161620,Housekeeping,Executive,Evening,128327.93
240943,160623,Front Office,Chef,Evening,39465.28
240944,161953,Housekeeping,Technician,Night,69290.42
240945,161015,Housekeeping,Executive,Evening,56182.12
240946,160224,Food & Beverage,Supervisor,Morning,150474.62
240947,161280,Food & Beverage,Manager,Morning,78389.79
240948,161138,Front Office,Technician,Morning,164752.72
240949,160387,Housekeeping,Supervisor,Morning,127702.41
240950,160366,Housekeeping,Manager,Morning,115017.67
240951,160383,Sales,Associate,Morning,103095.21
240952,160316,Sales,Chef,Evening,32755.4
240953,160232,Maintenance,Manager,Night,146544.58
240954,161505,Sales,Manager,Morning,92153.24
240955,160492,Food & Beverage,Associate,Night,116872.12
240956,161388,Food & Beverage,Associate,Morning,75561.63
240957,160413,Front Office,Supervisor,Night,49245.32
240958,161257,Housekeeping,Manager,Night,30885.16
240959,161869,Maintenance,Technician,Morning,52551.95
240960,161521,Food & Beverage,Supervisor,Morning,47034.83
240961,160362,Sales,Associate,Morning,77020.1
240962,160924,Food & Beverage,Associate,Morning,87117.43
240963,161799,Housekeeping,Technician,Night,174398.8
240964,160111,Housekeeping,Associate,Morning,49537.28
240965,161086,Front Office,Associate,Evening,176282.67
240966,161329,Housekeeping,Supervisor,Night,105506.9
240967,160101,Maintenance,Associate,Morning,28266.09
240968,161199,Food & Beverage,Executive,Night,105473.64
240969,161895,Front Office,Executive,Morning,168512.82
240970,161846,Maintenance,Manager,Evening,41845.2
240971,161381,Food & Beverage,Technician,Night,18036.82
240972,161402,Sales,Chef,Evening,137000.57
240973,161029,Sales,Manager,Evening,148100.86
240974,161830,Sales,Executive,Morning,23196.77
240975,160185,Sales,Executive,Morning,119078.02
240976,160995,Front Office,Supervisor,Evening,159321.68
240977,160787,Maintenance,Executive,Night,63292.93
240978,160800,Front Office,Manager,Evening,34345.17
240979,161689,Sales,Executive,Night,22854.19
240980,161535,Front Office,Chef,Evening,104732.08
240981,161692,Maintenance,Technician,Evening,179029.74
240982,161994,Maintenance,Supervisor,Evening,99651.95
240983,161570,Front Office,Executive,Evening,152707.01
240984,161573,Sales,Associate,Morning,118518.6
240985,160694,Housekeeping,Executive,Night,30026.33
240986,161923,Front Office,Technician,Morning,129092.44
240987,161019,Maintenance,Executive,Evening,32221.9
240988,161119,Food & Beverage,Executive,Night,68496.21
240989,160649,Housekeeping,Chef,Morning,126039.37
240990,160006,Housekeeping,Manager,Morning,119550.52
240991,161779,Sales,Chef,Night,40588.21
240992,160401,Sales,Supervisor,Morning,145223.38
240993,160084,Food & Beverage,Technician,Night,115504.16
240994,160777,Sales,Chef,Morning,128977.59
240995,161769,Maintenance,Technician,Evening,96971.41
240996,161755,Sales,Supervisor,Night,65808.39
240997,160120,Sales,Manager,Night,98252.7
240998,160516,Sales,Chef,Night,167354.37
240999,160270,Maintenance,Chef,Evening,23610.29
241000,161376,Housekeeping,Supervisor,Night,88471.34
241001,160933,Front Office,Associate,Night,54730.1
241002,161182,Sales,Manager,Night,168695.56
241003,160653,Sales,Manager,Morning,75579.1
241004,160551,Front Office,Manager,Night,162967.77
241005,160176,Sales,Supervisor,Evening,87466.47
241006,161687,Housekeeping,Executive,Morning,38056.45
241007,161434,Food & Beverage,Associate,Evening,82881.89
241008,161240,Food & Beverage,Supervisor,Night,43783.59
241009,160150,Housekeeping,Manager,Night,86446.32
241010,160604,Housekeeping,Chef,Evening,23860.4
241011,161385,Housekeeping,Supervisor,Night,22107.21
241012,161162,Food & Beverage,Chef,Morning,35668.49
241013,160510,Housekeeping,Technician,Evening,159644.28
241014,160251,Food & Beverage,Chef,Morning,155338.3
241015,160380,Housekeeping,Executive,Night,35042.91
241016,160938,Housekeeping,Supervisor,Morning,120378.85
241017,161912,Front Office,Technician,Morning,74214.47
241018,160392,Housekeeping,Chef,Evening,177672.01
241019,161572,Food & Beverage,Executive,Evening,64747.97
241020,161607,Maintenance,Associate,Evening,23342.31
241021,161966,Sales,Executive,Morning,116381.01
241022,160845,Sales,Associate,Morning,167883.62
241023,161821,Sales,Supervisor,Morning,74107.53
241024,160684,Maintenance,Associate,Morning,90030.28
241025,161238,Front Office,Chef,Morning,58401.93
241026,161158,Food & Beverage,Executive,Evening,122243.63
241027,160676,Front Office,Manager,Morning,160988.31
241028,161561,Maintenance,Executive,Night,115838.16
241029,161591,Housekeeping,Chef,Morning,50214.2
241030,160758,Food & Beverage,Technician,Morning,92594.66
241031,161745,Sales,Manager,Morning,177491.67
241032,161980,Housekeeping,Technician,Night,133066.04
241033,160549,Front Office,Executive,Morning,131438.62
241034,160178,Maintenance,Chef,Night,63040.69
241035,161807,Food & Beverage,Technician,Night,109356.4
241036,161102,Housekeeping,Chef,Morning,46437.82
241037,161788,Food & Beverage,Executive,Evening,171161.56
241038,160317,Food & Beverage,Chef,Morning,152718.7
241039,161863,Housekeeping,Chef,Night,94342.74
241040,161872,Sales,Supervisor,Morning,28289.76
241041,160447,Food & Beverage,Technician,Morning,120661.62
241042,160628,Food & Beverage,Supervisor,Morning,89835.06
241043,161575,Front Office,Associate,Night,90076.76
241044,160926,Food & Beverage,Technician,Morning,67737.15
241045,160157,Food & Beverage,Associate,Night,133193.1
241046,161790,Food & Beverage,Executive,Morning,18497.47
241047,160553,Food & Beverage,Manager,Morning,41793.59
241048,160486,Housekeeping,Associate,Morning,97184.81
241049,160165,Food & Beverage,Supervisor,Evening,45778.69
241050,161315,Food & Beverage,Executive,Night,41378.96
241051,160725,Sales,Supervisor,Evening,75948.14
241052,161436,Sales,Executive,Evening,31632.11
241053,160603,Housekeeping,Supervisor,Evening,111544.65
241054,161798,Sales,Supervisor,Night,148075.11
241055,160854,Maintenance,Chef,Evening,105556.34
241056,160923,Food & Beverage,Technician,Night,103326.64
241057,161252,Food & Beverage,Associate,Evening,167694.86
241058,160991,Food & Beverage,Manager,Morning,122945.29
241059,160227,Front Office,Executive,Night,173137.39
241060,160584,Food & Beverage,Executive,Morning,172330.52
241061,161126,Sales,Supervisor,Night,166694.78
241062,161585,Food & Beverage,Manager,Evening,156451.16
241063,160912,Maintenance,Manager,Night,56696.03
241064,160369,Front Office,Supervisor,Night,52302.4
241065,161487,Maintenance,Chef,Night,122781.88
241066,160512,Sales,Supervisor,Morning,129121.89
241067,161342,Food & Beverage,Executive,Night,53012.27
241068,161822,Sales,Executive,Night,19703.66
241069,160742,Food & Beverage,Executive,Evening,160423.42
241070,161418,Front Office,Technician,Evening,129679.18
241071,161165,Front Office,Executive,Morning,86003.2
241072,160394,Food & Beverage,Supervisor,Evening,53550.9
241073,161289,Food & Beverage,Supervisor,Night,120873.36
241074,161086,Food & Beverage,Technician,Morning,41928.7
241075,161491,Housekeeping,Executive,Night,56784.74
241076,160573,Front Office,Supervisor,Morning,54561.6
241077,161993,Food & Beverage,Technician,Morning,96741.61
241078,161412,Maintenance,Chef,Evening,134536.71
241079,160854,Housekeeping,Technician,Evening,47661.24
241080,160667,Food & Beverage,Chef,Evening,120283.33
241081,160813,Sales,Associate,Night,44705.75
241082,161269,Food & Beverage,Chef,Night,47655.91
241083,160736,Food & Beverage,Supervisor,Morning,59505.16
241084,160237,Maintenance,Technician,Morning,130385.65
241085,160209,Front Office,Associate,Morning,143680.3
241086,160835,Front Office,Technician,Night,50372.15
241087,161220,Housekeeping,Technician,Night,49465.33
241088,161390,Housekeeping,Chef,Evening,149436.22
241089,161837,Sales,Chef,Night,123534.19
241090,161181,Housekeeping,Manager,Night,110652.15
241091,161947,Maintenance,Manager,Evening,55173.96
241092,161043,Housekeeping,Associate,Morning,113929.99
241093,161681,Housekeeping,Supervisor,Evening,111464.95
241094,161825,Front Office,Associate,Evening,51155.45
241095,161435,Food & Beverage,Executive,Morning,168387.96
241096,161328,Housekeeping,Supervisor,Night,95198.94
241097,160174,Front Office,Associate,Night,62207.83
241098,160739,Food & Beverage,Associate,Night,162364.09
241099,160334,Sales,Chef,Morning,145659.22
241100,161007,Front Office,Manager,Morning,23496.23
241101,160959,Food & Beverage,Manager,Evening,125712.69
241102,160783,Housekeeping,Supervisor,Morning,109502.87
241103,160949,Sales,Associate,Evening,36839.73
241104,160437,Maintenance,Technician,Evening,154039.02
241105,161753,Front Office,Technician,Night,62268.08
241106,161417,Sales,Technician,Night,80925.21
241107,161094,Sales,Supervisor,Morning,39895.29
241108,160827,Sales,Supervisor,Morning,94192.47
241109,161185,Housekeeping,Supervisor,Evening,95331.24
241110,160072,Food & Beverage,Manager,Evening,129971.68
241111,161650,Maintenance,Supervisor,Evening,146129.16
241112,161377,Front Office,Executive,Night,66503.44
241113,160487,Food & Beverage,Associate,Morning,27597.71
241114,160699,Front Office,Manager,Morning,179843.82
241115,161788,Front Office,Supervisor,Morning,44507.92
241116,161214,Sales,Chef,Night,89401.28
241117,160022,Housekeeping,Chef,Night,157551.42
241118,161498,Housekeeping,Chef,Night,22132.78
241119,160829,Food & Beverage,Supervisor,Morning,80900.26
241120,160868,Housekeeping,Supervisor,Evening,69185.62
241121,161831,Sales,Technician,Night,54530.85
241122,161882,Food & Beverage,Supervisor,Morning,98965.57
241123,160553,Housekeeping,Manager,Morning,81396.59
241124,161804,Housekeeping,Technician,Evening,22779.07
241125,160366,Food & Beverage,Technician,Night,93226.83
241126,160960,Food & Beverage,Chef,Morning,89318.8
241127,160973,Front Office,Chef,Morning,46699.06
241128,160105,Housekeeping,Technician,Night,57016.88
241129,161381,Front Office,Supervisor,Evening,33060.79
241130,160775,Maintenance,Supervisor,Morning,174133.08
241131,161356,Front Office,Associate,Morning,176990.66
241132,161635,Housekeeping,Executive,Morning,44908.19
241133,161445,Front Office,Associate,Morning,171069.67
241134,160839,Food & Beverage,Technician,Morning,93526.93
241135,160600,Maintenance,Supervisor,Evening,90567.91
241136,161192,Housekeeping,Manager,Night,43770.81
241137,160740,Sales,Chef,Evening,128554.16
241138,160994,Maintenance,Supervisor,Evening,151054.86
241139,161434,Maintenance,Manager,Morning,52884.59
241140,160747,Food & Beverage,Supervisor,Evening,148480.56
241141,161249,Maintenance,Associate,Evening,157202.62
241142,161851,Food & Beverage,Executive,Evening,157857.02
241143,161022,Housekeeping,Executive,Morning,46297.47
241144,160930,Sales,Executive,Evening,140480.04
241145,161668,Food & Beverage,Associate,Morning,121045.55
241146,160096,Food & Beverage,Technician,Evening,125627.09
241147,161230,Housekeeping,Executive,Night,81133.04
241148,160155,Food & Beverage,Chef,Evening,126582.79
241149,161917,Front Office,Executive,Morning,53377.93
241150,161638,Sales,Technician,Night,66217.49
241151,161317,Food & Beverage,Executive,Evening,158257.89
241152,160952,Sales,Technician,Night,61489.34
241153,160520,Maintenance,Executive,Morning,73176.64
241154,161433,Food & Beverage,Supervisor,Morning,121357.22
241155,161072,Housekeeping,Manager,Morning,167032.54
241156,161272,Front Office,Associate,Evening,109368.73
241157,160844,Sales,Technician,Evening,116180.72
241158,161066,Front Office,Manager,Evening,32122.78
241159,160864,Maintenance,Technician,Morning,112034.94
241160,161694,Maintenance,Executive,Morning,139794.15
241161,161507,Maintenance,Executive,Evening,155785.77
241162,160317,Sales,Technician,Night,61673.14
241163,160514,Front Office,Manager,Morning,142501.58
241164,161143,Front Office,Executive,Night,144749.95
241165,160842,Maintenance,Technician,Night,122660.7
241166,160142,Maintenance,Supervisor,Night,173981.23
241167,161627,Front Office,Associate,Night,44897.16
241168,160545,Food & Beverage,Associate,Morning,36740.15
241169,160883,Housekeeping,Executive,Morning,91698.04
241170,160677,Front Office,Supervisor,Evening,139642.85
241171,160584,Housekeeping,Technician,Morning,69148.1
241172,161461,Front Office,Technician,Morning,178261.66
241173,160409,Sales,Executive,Evening,52060.08
241174,161262,Front Office,Chef,Night,103874.79
241175,161478,Front Office,Executive,Morning,54242.92
241176,161414,Sales,Supervisor,Evening,58566.28
241177,161562,Housekeeping,Executive,Evening,149592.09
241178,161261,Maintenance,Executive,Morning,39234.34
241179,161445,Housekeeping,Technician,Morning,125463.11
241180,160693,Sales,Technician,Night,151539.05
241181,161942,Maintenance,Chef,Night,136172.76
241182,160739,Front Office,Associate,Morning,161885.57
241183,160630,Housekeeping,Manager,Night,101942.6
241184,161771,Maintenance,Manager,Evening,175622.31
241185,160984,Sales,Technician,Evening,63135.02
241186,160684,Sales,Chef,Morning,82651.01
241187,161191,Food & Beverage,Supervisor,Night,138345.58
241188,161852,Sales,Technician,Morning,144800.92
241189,160834,Front Office,Chef,Evening,168320.14
241190,160447,Maintenance,Associate,Evening,57182.41
241191,161536,Sales,Supervisor,Evening,93833.12
241192,160136,Housekeeping,Associate,Night,88281.86
241193,160321,Food & Beverage,Supervisor,Night,52651.95
241194,160066,Maintenance,Manager,Night,172494.18
241195,160791,Maintenance,Manager,Night,38711.92
241196,161898,Front Office,Supervisor,Evening,114021.98
241197,160587,Maintenance,Manager,Evening,141335.46
241198,160205,Housekeeping,Associate,Night,45498.61
241199,161827,Housekeeping,Manager,Night,167159.47
241200,161509,Food & Beverage,Associate,Evening,110183.81
241201,160295,Maintenance,Technician,Evening,92562.36
241202,160431,Sales,Associate,Night,21418.86
241203,160321,Sales,Manager,Night,50055.58
241204,160461,Sales,Technician,Night,146074.47
241205,160532,Housekeeping,Technician,Evening,144625.41
241206,161364,Maintenance,Chef,Evening,129040.24
241207,161015,Housekeeping,Supervisor,Night,20199.81
241208,161562,Front Office,Executive,Night,61329.44
241209,160214,Maintenance,Chef,Night,60963.36
241210,161270,Sales,Associate,Morning,135228.79
241211,161329,Housekeeping,Associate,Night,34485.39
241212,161033,Housekeeping,Supervisor,Morning,24476.24
241213,160285,Food & Beverage,Chef,Evening,45547.93
241214,160212,Maintenance,Manager,Evening,145262.03
241215,160262,Sales,Technician,Night,96511.48
241216,160043,Food & Beverage,Chef,Morning,87824.88
241217,161402,Sales,Executive,Night,130495.94
241218,161630,Housekeeping,Supervisor,Night,54410.1
241219,160698,Front Office,Supervisor,Night,91092.1
241220,160245,Maintenance,Chef,Evening,173167.22
241221,161421,Maintenance,Supervisor,Morning,32464.72
241222,161525,Front Office,Manager,Morning,81481.36
241223,160780,Food & Beverage,Associate,Evening,66520.41
241224,161740,Maintenance,Manager,Evening,26265.94
241225,160841,Sales,Manager,Morning,122153.55
241226,161456,Sales,Associate,Evening,63523.35
241227,160411,Housekeeping,Technician,Evening,148886.54
241228,160437,Maintenance,Supervisor,Morning,111992.42
241229,161007,Sales,Technician,Evening,105026.4
241230,160422,Front Office,Chef,Night,120311.39
241231,160022,Food & Beverage,Chef,Evening,37701.07
241232,160647,Sales,Technician,Night,52330.34
241233,161450,Front Office,Manager,Night,51625.22
241234,160318,Front Office,Associate,Evening,112684.56
241235,160273,Housekeeping,Chef,Morning,133053.09
241236,161688,Food & Beverage,Technician,Evening,72956.34
241237,161574,Front Office,Technician,Night,20029.18
241238,161574,Housekeeping,Technician,Night,120865.71
241239,160296,Sales,Associate,Night,61262.21
241240,160414,Food & Beverage,Executive,Night,176785.8
241241,160614,Sales,Manager,Night,114789.95
241242,160668,Housekeeping,Associate,Morning,59981.41
241243,160487,Housekeeping,Manager,Night,81029.23
241244,161553,Housekeeping,Associate,Evening,46982.4
241245,161932,Housekeeping,Technician,Evening,96999.41
241246,160678,Maintenance,Manager,Night,175223.31
241247,161866,Maintenance,Executive,Morning,90864.23
241248,160242,Housekeeping,Manager,Morning,28891.02
241249,160791,Food & Beverage,Executive,Evening,111393.58
241250,160960,Maintenance,Executive,Morning,177908.45
241251,160573,Food & Beverage,Associate,Morning,179617.17
241252,160316,Maintenance,Manager,Night,143841.45
241253,161332,Maintenance,Associate,Evening,168571.75
241254,161873,Sales,Technician,Evening,147180.89
241255,161837,Maintenance,Executive,Evening,127213.93
241256,160695,Sales,Associate,Evening,130235.34
241257,160998,Maintenance,Manager,Night,101380.99
241258,161180,Food & Beverage,Manager,Morning,116334.7
241259,161827,Food & Beverage,Executive,Morning,40330.89
241260,160569,Housekeeping,Technician,Night,51992.54
241261,160962,Maintenance,Associate,Night,41840.27
241262,161571,Sales,Supervisor,Night,49833.91
241263,160101,Housekeeping,Associate,Morning,106882.96
241264,161351,Maintenance,Technician,Night,33883.46
241265,161767,Housekeeping,Executive,Morning,129002.2
241266,161381,Sales,Executive,Night,132243.16
241267,160567,Maintenance,Executive,Evening,35198.28
241268,160934,Maintenance,Chef,Morning,51556.11
241269,160598,Housekeeping,Chef,Evening,159892.16
241270,160790,Front Office,Chef,Night,146585.82
241271,160310,Front Office,Executive,Morning,23339.89
241272,161988,Sales,Technician,Evening,149514.36
241273,160447,Food & Beverage,Executive,Night,93781.58
241274,161890,Sales,Executive,Evening,146521.39
241275,160544,Food & Beverage,Technician,Evening,121466.31
241276,161458,Maintenance,Executive,Evening,96261.08
241277,160138,Food & Beverage,Chef,Evening,98781.62
241278,161407,Front Office,Manager,Morning,134658.73
241279,160943,Maintenance,Chef,Evening,171155.22
241280,160443,Front Office,Manager,Morning,121733.9
241281,161349,Sales,Supervisor,Night,22880.06
241282,161512,Food & Beverage,Technician,Morning,152330.46
241283,161785,Maintenance,Chef,Night,145690.34
241284,160832,Front Office,Chef,Morning,146165.86
241285,161528,Maintenance,Executive,Morning,162188.48
241286,160869,Food & Beverage,Chef,Evening,140552.37
241287,160741,Food & Beverage,Chef,Evening,19930.9
241288,160641,Sales,Associate,Morning,98730.53
241289,160537,Maintenance,Supervisor,Evening,175391.67
241290,160116,Maintenance,Executive,Evening,110364.84
241291,161708,Food & Beverage,Executive,Morning,89188.13
241292,161137,Housekeeping,Associate,Evening,168375.76
241293,160687,Sales,Executive,Evening,143748.61
241294,160165,Food & Beverage,Technician,Evening,143255.31
241295,161810,Front Office,Manager,Morning,112264.97
241296,160589,Maintenance,Associate,Night,51216.1
241297,161988,Housekeeping,Chef,Evening,94622.57
241298,160652,Maintenance,Supervisor,Evening,133743.52
241299,161756,Sales,Associate,Morning,41717.14
241300,160780,Food & Beverage,Chef,Morning,171562.21
241301,161689,Housekeeping,Executive,Morning,144984.24
241302,161488,Housekeeping,Manager,Evening,94813.33
241303,160456,Maintenance,Executive,Evening,74241.38
241304,161354,Food & Beverage,Chef,Evening,102319.21
241305,160889,Maintenance,Associate,Morning,35414.72
241306,160901,Maintenance,Manager,Evening,105170.35
241307,160565,Housekeeping,Supervisor,Night,67929.91
241308,160150,Maintenance,Manager,Evening,165979.36
241309,161958,Housekeeping,Associate,Night,22812.74
241310,160964,Front Office,Executive,Night,173315.19
241311,160251,Sales,Manager,Evening,62487.65
241312,160773,Sales,Associate,Night,48762.87
241313,161775,Front Office,Supervisor,Night,121478.43
241314,160971,Sales,Technician,Morning,134547.93
241315,160409,Food & Beverage,Manager,Night,54041.12
241316,161042,Front Office,Technician,Evening,86716.36
241317,160379,Front Office,Technician,Morning,171842.96
241318,160213,Food & Beverage,Chef,Evening,163727.95
241319,160637,Housekeeping,Technician,Evening,99557.28
241320,160518,Sales,Associate,Evening,36942.03
241321,161035,Food & Beverage,Manager,Morning,162439.15
241322,161799,Housekeeping,Supervisor,Night,100151.49
241323,161166,Front Office,Executive,Morning,26885.06
241324,160310,Maintenance,Supervisor,Evening,139899.72
241325,160025,Maintenance,Chef,Evening,140224.37
241326,161488,Maintenance,Technician,Morning,104074.25
241327,161746,Front Office,Executive,Night,64220.68
241328,161060,Food & Beverage,Associate,Morning,120049.38
241329,161331,Front Office,Manager,Evening,106069.87
241330,161166,Front Office,Manager,Evening,106043.7
241331,160356,Food & Beverage,Supervisor,Night,48030.65
241332,160115,Front Office,Supervisor,Evening,105514.59
241333,160071,Front Office,Supervisor,Morning,36651.99
241334,161356,Sales,Chef,Morning,61406.61
241335,160151,Front Office,Chef,Night,97372.9
241336,161261,Food & Beverage,Chef,Evening,72855.04
241337,160406,Housekeeping,Chef,Night,36348.13
241338,160973,Food & Beverage,Manager,Morning,128683.99
241339,161287,Maintenance,Manager,Night,128164.48
241340,160129,Front Office,Supervisor,Evening,82599.71
241341,160769,Food & Beverage,Executive,Night,72357.65
241342,160472,Sales,Supervisor,Night,138222.71
241343,160750,Sales,Supervisor,Night,48633.87
241344,160192,Housekeeping,Chef,Morning,85436.32
241345,161969,Sales,Associate,Morning,171068.35
241346,160791,Front Office,Supervisor,Night,34293.21
241347,161133,Maintenance,Chef,Evening,19854.97
241348,161989,Maintenance,Manager,Morning,150280.66
241349,161191,Sales,Manager,Evening,87710.2
241350,160403,Food & Beverage,Executive,Night,64589.81
241351,160640,Housekeeping,Technician,Night,39497.58
241352,161690,Food & Beverage,Associate,Evening,104896.23
241353,160600,Sales,Supervisor,Night,120785.02
241354,161881,Sales,Manager,Morning,143127.11
241355,161824,Maintenance,Technician,Evening,116039.82
241356,161477,Housekeeping,Manager,Night,106139.91
241357,161236,Sales,Supervisor,Evening,83149.55
241358,160001,Front Office,Technician,Evening,93936.93
241359,161366,Housekeeping,Chef,Morning,154578.8
241360,160062,Housekeeping,Manager,Night,151290.91
241361,160510,Sales,Manager,Night,48384.57
241362,160227,Front Office,Chef,Morning,43704.76
241363,161489,Food & Beverage,Executive,Evening,86582.79
241364,161080,Food & Beverage,Manager,Evening,170362.01
241365,161117,Maintenance,Manager,Night,144692.3
241366,160294,Sales,Associate,Evening,95633.06
241367,161619,Maintenance,Associate,Morning,29888.52
241368,161144,Maintenance,Executive,Night,116965.53
241369,160733,Housekeeping,Associate,Night,103268.23
241370,161303,Maintenance,Manager,Morning,125667.94
241371,160335,Front Office,Technician,Evening,175867.09
241372,160785,Food & Beverage,Chef,Morning,68272.78
241373,160952,Food & Beverage,Technician,Night,99203.19
241374,160178,Maintenance,Manager,Night,112036.13
241375,160171,Food & Beverage,Executive,Evening,18487.22
241376,160765,Housekeeping,Technician,Morning,157219.88
241377,160362,Front Office,Executive,Morning,163305.34
241378,161058,Housekeeping,Chef,Evening,74854.24
241379,160071,Housekeeping,Supervisor,Night,172424.27
241380,160848,Housekeeping,Executive,Night,153892.3
241381,161046,Sales,Associate,Morning,45210.74
241382,161012,Maintenance,Associate,Night,47973.63
241383,160987,Sales,Chef,Morning,50352.66
241384,160310,Food & Beverage,Supervisor,Night,153897.96
241385,160341,Front Office,Associate,Night,153449.88
241386,160955,Housekeeping,Executive,Evening,173450.35
241387,160504,Sales,Technician,Night,91036.64
241388,160178,Housekeeping,Supervisor,Night,97638.82
241389,160446,Front Office,Technician,Night,30173.89
241390,160587,Sales,Manager,Night,100069.99
241391,161139,Sales,Chef,Morning,86521.91
241392,161577,Food & Beverage,Chef,Morning,151455.4
241393,160299,Sales,Supervisor,Morning,48669.14
241394,160773,Maintenance,Chef,Night,19596.95
241395,161061,Food & Beverage,Associate,Evening,40534.11
241396,160723,Maintenance,Associate,Morning,79886.61
241397,160995,Maintenance,Supervisor,Evening,163908.47
241398,161322,Sales,Technician,Night,168411.14
241399,161265,Housekeeping,Chef,Morning,145603.77
241400,160402,Maintenance,Supervisor,Evening,127082.08
241401,160289,Housekeeping,Technician,Night,144256.13
241402,161183,Housekeeping,Chef,Morning,107853.22
241403,160923,Front Office,Supervisor,Evening,139581.55
241404,160768,Front Office,Manager,Evening,155977.51
241405,160045,Housekeeping,Technician,Night,87523.47
241406,161174,Maintenance,Manager,Morning,43204.04
241407,160663,Food & Beverage,Executive,Morning,142383.92
241408,160799,Maintenance,Chef,Night,37113.81
241409,161656,Maintenance,Associate,Evening,107432.37
241410,160295,Food & Beverage,Executive,Morning,162769.44
241411,160366,Maintenance,Chef,Morning,151914.24
241412,161879,Maintenance,Manager,Night,142544.44
241413,161088,Maintenance,Manager,Night,153805.02
241414,161023,Housekeeping,Chef,Evening,108242.51
241415,160797,Maintenance,Executive,Evening,102301.16
241416,161719,Housekeeping,Supervisor,Night,36211.74
241417,160752,Housekeeping,Supervisor,Morning,74839.01
241418,161275,Food & Beverage,Executive,Night,122468.02
241419,161881,Food & Beverage,Executive,Morning,51575.12
241420,160723,Maintenance,Manager,Night,171849.65
241421,160189,Housekeeping,Executive,Morning,170753.82
241422,160706,Food & Beverage,Associate,Evening,74721.09
241423,161096,Sales,Chef,Night,96822.77
241424,160976,Sales,Technician,Evening,132920.48
241425,160434,Sales,Executive,Morning,165106.8
241426,160127,Food & Beverage,Supervisor,Evening,123284.28
241427,160817,Sales,Executive,Morning,63767.26
241428,160336,Housekeeping,Chef,Morning,94183.79
241429,160553,Front Office,Executive,Evening,18583.5
241430,161022,Front Office,Associate,Morning,35787.98
241431,161763,Food & Beverage,Technician,Morning,59863.51
241432,160750,Front Office,Associate,Night,151388.13
241433,160858,Maintenance,Chef,Night,102186.74
241434,160633,Sales,Supervisor,Evening,23250.43
241435,161223,Housekeeping,Technician,Night,152325.29
241436,161456,Housekeeping,Supervisor,Evening,167297.11
241437,161837,Front Office,Chef,Evening,18516.97
241438,161966,Sales,Associate,Night,155325.6
241439,161807,Housekeeping,Associate,Morning,42032.85
241440,161659,Sales,Associate,Morning,148209.85
241441,161914,Front Office,Executive,Morning,50336.24
241442,160574,Front Office,Executive,Morning,96716.39
241443,160960,Maintenance,Supervisor,Evening,49104.34
241444,161902,Food & Beverage,Manager,Morning,37313.57
241445,161943,Front Office,Associate,Night,69615.28
241446,161015,Front Office,Executive,Night,39195.8
241447,161435,Front Office,Executive,Evening,102028.27
241448,160976,Food & Beverage,Technician,Evening,44069.19
241449,161060,Front Office,Associate,Evening,163443.94
241450,160337,Maintenance,Associate,Evening,91747.15
241451,161292,Front Office,Supervisor,Night,19269.95
241452,161811,Housekeeping,Supervisor,Morning,161846.04
241453,161958,Sales,Manager,Night,151966.14
241454,160086,Food & Beverage,Technician,Evening,148272.15
241455,161322,Food & Beverage,Technician,Evening,111604.43
241456,161073,Maintenance,Technician,Night,72170.51
241457,161380,Front Office,Chef,Evening,131464.1
241458,160810,Housekeeping,Technician,Morning,114361.97
241459,161655,Maintenance,Executive,Night,96386.27
241460,160086,Food & Beverage,Supervisor,Morning,77513.89
241461,160019,Maintenance,Supervisor,Morning,154263.18
241462,161179,Front Office,Technician,Night,22804.44
241463,160737,Housekeeping,Supervisor,Morning,77533.93
241464,160635,Sales,Chef,Morning,34840.69
241465,160225,Sales,Executive,Evening,59899.63
241466,160104,Front Office,Chef,Night,122309.71
241467,161719,Maintenance,Technician,Evening,93416.18
241468,160479,Maintenance,Manager,Night,33833.62
241469,160895,Food & Beverage,Technician,Night,174430.48
241470,160279,Food & Beverage,Manager,Night,169376.47
241471,161279,Front Office,Supervisor,Morning,144607.24
241472,160978,Housekeeping,Manager,Night,51524.89
241473,161892,Front Office,Chef,Night,47821.59
241474,161238,Front Office,Executive,Morning,173823.31
241475,161747,Maintenance,Associate,Night,171577.07
241476,160765,Maintenance,Associate,Night,51620.81
241477,161335,Food & Beverage,Chef,Evening,22775.41
241478,160039,Maintenance,Associate,Night,57588.51
241479,161759,Housekeeping,Technician,Evening,41397.28
241480,160592,Maintenance,Manager,Morning,163566.79
241481,160554,Food & Beverage,Associate,Evening,151487.62
241482,160479,Food & Beverage,Executive,Night,145187.07
241483,161099,Food & Beverage,Manager,Night,62866.21
241484,160664,Sales,Supervisor,Night,88359.75
241485,160536,Housekeeping,Associate,Evening,93517.47
241486,161687,Sales,Associate,Evening,55223.13
241487,161634,Housekeeping,Supervisor,Morning,158761.79
241488,161196,Housekeeping,Technician,Night,165051.4
241489,161069,Food & Beverage,Associate,Evening,176524.64
241490,161093,Maintenance,Associate,Evening,69778.46
241491,161246,Maintenance,Technician,Evening,143814.06
241492,160570,Front Office,Technician,Morning,170764.69
241493,160778,Sales,Supervisor,Morning,63861.33
241494,160311,Housekeeping,Manager,Morning,22831.68
241495,160872,Maintenance,Technician,Evening,119700.36
241496,161828,Maintenance,Executive,Evening,71811.86
241497,160180,Sales,Technician,Night,129213.45
241498,161521,Front Office,Supervisor,Morning,87358.37
241499,160749,Food & Beverage,Technician,Morning,175912.63
241500,161048,Front Office,Executive,Night,33084.38
241501,161998,Sales,Executive,Night,110308.37
241502,161324,Housekeeping,Associate,Night,58106.64
241503,161564,Housekeeping,Supervisor,Evening,116858.95
241504,161094,Maintenance,Chef,Morning,179738.8
241505,160194,Sales,Manager,Evening,92067.81
241506,161149,Food & Beverage,Supervisor,Morning,132387.17
241507,161951,Maintenance,Executive,Evening,116199.15
241508,160442,Sales,Manager,Evening,60163.92
241509,160926,Housekeeping,Manager,Evening,51349.42
241510,160768,Maintenance,Associate,Morning,132314.43
241511,161776,Food & Beverage,Supervisor,Night,109096.3
241512,160640,Maintenance,Chef,Night,138079.53
241513,161556,Housekeeping,Manager,Evening,55587.58
241514,160717,Food & Beverage,Associate,Morning,22059.9
241515,160766,Maintenance,Executive,Evening,90634.64
241516,161478,Maintenance,Supervisor,Evening,32688.07
241517,160614,Front Office,Supervisor,Morning,147091.77
241518,161963,Front Office,Associate,Morning,81562.32
241519,160895,Maintenance,Associate,Morning,151796.38
241520,160290,Sales,Supervisor,Evening,65661.19
241521,161720,Housekeeping,Associate,Morning,24179.26
241522,161744,Housekeeping,Chef,Evening,43198.19
241523,160704,Sales,Supervisor,Night,100356.36
241524,161356,Sales,Chef,Night,55880.77
241525,160692,Maintenance,Manager,Night,144257.02
241526,161878,Front Office,Supervisor,Night,105323.6
241527,160402,Front Office,Technician,Evening,54161.93
241528,161796,Food & Beverage,Chef,Night,122069.34
241529,161435,Food & Beverage,Manager,Night,138920.19
241530,161235,Food & Beverage,Supervisor,Morning,165009.62
241531,160183,Food & Beverage,Technician,Evening,175015.72
241532,161565,Housekeeping,Associate,Night,29862.8
241533,160358,Sales,Technician,Night,137163.56
241534,160803,Front Office,Chef,Morning,55333.34
241535,160940,Maintenance,Supervisor,Morning,72779.65
241536,161285,Housekeeping,Supervisor,Morning,175058.84
241537,161301,Housekeeping,Technician,Night,149513.3
241538,160494,Maintenance,Manager,Evening,56867.53
241539,160201,Food & Beverage,Supervisor,Night,84713.95
241540,160476,Housekeeping,Associate,Evening,128998.17
241541,161582,Housekeeping,Chef,Evening,170038.8
241542,160108,Sales,Manager,Night,105274.59
241543,161509,Maintenance,Associate,Evening,19108.72
241544,160052,Sales,Executive,Evening,50137.34
241545,160559,Maintenance,Executive,Morning,73363.96
241546,161035,Maintenance,Associate,Night,112726.88
241547,161345,Sales,Technician,Evening,146537.87
241548,160313,Food & Beverage,Chef,Evening,142423.87
241549,160984,Maintenance,Chef,Morning,152174.75
241550,160019,Food & Beverage,Supervisor,Night,93086.16
241551,160656,Maintenance,Manager,Morning,49144.65
241552,161943,Sales,Supervisor,Morning,63165.5
241553,161179,Sales,Technician,Morning,134413.4
241554,160419,Front Office,Associate,Night,29073.52
241555,161492,Maintenance,Supervisor,Night,124476.13
241556,160962,Front Office,Supervisor,Morning,35990.69
241557,160128,Sales,Executive,Morning,166294.04
241558,161239,Sales,Associate,Morning,143669.44
241559,161110,Maintenance,Chef,Evening,77694.03
241560,160007,Housekeeping,Manager,Evening,46799.76
241561,160002,Sales,Manager,Evening,152451.78
241562,160506,Sales,Manager,Morning,80341.04
241563,161723,Front Office,Chef,Evening,167277.85
241564,160314,Food & Beverage,Supervisor,Night,121943.12
241565,161158,Maintenance,Chef,Night,139700.66
241566,161651,Maintenance,Manager,Night,47514.16
241567,160775,Housekeeping,Chef,Evening,129274.4
241568,161274,Front Office,Associate,Morning,57608.2
241569,161189,Housekeeping,Executive,Evening,167349.22
241570,160011,Housekeeping,Chef,Evening,43537.22
241571,160850,Food & Beverage,Manager,Morning,100152.91
241572,160530,Sales,Manager,Night,69647.4
241573,160780,Housekeeping,Supervisor,Morning,76328.64
241574,161865,Sales,Associate,Evening,157675.69
241575,161525,Sales,Technician,Night,64137.0
241576,160985,Front Office,Associate,Evening,98007.06
241577,160070,Housekeeping,Chef,Evening,176862.84
241578,161646,Sales,Associate,Evening,37074.67
241579,160269,Housekeeping,Chef,Night,93919.82
241580,160908,Front Office,Associate,Morning,109243.95
241581,160214,Housekeeping,Chef,Night,51405.09
241582,161869,Front Office,Executive,Night,133261.1
241583,161068,Sales,Chef,Morning,109055.1
241584,161743,Housekeeping,Technician,Morning,61826.37
241585,160959,Sales,Associate,Evening,35282.78
241586,161039,Front Office,Executive,Night,164664.74
241587,160605,Front Office,Technician,Morning,127078.22
241588,161320,Food & Beverage,Executive,Evening,77279.77
241589,161693,Front Office,Chef,Morning,162391.6
241590,160344,Food & Beverage,Supervisor,Night,80558.48
241591,160650,Sales,Chef,Morning,167476.36
241592,161739,Housekeeping,Associate,Evening,27797.12
241593,161480,Maintenance,Supervisor,Morning,167785.71
241594,160576,Housekeeping,Manager,Morning,104412.97
241595,160168,Sales,Executive,Evening,19469.46
241596,161782,Front Office,Supervisor,Night,19326.17
241597,161129,Food & Beverage,Executive,Evening,114090.97
241598,160996,Sales,Manager,Morning,117026.1
241599,161072,Sales,Manager,Evening,158772.93
241600,160488,Sales,Executive,Evening,117636.91
241601,160785,Front Office,Executive,Night,123829.47
241602,161747,Maintenance,Technician,Night,175286.64
241603,160347,Maintenance,Chef,Evening,110471.02
241604,161878,Maintenance,Supervisor,Evening,40804.35
241605,161640,Sales,Chef,Evening,90344.48
241606,160498,Housekeeping,Technician,Night,43788.71
241607,160269,Housekeeping,Supervisor,Night,159037.85
241608,161123,Food & Beverage,Technician,Night,26463.71
241609,160756,Sales,Technician,Evening,86160.61
241610,160076,Food & Beverage,Associate,Night,147214.6
241611,161073,Housekeeping,Associate,Morning,179058.02
241612,161562,Food & Beverage,Executive,Morning,99948.41
241613,160383,Front Office,Technician,Night,168516.76
241614,161655,Maintenance,Technician,Night,94254.16
241615,161348,Maintenance,Technician,Night,30766.44
241616,160865,Front Office,Chef,Evening,27368.83
241617,160094,Sales,Supervisor,Night,35257.65
241618,160755,Front Office,Technician,Evening,131550.23
241619,160968,Food & Beverage,Executive,Night,157801.21
241620,160811,Front Office,Manager,Evening,141349.49
241621,160484,Housekeeping,Executive,Evening,78403.63
241622,160096,Housekeeping,Technician,Night,171940.7
241623,160259,Housekeeping,Supervisor,Morning,101432.39
241624,160917,Food & Beverage,Technician,Morning,148377.88
241625,160514,Maintenance,Chef,Morning,131910.31
241626,160416,Housekeeping,Executive,Night,76336.73
241627,160545,Housekeeping,Associate,Evening,67496.73
241628,160916,Housekeeping,Supervisor,Morning,156784.85
241629,160456,Housekeeping,Manager,Evening,60801.57
241630,161083,Sales,Manager,Morning,167183.73
241631,160292,Front Office,Supervisor,Night,57004.03
241632,161979,Maintenance,Manager,Evening,111468.08
241633,161581,Front Office,Supervisor,Night,163361.73
241634,161244,Housekeeping,Manager,Night,80651.42
241635,161282,Housekeeping,Executive,Night,160487.5
241636,161241,Front Office,Manager,Evening,25298.97
241637,160174,Food & Beverage,Technician,Night,107580.4
241638,160343,Food & Beverage,Supervisor,Morning,172697.69
241639,160354,Food & Beverage,Manager,Evening,78940.87
241640,161163,Sales,Executive,Night,42684.83
241641,160470,Maintenance,Supervisor,Evening,46175.86
241642,161778,Food & Beverage,Manager,Evening,34273.33
241643,160297,Housekeeping,Associate,Morning,23170.13
241644,161755,Food & Beverage,Technician,Evening,111151.57
241645,161617,Front Office,Supervisor,Evening,46311.05
241646,161677,Maintenance,Supervisor,Night,56360.23
241647,161177,Front Office,Chef,Morning,21666.69
241648,160017,Food & Beverage,Manager,Morning,51703.37
241649,161900,Front Office,Chef,Night,26552.86
241650,160013,Food & Beverage,Supervisor,Morning,156743.03
241651,160264,Sales,Manager,Evening,81839.22
241652,161242,Maintenance,Associate,Evening,138962.13
241653,160816,Food & Beverage,Manager,Night,148099.96
241654,160851,Housekeeping,Manager,Evening,39694.46
241655,161148,Sales,Executive,Night,109034.32
241656,160878,Housekeeping,Chef,Night,61233.84
241657,161415,Housekeeping,Executive,Morning,152171.34
241658,161100,Housekeeping,Manager,Evening,75256.86
241659,160455,Food & Beverage,Associate,Evening,166362.0
241660,160436,Sales,Executive,Evening,129958.27
241661,161227,Front Office,Executive,Evening,93660.63
241662,161209,Sales,Executive,Evening,31837.04
241663,160437,Sales,Manager,Night,143584.72
241664,161842,Maintenance,Technician,Night,33272.03
241665,161805,Maintenance,Executive,Night,65977.05
241666,161576,Housekeeping,Associate,Night,114904.73
241667,160030,Front Office,Chef,Evening,150289.5
241668,160607,Maintenance,Executive,Morning,171593.63
241669,160723,Housekeeping,Chef,Night,111499.54
241670,160762,Maintenance,Associate,Evening,97365.57
241671,160902,Housekeeping,Associate,Evening,59983.25
241672,160258,Front Office,Technician,Night,143128.94
241673,160313,Front Office,Manager,Evening,117396.62
241674,161792,Housekeeping,Technician,Night,97636.28
241675,161749,Food & Beverage,Associate,Evening,129013.56
241676,161327,Maintenance,Executive,Morning,56416.42
241677,161875,Maintenance,Technician,Morning,90593.2
241678,161868,Maintenance,Supervisor,Evening,121551.23
241679,161192,Food & Beverage,Technician,Night,48673.18
241680,160996,Sales,Supervisor,Evening,97224.46
241681,161749,Housekeeping,Supervisor,Morning,32046.76
241682,161889,Food & Beverage,Chef,Night,165791.89
241683,161503,Sales,Technician,Morning,130768.31
241684,160657,Housekeeping,Associate,Morning,27103.14
241685,161321,Front Office,Technician,Evening,71925.44
241686,161382,Housekeeping,Associate,Evening,90421.49
241687,161962,Front Office,Chef,Morning,69649.26
241688,160432,Housekeeping,Chef,Evening,77716.78
241689,161168,Housekeeping,Manager,Night,131315.52
241690,161940,Sales,Associate,Morning,30385.2
241691,160786,Housekeeping,Executive,Evening,168860.2
241692,161336,Food & Beverage,Executive,Night,165324.27
241693,160061,Front Office,Manager,Morning,90586.12
241694,161680,Food & Beverage,Manager,Evening,26886.44
241695,160578,Housekeeping,Executive,Night,75292.06
241696,160388,Sales,Associate,Morning,40301.04
241697,160496,Food & Beverage,Associate,Night,75601.04
241698,161414,Maintenance,Supervisor,Night,112287.41
241699,161688,Front Office,Technician,Night,154976.66
241700,160023,Front Office,Supervisor,Morning,161167.49
241701,160566,Maintenance,Associate,Night,24061.9
241702,160467,Food & Beverage,Associate,Night,91784.29
241703,160666,Sales,Associate,Evening,89885.54
241704,160077,Housekeeping,Technician,Morning,52431.51
241705,160389,Front Office,Supervisor,Evening,47929.16
241706,160965,Sales,Technician,Evening,93476.48
241707,160201,Food & Beverage,Chef,Evening,154976.94
241708,160795,Front Office,Manager,Night,31233.68
241709,160910,Sales,Manager,Night,105232.04
241710,161752,Front Office,Manager,Morning,79780.97
241711,160758,Food & Beverage,Associate,Evening,75604.31
241712,161869,Housekeeping,Supervisor,Morning,143529.84
241713,160688,Maintenance,Executive,Night,139382.77
241714,161760,Housekeeping,Supervisor,Night,173621.61
241715,160071,Maintenance,Chef,Evening,176910.16
241716,161875,Food & Beverage,Associate,Morning,94033.28
241717,160001,Food & Beverage,Technician,Morning,161750.35
241718,161492,Sales,Supervisor,Night,162895.09
241719,160595,Food & Beverage,Supervisor,Evening,178420.92
241720,160569,Front Office,Supervisor,Evening,130668.09
241721,160359,Food & Beverage,Manager,Night,175921.76
241722,160253,Front Office,Technician,Evening,146975.36
241723,161365,Housekeeping,Executive,Morning,156989.0
241724,161732,Sales,Technician,Morning,58415.46
241725,161074,Housekeeping,Executive,Night,72228.09
241726,161161,Housekeeping,Manager,Morning,162865.82
241727,161172,Maintenance,Technician,Evening,60471.96
241728,160905,Sales,Supervisor,Evening,146990.15
241729,160653,Sales,Executive,Morning,35661.81
241730,161257,Front Office,Supervisor,Evening,48828.28
241731,161084,Housekeeping,Executive,Morning,117918.25
241732,160158,Sales,Executive,Morning,144712.65
241733,161953,Front Office,Technician,Night,83031.63
241734,161947,Sales,Technician,Night,173420.43
241735,160086,Front Office,Supervisor,Evening,74312.06
241736,160217,Food & Beverage,Technician,Night,72882.99
241737,161876,Housekeeping,Manager,Morning,91928.8
241738,160639,Front Office,Supervisor,Morning,23907.98
241739,160551,Front Office,Manager,Night,82226.08
241740,160752,Front Office,Associate,Night,86920.59
241741,160568,Housekeeping,Executive,Morning,141736.98
241742,161832,Housekeeping,Technician,Night,40944.76
241743,161112,Sales,Technician,Evening,20032.05
241744,160673,Sales,Associate,Night,140167.78
241745,161226,Maintenance,Chef,Morning,177690.71
241746,160023,Housekeeping,Chef,Night,84013.29
241747,160887,Maintenance,Technician,Morning,48623.44
241748,161210,Housekeeping,Associate,Night,22125.56
241749,161925,Housekeeping,Chef,Evening,55775.75
241750,161246,Maintenance,Executive,Night,100742.88
241751,161778,Front Office,Supervisor,Morning,44564.56
241752,161536,Front Office,Associate,Evening,32006.01
241753,160326,Housekeeping,Executive,Night,59464.36
241754,160290,Food & Beverage,Manager,Night,147007.08
241755,161424,Housekeeping,Associate,Evening,31442.19
241756,160096,Food & Beverage,Associate,Morning,97525.48
241757,161298,Maintenance,Chef,Evening,173230.1
241758,160663,Sales,Chef,Morning,55823.5
241759,161240,Maintenance,Manager,Evening,171960.86
241760,161566,Food & Beverage,Technician,Morning,73253.65
241761,161760,Maintenance,Technician,Evening,104058.97
241762,161852,Housekeeping,Manager,Morning,21221.27
241763,161903,Front Office,Associate,Night,128460.57
241764,160500,Housekeeping,Associate,Morning,20169.71
241765,161964,Maintenance,Manager,Morning,22347.41
241766,161076,Sales,Supervisor,Morning,149002.58
241767,161053,Front Office,Supervisor,Evening,131881.0
241768,160102,Maintenance,Supervisor,Morning,179671.3
241769,161127,Housekeeping,Manager,Evening,112300.41
241770,161661,Front Office,Supervisor,Morning,173680.86
241771,161340,Sales,Executive,Evening,84115.84
241772,161061,Maintenance,Technician,Morning,65992.96
241773,161317,Housekeeping,Manager,Night,51529.29
241774,161308,Maintenance,Executive,Evening,68357.57
241775,160004,Front Office,Associate,Evening,170613.68
241776,160900,Front Office,Supervisor,Night,110538.65
241777,161000,Front Office,Supervisor,Evening,63606.53
241778,160989,Food & Beverage,Manager,Night,117927.03
241779,161610,Sales,Chef,Night,104559.34
241780,160217,Housekeeping,Supervisor,Morning,108703.52
241781,160180,Front Office,Executive,Night,161690.14
241782,160400,Front Office,Executive,Night,121736.32
241783,160650,Maintenance,Chef,Evening,68417.53
241784,161925,Front Office,Supervisor,Night,97331.75
241785,161967,Housekeeping,Associate,Morning,166206.47
241786,161130,Food & Beverage,Associate,Morning,88179.45
241787,160454,Housekeeping,Manager,Evening,144956.34
241788,160891,Housekeeping,Associate,Night,86110.0
241789,161322,Food & Beverage,Supervisor,Night,86082.55
241790,160637,Food & Beverage,Manager,Morning,169300.43
241791,160790,Maintenance,Manager,Evening,36711.92
241792,161597,Housekeeping,Supervisor,Evening,155944.55
241793,161689,Front Office,Associate,Evening,20276.36
241794,160405,Maintenance,Technician,Evening,35257.17
241795,160353,Housekeeping,Associate,Morning,136709.53
241796,160051,Sales,Technician,Night,33461.36
241797,160572,Sales,Manager,Evening,77639.15
241798,160111,Maintenance,Technician,Morning,154675.45
241799,160298,Food & Beverage,Manager,Morning,150095.17
241800,160349,Front Office,Manager,Evening,79225.06
241801,161346,Front Office,Manager,Evening,151447.42
241802,160606,Food & Beverage,Executive,Evening,57043.39
241803,160138,Maintenance,Supervisor,Night,119872.98
241804,161913,Sales,Associate,Morning,39371.33
241805,161433,Front Office,Technician,Morning,115593.71
241806,161187,Front Office,Technician,Morning,74646.47
241807,161532,Food & Beverage,Chef,Night,102176.27
241808,161476,Housekeeping,Manager,Evening,107150.27
241809,161570,Maintenance,Chef,Evening,129692.24
241810,160046,Housekeeping,Supervisor,Morning,44992.16
241811,161058,Housekeeping,Executive,Night,156446.67
241812,161707,Food & Beverage,Supervisor,Evening,80773.8
241813,161598,Sales,Manager,Evening,162957.67
241814,161762,Housekeeping,Supervisor,Morning,127943.02
241815,160377,Housekeeping,Associate,Morning,153240.35
241816,160866,Maintenance,Executive,Morning,151387.8
241817,161306,Maintenance,Supervisor,Morning,25112.84
241818,160123,Maintenance,Associate,Morning,39760.91
241819,160604,Housekeeping,Manager,Morning,122309.35
241820,161438,Front Office,Chef,Evening,108061.36
241821,160108,Front Office,Executive,Evening,101567.53
241822,161858,Food & Beverage,Associate,Night,139137.95
241823,161355,Sales,Chef,Night,93592.3
241824,160126,Front Office,Executive,Evening,155483.52
241825,160067,Food & Beverage,Executive,Morning,138606.66
241826,160121,Food & Beverage,Executive,Morning,106673.22
241827,161837,Food & Beverage,Executive,Evening,118907.0
241828,160781,Housekeeping,Associate,Evening,73066.59
241829,160842,Housekeeping,Manager,Night,134161.41
241830,161965,Housekeeping,Manager,Evening,165064.63
241831,160714,Food & Beverage,Associate,Morning,106232.84
241832,161363,Maintenance,Associate,Night,165521.14
241833,161313,Housekeeping,Supervisor,Night,49791.74
241834,161676,Sales,Executive,Morning,162534.88
241835,161852,Housekeeping,Manager,Evening,109824.69
241836,161656,Housekeeping,Executive,Evening,155576.69
241837,161361,Housekeeping,Executive,Morning,130152.65
241838,161712,Sales,Associate,Morning,139227.4
241839,161833,Maintenance,Manager,Night,153247.29
241840,160432,Food & Beverage,Supervisor,Evening,95604.83
241841,161429,Front Office,Technician,Night,84676.19
241842,160697,Maintenance,Manager,Evening,93134.7
241843,161420,Front Office,Manager,Night,112990.45
241844,161555,Housekeeping,Associate,Morning,166285.7
241845,161858,Sales,Technician,Morning,38087.56
241846,161471,Housekeeping,Manager,Evening,144559.29
241847,160880,Housekeeping,Manager,Night,94147.31
241848,161998,Maintenance,Manager,Night,95443.01
241849,161635,Maintenance,Chef,Morning,124755.18
241850,160063,Sales,Supervisor,Evening,149174.53
241851,160956,Front Office,Technician,Morning,29179.05
241852,161556,Front Office,Technician,Night,55103.3
241853,161982,Housekeeping,Supervisor,Night,134751.45
241854,161019,Food & Beverage,Manager,Night,42718.39
241855,161163,Food & Beverage,Manager,Morning,123562.78
241856,160519,Front Office,Chef,Night,106293.23
241857,161704,Front Office,Technician,Morning,52693.89
241858,161115,Front Office,Associate,Morning,99711.11
241859,161526,Housekeeping,Supervisor,Night,139867.58
241860,160923,Housekeeping,Associate,Evening,132916.82
241861,161739,Sales,Associate,Evening,112906.12
241862,160218,Front Office,Chef,Morning,19281.33
241863,161235,Front Office,Associate,Morning,112136.87
241864,160069,Maintenance,Supervisor,Evening,89020.5
241865,161981,Maintenance,Chef,Night,32833.64
241866,161026,Maintenance,Associate,Morning,87602.42
241867,160280,Maintenance,Technician,Evening,49354.24
241868,160379,Front Office,Manager,Evening,66562.68
241869,161682,Sales,Supervisor,Morning,138827.56
241870,160459,Sales,Technician,Night,111935.83
241871,160487,Maintenance,Executive,Evening,104153.3
241872,161177,Front Office,Manager,Evening,37304.35
241873,161100,Sales,Associate,Night,161815.75
241874,160778,Sales,Technician,Night,144437.24
241875,161717,Maintenance,Chef,Morning,23902.56
241876,161101,Front Office,Manager,Morning,160424.76
241877,161206,Food & Beverage,Technician,Night,101286.19
241878,160205,Front Office,Technician,Evening,164886.74
241879,160867,Housekeeping,Associate,Morning,152396.38
241880,160970,Maintenance,Manager,Evening,39110.46
241881,161225,Maintenance,Technician,Night,39234.51
241882,161844,Sales,Supervisor,Morning,111166.56
241883,161528,Housekeeping,Chef,Morning,156122.1
241884,161869,Sales,Technician,Evening,37616.71
241885,161190,Front Office,Manager,Evening,178250.98
241886,161289,Food & Beverage,Supervisor,Morning,122831.71
241887,161016,Housekeeping,Manager,Night,144116.06
241888,160004,Maintenance,Executive,Evening,32239.82
241889,161638,Maintenance,Supervisor,Night,69942.03
241890,160975,Food & Beverage,Associate,Morning,127773.2
241891,161538,Front Office,Manager,Night,91797.96
241892,160473,Sales,Chef,Evening,142070.08
241893,160831,Housekeeping,Executive,Night,159681.22
241894,160427,Maintenance,Supervisor,Evening,85705.83
241895,160323,Front Office,Supervisor,Evening,160886.07
241896,160773,Housekeeping,Chef,Morning,137803.37
241897,160736,Sales,Technician,Evening,49944.47
241898,161757,Food & Beverage,Manager,Evening,74958.08
241899,160990,Housekeeping,Manager,Evening,26095.76
241900,160594,Front Office,Supervisor,Evening,117812.16
241901,160710,Maintenance,Chef,Evening,93049.79
241902,160709,Sales,Supervisor,Morning,136304.89
241903,160642,Front Office,Associate,Evening,165552.88
241904,160941,Food & Beverage,Supervisor,Morning,144979.44
241905,161839,Maintenance,Supervisor,Morning,101824.09
241906,161197,Front Office,Manager,Morning,157783.25
241907,161496,Food & Beverage,Associate,Evening,107314.44
241908,161109,Housekeeping,Manager,Evening,108637.2
241909,160429,Maintenance,Technician,Night,107539.55
241910,161260,Front Office,Executive,Night,66548.78
241911,161428,Maintenance,Manager,Evening,174878.36
241912,161253,Food & Beverage,Executive,Morning,86720.83
241913,161349,Food & Beverage,Manager,Night,22396.03
241914,161754,Food & Beverage,Supervisor,Morning,145534.59
241915,161314,Front Office,Supervisor,Evening,69738.54
241916,161952,Housekeeping,Manager,Night,164825.12
241917,160076,Housekeeping,Supervisor,Night,24735.01
241918,160464,Sales,Chef,Morning,99278.96
241919,160660,Housekeeping,Chef,Evening,100866.18
241920,161740,Maintenance,Technician,Night,121933.73
241921,160926,Sales,Supervisor,Night,167046.85
241922,161956,Sales,Supervisor,Morning,144216.47
241923,161181,Front Office,Technician,Night,45970.37
241924,161802,Maintenance,Technician,Night,25176.68
241925,160949,Housekeeping,Chef,Morning,102068.34
241926,161283,Housekeeping,Associate,Evening,28370.69
241927,161301,Housekeeping,Technician,Morning,94913.13
241928,161021,Front Office,Supervisor,Evening,135010.4
241929,161806,Maintenance,Chef,Morning,58860.37
241930,161856,Maintenance,Associate,Night,141997.81
241931,160108,Front Office,Supervisor,Morning,123568.02
241932,160248,Housekeeping,Supervisor,Night,73503.6
241933,160593,Maintenance,Executive,Night,145511.03
241934,161162,Food & Beverage,Associate,Morning,118557.65
241935,161276,Food & Beverage,Executive,Night,72491.71
241936,161512,Maintenance,Associate,Evening,63644.79
241937,161668,Housekeeping,Supervisor,Evening,157428.44
241938,160763,Sales,Executive,Morning,35750.68
241939,161071,Maintenance,Executive,Night,19679.87
241940,160239,Maintenance,Supervisor,Morning,155371.82
241941,161909,Maintenance,Executive,Night,38373.93
241942,161462,Front Office,Associate,Morning,20154.61
241943,160250,Front Office,Chef,Evening,141563.4
241944,161661,Front Office,Technician,Evening,133798.53
241945,160166,Housekeeping,Associate,Night,141636.95
241946,161581,Front Office,Supervisor,Evening,172090.2
241947,160191,Housekeeping,Executive,Evening,31154.92
241948,161983,Sales,Executive,Night,79461.05
241949,160251,Food & Beverage,Supervisor,Morning,30769.61
241950,160737,Housekeeping,Manager,Morning,132024.69
241951,160779,Maintenance,Supervisor,Evening,142987.11
241952,160085,Food & Beverage,Executive,Morning,118462.7
241953,160679,Front Office,Supervisor,Evening,20630.48
241954,160422,Front Office,Chef,Night,143687.99
241955,160795,Front Office,Chef,Morning,62153.05
241956,160606,Maintenance,Executive,Evening,139639.86
241957,160898,Maintenance,Executive,Night,166834.17
241958,161838,Sales,Executive,Morning,86570.52
241959,160509,Sales,Supervisor,Night,109637.77
241960,161125,Sales,Supervisor,Night,94115.61
241961,161967,Front Office,Technician,Evening,160296.56
241962,161361,Front Office,Executive,Night,21240.42
241963,161686,Maintenance,Supervisor,Night,60923.23
241964,160422,Food & Beverage,Associate,Evening,55252.31
241965,160958,Housekeeping,Technician,Evening,151706.13
241966,161369,Housekeeping,Associate,Morning,48179.48
241967,160235,Food & Beverage,Chef,Morning,147151.51
241968,161064,Sales,Manager,Morning,178035.5
241969,160437,Sales,Supervisor,Evening,94536.27
241970,161215,Sales,Supervisor,Evening,72571.89
241971,161101,Maintenance,Manager,Morning,128642.13
241972,160201,Sales,Supervisor,Night,106245.89
241973,160416,Maintenance,Associate,Evening,61659.07
241974,161686,Sales,Manager,Night,55467.17
241975,161684,Food & Beverage,Technician,Morning,60809.33
241976,161572,Food & Beverage,Executive,Evening,170152.41
241977,160807,Maintenance,Supervisor,Night,154041.96
241978,160092,Housekeeping,Manager,Night,68894.86
241979,161943,Food & Beverage,Executive,Night,54971.46
241980,160820,Maintenance,Executive,Night,75314.68
241981,161001,Housekeeping,Technician,Night,64890.45
241982,160763,Maintenance,Supervisor,Evening,96270.33
241983,160503,Front Office,Associate,Morning,65581.15
241984,160324,Housekeeping,Chef,Morning,153615.34
241985,161344,Maintenance,Executive,Morning,103457.38
241986,161655,Food & Beverage,Associate,Evening,65802.64
241987,161423,Front Office,Executive,Evening,88349.83
241988,160842,Food & Beverage,Manager,Evening,146197.98
241989,160901,Front Office,Chef,Night,37779.59
241990,161033,Housekeeping,Chef,Night,152434.59
241991,160965,Sales,Technician,Night,51093.75
241992,160571,Housekeeping,Technician,Evening,172851.82
241993,160732,Food & Beverage,Chef,Morning,144712.38
241994,161380,Sales,Associate,Night,77514.61
241995,160632,Front Office,Supervisor,Evening,34511.8
241996,160896,Sales,Executive,Evening,53289.95
241997,160326,Food & Beverage,Chef,Morning,148424.07
241998,161967,Food & Beverage,Executive,Evening,42879.26
241999,161797,Front Office,Associate,Evening,26895.05
242000,160311,Front Office,Supervisor,Evening,99718.19
242001,161214,Sales,Technician,Morning,46920.81
242002,161862,Front Office,Associate,Morning,49507.56
242003,160454,Housekeeping,Chef,Evening,53734.71
242004,161806,Maintenance,Associate,Morning,86614.3
242005,160464,Maintenance,Manager,Evening,90081.79
242006,160089,Sales,Technician,Night,116447.62
242007,160653,Housekeeping,Technician,Evening,171517.27
242008,160327,Housekeeping,Technician,Morning,139426.76
242009,161234,Maintenance,Chef,Evening,99207.14
242010,160115,Front Office,Supervisor,Morning,94518.47
242011,161894,Housekeeping,Technician,Morning,99218.05
242012,160583,Food & Beverage,Manager,Night,103470.11
242013,160335,Housekeeping,Supervisor,Evening,168751.02
242014,161390,Maintenance,Executive,Night,84568.32
242015,160417,Maintenance,Executive,Evening,130419.92
242016,161396,Housekeeping,Technician,Night,172952.66
242017,161504,Sales,Executive,Morning,23661.38
242018,160749,Sales,Manager,Morning,169650.03
242019,161231,Maintenance,Executive,Morning,34980.41
242020,160156,Maintenance,Manager,Evening,153571.14
242021,160414,Sales,Supervisor,Night,54876.58
242022,161619,Housekeeping,Chef,Evening,70531.02
242023,161297,Housekeeping,Chef,Evening,114200.48
242024,161380,Food & Beverage,Supervisor,Morning,25279.08
242025,161165,Front Office,Associate,Evening,61296.46
242026,161940,Maintenance,Technician,Evening,115756.57
242027,160556,Maintenance,Manager,Evening,161086.85
242028,160626,Sales,Chef,Morning,151875.56
242029,161849,Food & Beverage,Executive,Morning,68659.02
242030,160582,Sales,Associate,Morning,27469.43
242031,161554,Sales,Supervisor,Evening,149364.07
242032,161625,Front Office,Executive,Evening,141586.45
242033,161739,Front Office,Executive,Morning,173506.26
242034,161142,Food & Beverage,Supervisor,Night,134755.57
242035,160512,Front Office,Chef,Evening,141094.16
242036,161563,Sales,Supervisor,Night,64435.53
242037,160110,Maintenance,Supervisor,Night,134116.1
242038,161714,Sales,Executive,Evening,67471.97
242039,161960,Housekeeping,Manager,Morning,145326.85
242040,161895,Food & Beverage,Supervisor,Evening,74192.45
242041,160686,Food & Beverage,Associate,Morning,96561.58
242042,161155,Food & Beverage,Technician,Evening,26452.88
242043,160623,Sales,Technician,Night,166846.8
242044,161924,Sales,Executive,Morning,172614.37
242045,161518,Food & Beverage,Technician,Evening,41640.52
242046,161935,Maintenance,Associate,Morning,176692.62
242047,161309,Sales,Associate,Morning,85119.23
242048,160818,Food & Beverage,Supervisor,Evening,101420.08
242049,160556,Sales,Manager,Night,152949.85
242050,160432,Front Office,Technician,Evening,153417.95
242051,161945,Sales,Technician,Morning,153664.52
242052,160693,Sales,Manager,Night,70302.39
242053,160445,Housekeeping,Executive,Night,166878.71
242054,160555,Sales,Technician,Evening,116438.61
242055,161900,Maintenance,Chef,Night,123361.45
242056,161361,Sales,Executive,Morning,48155.43
242057,161453,Maintenance,Associate,Evening,114685.91
242058,161901,Maintenance,Technician,Night,79181.71
242059,161395,Sales,Supervisor,Night,25491.8
242060,161793,Sales,Executive,Night,77968.28
242061,161184,Housekeeping,Manager,Night,148241.09
242062,161590,Sales,Supervisor,Morning,124960.97
242063,161949,Food & Beverage,Executive,Morning,165401.24
242064,160531,Sales,Associate,Morning,126865.22
242065,161723,Sales,Supervisor,Night,74313.65
242066,160472,Housekeeping,Technician,Morning,47527.53
242067,160243,Front Office,Associate,Evening,91703.97
242068,160348,Front Office,Chef,Morning,57965.79
242069,161435,Maintenance,Chef,Morning,120676.67
242070,161596,Sales,Manager,Morning,115056.4
242071,161460,Food & Beverage,Manager,Night,19178.22
242072,160190,Sales,Manager,Night,162080.85
242073,160095,Housekeeping,Technician,Night,107809.88
242074,160812,Front Office,Chef,Morning,35500.84
242075,160970,Sales,Technician,Night,55029.41
242076,160758,Maintenance,Associate,Evening,128435.31
242077,161331,Housekeeping,Executive,Morning,141230.53
242078,160064,Maintenance,Technician,Morning,43372.0
242079,160767,Sales,Technician,Morning,64685.89
242080,161203,Front Office,Chef,Night,48567.51
242081,160069,Food & Beverage,Chef,Morning,135708.85
242082,160768,Housekeeping,Supervisor,Night,152012.78
242083,160934,Maintenance,Supervisor,Night,99039.42
242084,161596,Sales,Manager,Night,108939.51
242085,161405,Sales,Supervisor,Night,119592.58
242086,161973,Maintenance,Technician,Evening,137168.45
242087,160727,Housekeeping,Executive,Evening,103758.45
242088,160171,Front Office,Executive,Morning,139511.76
242089,161084,Housekeeping,Manager,Evening,144481.0
242090,160415,Sales,Technician,Night,72338.49
242091,160682,Front Office,Associate,Night,69303.6
242092,161777,Maintenance,Chef,Evening,84148.41
242093,160046,Maintenance,Chef,Night,61197.71
242094,160535,Food & Beverage,Executive,Night,149254.37
242095,160696,Food & Beverage,Technician,Evening,98844.95
242096,160845,Food & Beverage,Executive,Night,152231.68
242097,161170,Sales,Supervisor,Morning,141980.08
242098,161946,Front Office,Chef,Night,119040.85
242099,161213,Housekeeping,Executive,Evening,97234.5
242100,161498,Housekeeping,Technician,Evening,130033.45
242101,160028,Food & Beverage,Manager,Morning,108108.79
242102,161016,Food & Beverage,Technician,Morning,111915.2
242103,161909,Sales,Manager,Evening,20685.02
242104,160179,Front Office,Executive,Evening,46688.17
242105,161761,Food & Beverage,Technician,Night,121644.76
242106,161579,Food & Beverage,Chef,Night,121676.19
242107,160155,Sales,Chef,Morning,98777.16
242108,161742,Housekeeping,Associate,Evening,39044.85
242109,161929,Housekeeping,Supervisor,Morning,141917.66
242110,161191,Sales,Supervisor,Morning,153252.95
242111,161815,Maintenance,Technician,Evening,54046.05
242112,161051,Front Office,Technician,Morning,75010.29
242113,160699,Housekeeping,Associate,Evening,19598.33
242114,161842,Food & Beverage,Supervisor,Night,32631.79
242115,160918,Front Office,Chef,Morning,100952.62
242116,160663,Maintenance,Executive,Night,164208.93
242117,161902,Front Office,Supervisor,Night,162731.81
242118,160680,Front Office,Chef,Night,131474.5
242119,161315,Sales,Chef,Night,59008.37
242120,160389,Housekeeping,Chef,Morning,124625.03
242121,160139,Food & Beverage,Chef,Evening,106988.81
242122,160804,Front Office,Supervisor,Night,30030.07
242123,160936,Maintenance,Associate,Night,45583.03
242124,161023,Food & Beverage,Chef,Night,138440.58
242125,160041,Food & Beverage,Associate,Morning,174130.47
242126,160460,Sales,Chef,Night,146915.15
242127,160597,Food & Beverage,Associate,Morning,178935.35
242128,160058,Housekeeping,Manager,Night,115386.65
242129,160136,Food & Beverage,Technician,Morning,31457.38
242130,161943,Sales,Associate,Evening,145141.4
242131,161348,Food & Beverage,Manager,Morning,92475.99
242132,160875,Housekeeping,Chef,Evening,78822.94
242133,161831,Maintenance,Executive,Morning,76159.08
242134,160996,Sales,Associate,Morning,37523.6
242135,161897,Front Office,Technician,Night,86173.58
242136,161832,Sales,Associate,Evening,39860.37
242137,160373,Front Office,Executive,Evening,36684.12
242138,160487,Front Office,Supervisor,Evening,88324.9
242139,161552,Food & Beverage,Chef,Evening,105465.25
242140,161638,Maintenance,Technician,Night,47234.44
242141,161720,Maintenance,Supervisor,Night,31285.13
242142,160958,Maintenance,Supervisor,Morning,71217.8
242143,160445,Front Office,Manager,Night,30422.32
242144,161810,Front Office,Chef,Evening,146160.09
242145,161857,Maintenance,Technician,Evening,96240.41
242146,160607,Sales,Manager,Evening,114674.83
242147,160361,Food & Beverage,Chef,Morning,123652.74
242148,160881,Maintenance,Associate,Evening,122740.62
242149,161029,Maintenance,Manager,Night,43602.06
242150,161629,Food & Beverage,Associate,Night,146573.96
242151,161703,Food & Beverage,Technician,Night,79699.37
242152,160256,Housekeeping,Supervisor,Evening,132244.85
242153,161119,Front Office,Chef,Morning,102772.73
242154,160098,Housekeeping,Supervisor,Morning,168541.07
242155,161071,Housekeeping,Manager,Evening,139156.76
242156,161626,Maintenance,Associate,Evening,146338.97
242157,160354,Sales,Manager,Evening,125121.22
242158,161111,Housekeeping,Technician,Morning,168054.3
242159,161008,Sales,Executive,Morning,122801.08
242160,160118,Front Office,Associate,Morning,113186.06
242161,161596,Housekeeping,Associate,Morning,85506.63
242162,161427,Food & Beverage,Associate,Night,85250.96
242163,160058,Sales,Supervisor,Night,89667.14
242164,161639,Front Office,Associate,Evening,79661.45
242165,161894,Food & Beverage,Technician,Morning,153047.75
242166,160562,Food & Beverage,Executive,Evening,66054.06
242167,160426,Sales,Supervisor,Night,152512.46
242168,161530,Housekeeping,Executive,Morning,155930.31
242169,160759,Housekeeping,Supervisor,Evening,31397.17
242170,160421,Housekeeping,Chef,Evening,45854.4
242171,161165,Housekeeping,Supervisor,Night,34370.81
242172,160952,Maintenance,Chef,Morning,153191.72
242173,161974,Front Office,Associate,Night,129642.51
242174,160402,Housekeeping,Supervisor,Evening,129144.75
242175,160083,Housekeeping,Chef,Night,75726.27
242176,160434,Sales,Technician,Night,126107.8
242177,161985,Food & Beverage,Executive,Morning,143862.45
242178,161084,Maintenance,Technician,Night,37238.51
242179,161184,Maintenance,Technician,Evening,136985.14
242180,161024,Food & Beverage,Associate,Night,33226.92
242181,161779,Front Office,Associate,Night,54727.88
242182,161465,Food & Beverage,Supervisor,Evening,130156.27
242183,161723,Front Office,Supervisor,Evening,142787.42
242184,161919,Housekeeping,Manager,Evening,172900.67
242185,161803,Front Office,Technician,Night,73959.6
242186,160293,Food & Beverage,Technician,Night,41073.1
242187,160894,Front Office,Chef,Evening,66354.72
242188,160208,Front Office,Executive,Morning,31261.91
242189,160638,Housekeeping,Manager,Evening,68025.42
242190,161340,Food & Beverage,Technician,Night,78409.47
242191,161524,Front Office,Chef,Night,75944.22
242192,160692,Maintenance,Manager,Evening,172648.21
242193,160870,Food & Beverage,Executive,Morning,25681.49
242194,161510,Sales,Executive,Morning,55499.4
242195,161284,Food & Beverage,Executive,Morning,126196.6
242196,161481,Sales,Supervisor,Morning,49211.82
242197,160183,Sales,Chef,Evening,61003.78
242198,161081,Food & Beverage,Associate,Night,59499.71
242199,161046,Front Office,Executive,Night,104930.88
242200,160635,Sales,Associate,Evening,35693.29
242201,160068,Front Office,Manager,Morning,38539.03
242202,160463,Housekeeping,Associate,Morning,95924.77
242203,161627,Maintenance,Executive,Morning,59556.57
242204,160738,Sales,Manager,Morning,84626.87
242205,161234,Food & Beverage,Manager,Morning,57581.83
242206,160482,Front Office,Executive,Night,23567.71
242207,160034,Food & Beverage,Executive,Night,84810.79
242208,161166,Maintenance,Supervisor,Morning,165781.11
242209,161203,Sales,Executive,Evening,179202.56
242210,160596,Sales,Technician,Morning,30515.98
242211,160605,Maintenance,Manager,Evening,58596.12
242212,161603,Front Office,Executive,Night,85457.46
242213,160933,Front Office,Technician,Night,54083.55
242214,161874,Maintenance,Chef,Morning,91241.46
242215,160553,Front Office,Manager,Morning,122346.44
242216,160707,Food & Beverage,Technician,Evening,64117.96
242217,160094,Sales,Manager,Night,29153.78
242218,160273,Front Office,Chef,Night,159127.13
242219,160659,Housekeeping,Manager,Morning,97328.08
242220,161953,Housekeeping,Executive,Morning,99575.29
242221,160572,Food & Beverage,Chef,Evening,45576.28
242222,160177,Maintenance,Executive,Morning,98665.73
242223,160882,Food & Beverage,Associate,Evening,144194.04
242224,161650,Sales,Technician,Night,77337.58
242225,161697,Sales,Chef,Morning,20655.55
242226,161881,Front Office,Associate,Morning,93911.88
242227,161148,Sales,Associate,Morning,126343.38
242228,160684,Front Office,Executive,Night,98568.58
242229,161457,Front Office,Chef,Morning,48616.69
242230,160081,Food & Beverage,Chef,Morning,137364.34
242231,160588,Sales,Chef,Night,84128.13
242232,161120,Sales,Executive,Evening,34364.91
242233,160841,Food & Beverage,Manager,Morning,44564.02
242234,161679,Food & Beverage,Associate,Evening,141875.83
242235,161688,Housekeeping,Associate,Night,109254.06
242236,161775,Sales,Executive,Night,151248.38
242237,160100,Maintenance,Executive,Evening,75589.46
242238,161776,Food & Beverage,Supervisor,Evening,28918.44
242239,161384,Food & Beverage,Executive,Morning,37139.34
242240,161125,Housekeeping,Technician,Night,128389.67
242241,161783,Maintenance,Technician,Night,97008.78
242242,161125,Food & Beverage,Supervisor,Night,173183.42
242243,160878,Housekeeping,Supervisor,Night,74884.61
242244,161031,Front Office,Technician,Morning,27180.38
242245,161470,Housekeeping,Chef,Evening,49840.24
242246,160894,Food & Beverage,Associate,Night,137002.99
242247,161962,Housekeeping,Associate,Evening,86504.32
242248,161836,Maintenance,Executive,Morning,65412.13
242249,161660,Food & Beverage,Executive,Night,133064.17
242250,160480,Housekeeping,Chef,Morning,145512.24
242251,160074,Sales,Supervisor,Morning,67099.47
242252,161274,Maintenance,Executive,Morning,25420.9
242253,160710,Food & Beverage,Manager,Evening,39287.85
242254,160646,Maintenance,Manager,Evening,178153.21
242255,160268,Front Office,Manager,Morning,22503.2
242256,160170,Front Office,Executive,Morning,106775.22
242257,161916,Front Office,Executive,Morning,145325.97
242258,160401,Housekeeping,Technician,Night,37197.96
242259,160832,Maintenance,Executive,Evening,34538.47
242260,161267,Front Office,Executive,Night,30634.45
242261,160939,Food & Beverage,Associate,Night,46445.67
242262,160572,Front Office,Associate,Morning,38307.75
242263,161535,Housekeeping,Executive,Evening,115559.72
242264,160281,Housekeeping,Manager,Night,59458.57
242265,161976,Front Office,Manager,Evening,140402.25
242266,161742,Sales,Executive,Evening,128509.82
242267,161398,Sales,Chef,Morning,25482.74
242268,161927,Sales,Associate,Night,55220.03
242269,160074,Maintenance,Associate,Night,175709.57
242270,160442,Food & Beverage,Associate,Evening,69642.33
242271,161703,Front Office,Supervisor,Morning,172647.79
242272,161279,Maintenance,Executive,Evening,145876.58
242273,161488,Sales,Manager,Evening,152760.1
242274,161078,Housekeeping,Manager,Morning,153735.78
242275,161724,Sales,Technician,Evening,50622.72
242276,160909,Maintenance,Associate,Morning,159267.14
242277,160223,Front Office,Technician,Evening,30397.85
242278,161604,Food & Beverage,Chef,Night,97670.4
242279,160941,Front Office,Manager,Morning,155161.62
242280,161793,Front Office,Executive,Morning,88987.93
242281,161435,Maintenance,Manager,Morning,27218.8
242282,160267,Sales,Manager,Evening,60689.62
242283,160249,Food & Beverage,Manager,Morning,94457.39
242284,160408,Front Office,Manager,Evening,32703.45
242285,161838,Sales,Technician,Morning,31066.55
242286,160242,Front Office,Supervisor,Morning,130906.72
242287,160924,Housekeeping,Technician,Morning,155344.69
242288,160759,Food & Beverage,Associate,Evening,160721.6
242289,160541,Front Office,Technician,Night,84990.29
242290,161257,Housekeeping,Technician,Night,85296.17
242291,160453,Sales,Technician,Morning,141056.25
242292,160048,Sales,Manager,Evening,125779.93
242293,161652,Front Office,Supervisor,Evening,138736.75
242294,160054,Front Office,Supervisor,Evening,76185.96
242295,160401,Food & Beverage,Supervisor,Evening,106985.69
242296,160185,Maintenance,Technician,Evening,143619.05
242297,160192,Sales,Chef,Evening,124316.58
242298,161151,Food & Beverage,Associate,Morning,103094.14
242299,161361,Housekeeping,Manager,Evening,48632.26
242300,160447,Front Office,Executive,Night,146339.45
242301,161000,Front Office,Executive,Evening,30422.87
242302,161001,Maintenance,Technician,Night,90140.37
242303,160752,Sales,Associate,Night,142420.68
242304,161480,Sales,Supervisor,Evening,81722.56
242305,161119,Food & Beverage,Associate,Night,38288.89
242306,161343,Food & Beverage,Manager,Night,121757.19
242307,160506,Sales,Technician,Morning,86778.95
242308,160042,Sales,Supervisor,Morning,46406.46
242309,160062,Housekeeping,Executive,Evening,172337.1
242310,161705,Sales,Manager,Evening,139146.88
242311,160610,Front Office,Associate,Night,94053.62
242312,161285,Housekeeping,Technician,Morning,51872.96
242313,161705,Front Office,Associate,Night,79522.39
242314,160112,Maintenance,Executive,Morning,168613.87
242315,160450,Food & Beverage,Supervisor,Evening,31049.16
242316,160009,Front Office,Chef,Evening,162038.73
242317,160860,Food & Beverage,Supervisor,Night,159447.89
242318,161425,Front Office,Technician,Evening,106912.37
242319,161061,Sales,Associate,Evening,109682.9
242320,160106,Housekeeping,Executive,Morning,158871.82
242321,160839,Sales,Supervisor,Morning,26141.24
242322,160640,Sales,Technician,Morning,26531.42
242323,161607,Food & Beverage,Manager,Morning,171111.37
242324,160032,Food & Beverage,Executive,Morning,119347.39
242325,160371,Food & Beverage,Associate,Evening,129805.98
242326,161087,Maintenance,Manager,Night,130807.58
242327,160657,Front Office,Associate,Morning,62839.48
242328,161202,Front Office,Chef,Morning,113378.78
242329,161756,Food & Beverage,Manager,Night,94072.71
242330,160235,Front Office,Chef,Night,140095.83
242331,161331,Sales,Supervisor,Night,23155.42
242332,161704,Front Office,Manager,Night,21490.37
242333,161394,Sales,Supervisor,Morning,76144.36
242334,160823,Front Office,Manager,Night,74673.73
242335,161814,Food & Beverage,Associate,Night,179304.6
242336,160664,Front Office,Technician,Night,149881.12
242337,161053,Front Office,Executive,Evening,131291.99
242338,160983,Front Office,Executive,Evening,137727.66
242339,160573,Sales,Technician,Night,67751.83
242340,161626,Housekeeping,Chef,Night,27005.8
242341,160334,Front Office,Technician,Evening,148595.05
242342,160744,Sales,Executive,Night,104795.2
242343,160665,Maintenance,Manager,Night,24408.68
242344,160209,Sales,Manager,Night,43615.45
242345,161811,Front Office,Executive,Night,75990.04
242346,161744,Housekeeping,Associate,Evening,42099.83
242347,160261,Maintenance,Supervisor,Evening,89960.68
242348,160585,Sales,Supervisor,Evening,88979.3
242349,161749,Front Office,Manager,Night,83207.68
242350,161840,Food & Beverage,Supervisor,Evening,58375.1
242351,161421,Food & Beverage,Technician,Night,74235.76
242352,160074,Food & Beverage,Chef,Evening,127498.96
242353,160870,Housekeeping,Technician,Night,94219.58
242354,161405,Maintenance,Chef,Night,158411.9
242355,161976,Sales,Associate,Evening,142030.27
242356,161785,Maintenance,Executive,Evening,141108.21
242357,160354,Sales,Associate,Night,95781.23
242358,160356,Sales,Executive,Morning,72884.47
242359,161391,Front Office,Technician,Evening,177677.09
242360,161889,Maintenance,Technician,Morning,164472.67
242361,161069,Food & Beverage,Executive,Morning,152975.66
242362,161786,Sales,Technician,Night,173908.82
242363,161963,Sales,Associate,Morning,91622.71
242364,161302,Food & Beverage,Supervisor,Night,25675.21
242365,161607,Maintenance,Manager,Morning,153892.7
242366,160029,Housekeeping,Executive,Morning,124974.65
242367,161255,Sales,Executive,Night,52748.12
242368,161944,Front Office,Chef,Evening,74324.8
242369,161817,Front Office,Technician,Night,49479.52
242370,160768,Housekeeping,Chef,Evening,146549.39
242371,160353,Food & Beverage,Executive,Night,176242.24
242372,160332,Food & Beverage,Associate,Morning,77623.3
242373,160066,Front Office,Associate,Morning,24794.26
242374,161449,Sales,Technician,Night,77811.24
242375,160416,Housekeeping,Chef,Evening,98839.49
242376,160483,Sales,Chef,Night,99071.7
242377,161296,Food & Beverage,Supervisor,Night,82783.69
242378,160526,Front Office,Executive,Evening,72279.12
242379,161715,Sales,Technician,Evening,77328.67
242380,160726,Housekeeping,Technician,Morning,119421.13
242381,161456,Front Office,Associate,Evening,110666.18
242382,160660,Food & Beverage,Chef,Night,45572.86
242383,161964,Front Office,Associate,Evening,110449.52
242384,161552,Food & Beverage,Technician,Evening,99225.9
242385,160011,Food & Beverage,Associate,Evening,43766.13
242386,161975,Maintenance,Manager,Morning,147743.08
242387,161352,Sales,Executive,Morning,55334.52
242388,160973,Maintenance,Manager,Evening,18928.82
242389,160651,Front Office,Chef,Evening,53442.47
242390,161646,Food & Beverage,Chef,Evening,160552.48
242391,161573,Front Office,Executive,Night,33812.34
242392,161446,Front Office,Associate,Evening,139395.42
242393,160064,Food & Beverage,Technician,Night,81837.69
242394,160632,Front Office,Supervisor,Night,34534.61
242395,160520,Sales,Supervisor,Night,80329.49
242396,161077,Maintenance,Technician,Morning,24317.42
242397,160359,Sales,Executive,Night,93071.02
242398,160482,Housekeeping,Manager,Evening,158686.0
242399,161170,Front Office,Supervisor,Night,75055.81
242400,161567,Housekeeping,Technician,Morning,154436.69
242401,160022,Maintenance,Executive,Morning,102169.33
242402,161980,Maintenance,Associate,Evening,98611.89
242403,161234,Maintenance,Chef,Morning,56937.86
242404,161089,Food & Beverage,Technician,Morning,156724.65
242405,160275,Front Office,Executive,Evening,63861.93
242406,160106,Sales,Associate,Evening,47519.69
242407,160518,Sales,Manager,Evening,75275.48
242408,161602,Food & Beverage,Chef,Morning,58880.2
242409,161180,Maintenance,Manager,Morning,51797.86
242410,161341,Front Office,Technician,Night,77889.03
242411,160172,Sales,Chef,Morning,87283.33
242412,161831,Maintenance,Technician,Evening,69552.08
242413,160480,Front Office,Chef,Morning,69734.03
242414,161942,Sales,Associate,Night,129737.88
242415,161617,Front Office,Manager,Morning,19607.71
242416,161744,Food & Beverage,Associate,Morning,47429.1
242417,160929,Housekeeping,Manager,Evening,48343.4
242418,160387,Housekeeping,Supervisor,Evening,140971.44
242419,160489,Housekeeping,Manager,Morning,41586.65
242420,160661,Front Office,Executive,Evening,165026.58
242421,160975,Housekeeping,Manager,Night,48694.04
242422,161749,Food & Beverage,Supervisor,Evening,79876.07
242423,161067,Front Office,Associate,Evening,167571.8
242424,161723,Maintenance,Executive,Morning,68841.05
242425,160099,Food & Beverage,Supervisor,Evening,74568.68
242426,161960,Food & Beverage,Manager,Morning,144003.65
242427,160213,Housekeeping,Chef,Night,61306.77
242428,160886,Front Office,Chef,Evening,24236.11
242429,160108,Front Office,Manager,Evening,84940.48
242430,160023,Maintenance,Supervisor,Night,128324.77
242431,161379,Maintenance,Manager,Evening,50808.58
242432,161669,Maintenance,Supervisor,Night,145895.32
242433,161538,Food & Beverage,Manager,Morning,84591.08
242434,161894,Front Office,Executive,Morning,89695.53
242435,160505,Housekeeping,Chef,Morning,124634.3
242436,161929,Maintenance,Executive,Night,101190.29
242437,161421,Maintenance,Supervisor,Morning,37949.89
242438,160600,Maintenance,Associate,Night,152496.58
242439,160921,Food & Beverage,Associate,Evening,38055.01
242440,161245,Housekeeping,Supervisor,Night,177631.21
242441,160801,Front Office,Technician,Morning,152916.12
242442,161885,Sales,Supervisor,Morning,41287.1
242443,160907,Maintenance,Supervisor,Evening,104972.73
242444,161075,Housekeeping,Technician,Morning,120494.3
242445,161551,Maintenance,Executive,Night,145545.08
242446,160291,Sales,Executive,Evening,111875.04
242447,160494,Food & Beverage,Technician,Night,131323.83
242448,160301,Front Office,Associate,Night,117890.95
242449,161516,Food & Beverage,Supervisor,Night,110902.83
242450,160055,Maintenance,Manager,Night,93684.34
242451,162000,Front Office,Manager,Evening,51898.28
242452,160784,Housekeeping,Executive,Evening,167677.03
242453,161656,Food & Beverage,Chef,Night,162344.4
242454,160398,Front Office,Technician,Evening,59530.42
242455,160230,Maintenance,Associate,Night,137057.1
242456,161081,Food & Beverage,Manager,Evening,139193.1
242457,160983,Food & Beverage,Technician,Evening,153080.14
242458,160332,Housekeeping,Associate,Morning,163120.86
242459,160098,Maintenance,Supervisor,Morning,135917.21
242460,160703,Maintenance,Manager,Morning,33960.74
242461,160981,Housekeeping,Chef,Night,145326.73
242462,160807,Housekeeping,Manager,Night,28300.47
242463,160280,Front Office,Manager,Evening,38850.86
242464,161651,Housekeeping,Executive,Night,177577.97
242465,161781,Housekeeping,Technician,Evening,135819.0
242466,160089,Maintenance,Manager,Night,114318.72
242467,160372,Sales,Executive,Morning,112768.27
242468,160763,Maintenance,Executive,Night,49083.48
242469,160594,Front Office,Technician,Night,90386.29
242470,160295,Housekeeping,Supervisor,Night,33344.04
242471,160635,Front Office,Chef,Evening,169324.72
242472,160871,Housekeeping,Manager,Evening,103314.37
242473,161166,Front Office,Manager,Evening,130114.87
242474,161160,Sales,Supervisor,Evening,149716.7
242475,160850,Housekeeping,Technician,Morning,48824.26
242476,161821,Sales,Supervisor,Night,168055.83
242477,161825,Maintenance,Technician,Evening,165058.49
242478,160521,Front Office,Manager,Evening,119535.94
242479,161068,Food & Beverage,Manager,Morning,131609.01
242480,161342,Sales,Supervisor,Evening,132484.33
242481,160670,Sales,Supervisor,Night,171175.35
242482,160744,Maintenance,Associate,Evening,19009.18
242483,161245,Housekeeping,Chef,Evening,60582.24
242484,161504,Maintenance,Supervisor,Evening,151639.93
242485,160705,Housekeeping,Technician,Night,138510.12
242486,160917,Sales,Executive,Evening,173073.07
242487,161534,Food & Beverage,Manager,Night,113414.63
242488,160288,Front Office,Supervisor,Night,67870.96
242489,160340,Housekeeping,Executive,Evening,100160.18
242490,160696,Housekeeping,Chef,Night,153160.98
242491,160743,Sales,Technician,Evening,166582.85
242492,161434,Maintenance,Manager,Night,126397.54
242493,160636,Food & Beverage,Technician,Morning,18881.55
242494,161162,Housekeeping,Supervisor,Morning,113470.83
242495,160974,Housekeeping,Manager,Morning,165732.54
242496,161731,Front Office,Supervisor,Night,159776.0
242497,161183,Sales,Manager,Night,173714.59
242498,161017,Front Office,Associate,Night,26842.08
242499,161337,Food & Beverage,Technician,Night,122960.59
242500,160172,Housekeeping,Manager,Night,45089.22
242501,160394,Sales,Executive,Evening,140538.29
242502,160041,Housekeeping,Executive,Evening,86961.73
242503,161251,Sales,Manager,Night,168348.66
242504,160938,Maintenance,Executive,Evening,50532.7
242505,161094,Housekeeping,Manager,Night,91879.41
242506,160942,Sales,Associate,Evening,177350.94
242507,160733,Housekeeping,Executive,Night,28422.32
242508,160988,Front Office,Executive,Morning,30994.66
242509,161712,Housekeeping,Supervisor,Evening,116937.56
242510,161294,Food & Beverage,Associate,Evening,45594.76
242511,160380,Maintenance,Supervisor,Morning,30226.03
242512,161747,Housekeeping,Executive,Evening,24370.6
242513,160399,Housekeeping,Technician,Evening,105226.9
242514,160535,Sales,Technician,Morning,28371.54
242515,162000,Housekeeping,Technician,Evening,138316.67
242516,161071,Maintenance,Supervisor,Night,139531.86
242517,160858,Maintenance,Executive,Evening,94924.06
242518,160785,Sales,Associate,Morning,54666.62
242519,160665,Maintenance,Manager,Morning,25238.5
242520,160172,Food & Beverage,Executive,Night,135113.59
242521,161474,Sales,Executive,Night,44789.5
242522,161131,Front Office,Chef,Evening,158634.81
242523,161982,Front Office,Associate,Evening,148512.25
242524,161723,Housekeeping,Manager,Morning,35090.64
242525,161435,Front Office,Chef,Night,78906.13
242526,160435,Maintenance,Supervisor,Morning,104895.07
242527,160010,Front Office,Chef,Evening,56353.03
242528,161711,Sales,Technician,Evening,86994.65
242529,161660,Front Office,Executive,Night,170354.16
242530,161237,Housekeeping,Associate,Morning,156197.54
242531,161632,Sales,Supervisor,Morning,178320.69
242532,161530,Front Office,Executive,Evening,151012.85
242533,160277,Food & Beverage,Manager,Evening,173309.77
242534,161097,Sales,Chef,Evening,119256.08
242535,160682,Sales,Associate,Evening,86691.7
242536,160501,Housekeeping,Manager,Morning,58515.31
242537,160612,Front Office,Supervisor,Night,27220.99
242538,161813,Sales,Executive,Night,34979.83
242539,161090,Front Office,Manager,Evening,164211.57
242540,160289,Food & Beverage,Manager,Morning,72531.34
242541,160403,Food & Beverage,Chef,Evening,124779.84
242542,161266,Front Office,Associate,Night,46435.48
242543,161010,Food & Beverage,Chef,Night,147327.26
242544,161824,Housekeeping,Chef,Evening,132923.32
242545,161552,Maintenance,Supervisor,Evening,82111.7
242546,161453,Front Office,Supervisor,Morning,102964.92
242547,161896,Front Office,Manager,Evening,172263.32
242548,160236,Front Office,Associate,Evening,145734.5
242549,161967,Housekeeping,Technician,Evening,168577.15
242550,160168,Housekeeping,Executive,Evening,115059.05
242551,161679,Food & Beverage,Associate,Evening,67869.84
242552,160579,Sales,Chef,Morning,48672.48
242553,160284,Housekeeping,Chef,Night,60120.08
242554,161725,Housekeeping,Technician,Night,88947.08
242555,161649,Maintenance,Executive,Morning,36070.73
242556,160886,Food & Beverage,Manager,Evening,35889.07
242557,160530,Front Office,Associate,Morning,86184.11
242558,161523,Food & Beverage,Executive,Evening,94380.63
242559,160180,Maintenance,Executive,Morning,131902.17
242560,161104,Sales,Executive,Night,117201.74
242561,161125,Sales,Manager,Night,66190.12
242562,161874,Front Office,Executive,Evening,36746.69
242563,160630,Front Office,Manager,Night,120254.08
242564,161889,Food & Beverage,Chef,Night,113816.91
242565,160196,Food & Beverage,Manager,Night,59528.51
242566,161336,Sales,Associate,Night,70734.42
242567,160414,Housekeeping,Associate,Evening,111578.5
242568,161523,Sales,Executive,Morning,155927.45
242569,160793,Housekeeping,Manager,Evening,29351.1
242570,160690,Maintenance,Chef,Morning,85410.11
242571,160950,Front Office,Manager,Night,170595.1
242572,161195,Front Office,Supervisor,Night,18788.74
242573,160752,Front Office,Technician,Morning,171372.61
242574,160952,Food & Beverage,Executive,Evening,157139.54
242575,160168,Front Office,Supervisor,Evening,148464.28
242576,161255,Sales,Manager,Evening,84619.95
242577,160400,Maintenance,Chef,Night,31646.84
242578,161185,Sales,Supervisor,Morning,151924.36
242579,160320,Front Office,Chef,Evening,93777.34
242580,160910,Housekeeping,Executive,Evening,102846.72
242581,160299,Maintenance,Associate,Evening,140369.45
242582,160224,Front Office,Executive,Night,147705.8
242583,160316,Front Office,Associate,Morning,90416.68
242584,160454,Food & Beverage,Supervisor,Evening,93616.06
242585,161632,Front Office,Chef,Morning,94551.65
242586,160341,Maintenance,Manager,Night,80278.27
242587,160128,Maintenance,Executive,Morning,83668.58
242588,161655,Housekeeping,Associate,Night,26645.53
242589,161225,Housekeeping,Associate,Evening,71414.6
242590,161966,Sales,Chef,Night,68999.15
242591,160610,Front Office,Supervisor,Evening,30895.58
242592,161377,Food & Beverage,Manager,Night,57688.67
242593,160208,Housekeeping,Technician,Morning,122339.15
242594,160274,Housekeeping,Manager,Night,147362.47
242595,160167,Sales,Technician,Morning,82758.12
242596,160301,Housekeeping,Supervisor,Evening,83691.24
242597,161371,Housekeeping,Technician,Night,115500.92
242598,161365,Housekeeping,Associate,Evening,124098.62
242599,160404,Maintenance,Supervisor,Night,121799.28
242600,160802,Housekeeping,Executive,Evening,134296.51
242601,160304,Front Office,Executive,Night,41335.98
242602,161862,Housekeeping,Executive,Morning,46782.18
242603,161814,Housekeeping,Manager,Evening,174591.6
242604,161341,Housekeeping,Executive,Night,110223.4
242605,161165,Food & Beverage,Supervisor,Evening,143353.62
242606,161554,Food & Beverage,Associate,Morning,118745.85
242607,160902,Food & Beverage,Associate,Morning,25682.08
242608,161553,Food & Beverage,Supervisor,Night,141812.41
242609,161327,Food & Beverage,Supervisor,Night,45299.35
242610,161322,Housekeeping,Technician,Night,117927.33
242611,160803,Sales,Technician,Morning,150145.39
242612,160548,Sales,Executive,Morning,116127.5
242613,161096,Sales,Chef,Evening,105415.96
242614,160517,Food & Beverage,Supervisor,Evening,70167.26
242615,161232,Front Office,Associate,Evening,85542.85
242616,160768,Front Office,Manager,Evening,21253.9
242617,160890,Food & Beverage,Executive,Evening,164383.31
242618,160003,Housekeeping,Chef,Morning,148160.02
242619,161150,Food & Beverage,Executive,Morning,89103.29
242620,161801,Front Office,Supervisor,Evening,138039.63
242621,160467,Front Office,Associate,Morning,161439.59
242622,160716,Maintenance,Manager,Morning,155991.0
242623,161055,Maintenance,Associate,Morning,62334.8
242624,160165,Maintenance,Associate,Evening,154803.65
242625,161005,Front Office,Executive,Evening,102337.04
242626,160622,Maintenance,Supervisor,Night,132312.79
242627,160407,Sales,Supervisor,Evening,141852.74
242628,161298,Maintenance,Supervisor,Evening,144055.67
242629,160794,Food & Beverage,Manager,Morning,91953.29
242630,161431,Sales,Executive,Morning,116365.17
242631,161009,Housekeeping,Technician,Morning,118476.37
242632,160626,Food & Beverage,Executive,Morning,177117.9
242633,160154,Front Office,Supervisor,Night,69884.04
242634,160794,Maintenance,Supervisor,Morning,106753.42
242635,161491,Sales,Executive,Morning,167073.57
242636,161544,Sales,Chef,Night,48006.59
242637,160410,Front Office,Supervisor,Morning,97427.68
242638,161182,Sales,Technician,Night,116511.22
242639,161776,Maintenance,Associate,Evening,137394.14
242640,161311,Food & Beverage,Chef,Evening,142240.27
242641,161139,Housekeeping,Manager,Morning,161934.31
242642,160838,Housekeeping,Manager,Night,81504.92
242643,160588,Housekeeping,Manager,Morning,136539.99
242644,160158,Housekeeping,Chef,Morning,175114.08
242645,161597,Sales,Technician,Morning,74212.11
242646,161651,Food & Beverage,Technician,Evening,119086.57
242647,160468,Maintenance,Supervisor,Night,131705.23
242648,160730,Food & Beverage,Technician,Night,44849.19
242649,161620,Food & Beverage,Executive,Evening,61608.62
242650,161287,Food & Beverage,Chef,Morning,64516.24
242651,160044,Housekeeping,Supervisor,Night,136907.79
242652,161403,Sales,Chef,Morning,59736.2
242653,161500,Housekeeping,Executive,Morning,134303.65
242654,160927,Food & Beverage,Associate,Evening,35878.89
242655,160489,Housekeeping,Supervisor,Evening,163275.89
242656,160302,Front Office,Manager,Morning,150869.0
242657,160543,Food & Beverage,Executive,Night,52405.85
242658,161970,Food & Beverage,Executive,Morning,125008.47
242659,160384,Maintenance,Supervisor,Night,140007.7
242660,161281,Food & Beverage,Associate,Night,46209.11
242661,161726,Food & Beverage,Chef,Night,122688.01
242662,161358,Front Office,Chef,Morning,91719.25
242663,161862,Sales,Associate,Morning,115899.75
242664,161097,Sales,Manager,Evening,98850.48
242665,160928,Maintenance,Manager,Evening,167829.76
242666,161634,Food & Beverage,Supervisor,Morning,37354.63
242667,160007,Food & Beverage,Associate,Night,155306.28
242668,160385,Front Office,Technician,Night,30376.89
242669,161748,Sales,Supervisor,Evening,53596.69
242670,160538,Maintenance,Supervisor,Night,100439.69
242671,161452,Maintenance,Executive,Night,163409.96
242672,161023,Maintenance,Technician,Morning,144858.11
242673,161814,Sales,Manager,Night,56101.79
242674,160747,Maintenance,Supervisor,Evening,28881.3
242675,160286,Sales,Executive,Morning,80622.13
242676,160560,Housekeeping,Associate,Morning,36327.91
242677,161211,Sales,Associate,Morning,57484.63
242678,160474,Front Office,Manager,Night,66698.78
242679,161111,Housekeeping,Executive,Night,140751.13
242680,160941,Maintenance,Technician,Night,168778.29
242681,160237,Sales,Manager,Night,72313.16
242682,161574,Food & Beverage,Supervisor,Evening,37533.1
242683,161867,Front Office,Manager,Night,32138.19
242684,160688,Sales,Technician,Evening,42336.23
242685,160939,Housekeeping,Manager,Evening,106851.34
242686,160804,Sales,Associate,Morning,109588.71
242687,161629,Housekeeping,Executive,Night,70408.82
242688,161432,Food & Beverage,Chef,Evening,63487.16
242689,161610,Food & Beverage,Supervisor,Morning,87090.68
242690,161000,Housekeeping,Chef,Morning,99276.91
242691,160424,Maintenance,Technician,Morning,85883.67
242692,160870,Sales,Manager,Morning,145994.83
242693,160307,Sales,Associate,Evening,115354.01
242694,161421,Maintenance,Manager,Evening,149702.21
242695,160369,Food & Beverage,Chef,Morning,154319.86
242696,160151,Front Office,Executive,Morning,129871.39
242697,160404,Housekeeping,Executive,Evening,155686.19
242698,160428,Housekeeping,Chef,Morning,148267.49
242699,160115,Food & Beverage,Supervisor,Night,179807.8
242700,161423,Sales,Chef,Morning,123746.87
242701,161453,Sales,Technician,Morning,168130.72
242702,160449,Food & Beverage,Supervisor,Evening,156736.4
242703,161439,Front Office,Chef,Morning,112580.18
242704,161467,Maintenance,Manager,Evening,68831.43
242705,161028,Front Office,Supervisor,Night,84300.87
242706,161030,Sales,Manager,Morning,143767.92
242707,160022,Sales,Chef,Morning,141635.7
242708,160560,Food & Beverage,Supervisor,Morning,43391.03
242709,160625,Front Office,Associate,Night,65226.13
242710,160664,Food & Beverage,Manager,Evening,120832.83
242711,161715,Maintenance,Manager,Morning,88964.84
242712,160679,Maintenance,Chef,Morning,169496.81
242713,161480,Housekeeping,Chef,Evening,75439.94
242714,160129,Housekeeping,Chef,Night,47515.03
242715,160037,Front Office,Executive,Morning,62642.14
242716,160909,Sales,Manager,Evening,134477.39
242717,160218,Housekeeping,Technician,Evening,133694.78
242718,160114,Housekeeping,Chef,Evening,30732.52
242719,160167,Housekeeping,Manager,Evening,134576.65
242720,160243,Food & Beverage,Chef,Evening,167566.84
242721,160414,Housekeeping,Associate,Morning,148433.99
242722,160699,Sales,Supervisor,Night,141978.06
242723,160362,Sales,Technician,Evening,175431.37
242724,160860,Housekeeping,Supervisor,Morning,95409.55
242725,161842,Front Office,Chef,Morning,175525.7
242726,161226,Housekeeping,Supervisor,Night,39727.75
242727,160667,Food & Beverage,Chef,Night,101292.16
242728,160728,Sales,Manager,Evening,115488.12
242729,161051,Housekeeping,Executive,Morning,149783.67
242730,161499,Food & Beverage,Technician,Morning,144404.03
242731,160422,Housekeeping,Supervisor,Night,161392.4
242732,161688,Housekeeping,Executive,Morning,79125.43
242733,161503,Maintenance,Associate,Night,149894.74
242734,161876,Sales,Chef,Evening,144698.69
242735,161821,Housekeeping,Supervisor,Morning,156414.75
242736,160199,Housekeeping,Technician,Night,165323.23
242737,160369,Front Office,Manager,Night,146739.49
242738,161750,Housekeeping,Chef,Morning,33766.49
242739,160968,Sales,Supervisor,Morning,106953.83
242740,160521,Sales,Supervisor,Night,141880.21
242741,161660,Sales,Technician,Night,115385.22
242742,161039,Food & Beverage,Technician,Night,79698.01
242743,160164,Food & Beverage,Chef,Evening,168472.52
242744,161725,Housekeeping,Chef,Evening,57466.57
242745,161185,Food & Beverage,Manager,Night,113271.44
242746,161634,Food & Beverage,Supervisor,Evening,113451.71
242747,161470,Sales,Supervisor,Night,43596.56
242748,160840,Sales,Technician,Evening,170548.78
242749,160644,Maintenance,Chef,Night,58522.16
242750,160314,Housekeeping,Supervisor,Night,53463.99
242751,160623,Front Office,Manager,Night,93291.99
242752,160897,Housekeeping,Technician,Evening,110742.82
242753,161598,Maintenance,Chef,Morning,151458.54
242754,160393,Sales,Manager,Morning,179254.76
242755,161316,Maintenance,Associate,Morning,170678.8
242756,161800,Food & Beverage,Executive,Morning,59048.39
242757,161389,Maintenance,Manager,Night,38533.48
242758,161529,Food & Beverage,Chef,Morning,33924.13
242759,160393,Front Office,Supervisor,Morning,159824.63
242760,160781,Front Office,Associate,Evening,74024.28
242761,160985,Housekeeping,Associate,Evening,137425.14
242762,160744,Sales,Associate,Evening,116429.45
242763,160459,Housekeeping,Technician,Evening,52318.55
242764,161013,Front Office,Chef,Evening,105332.93
242765,160171,Food & Beverage,Executive,Night,163681.33
242766,160826,Sales,Associate,Evening,52673.19
242767,161582,Food & Beverage,Associate,Evening,85552.96
242768,160982,Maintenance,Associate,Evening,51681.22
242769,160917,Front Office,Manager,Morning,67043.65
242770,161033,Food & Beverage,Supervisor,Evening,128342.78
242771,160616,Sales,Manager,Evening,49415.14
242772,161941,Front Office,Chef,Morning,176896.08
242773,161889,Housekeeping,Chef,Morning,172693.28
242774,161897,Sales,Manager,Evening,118832.3
242775,160750,Sales,Associate,Night,119048.32
242776,161621,Maintenance,Chef,Evening,94964.17
242777,160306,Housekeeping,Executive,Night,62600.93
242778,161690,Housekeeping,Supervisor,Evening,98418.48
242779,161155,Sales,Manager,Evening,101876.91
242780,161418,Front Office,Chef,Morning,37733.74
242781,160780,Front Office,Executive,Morning,24166.97
242782,160111,Maintenance,Associate,Morning,114492.85
242783,161381,Food & Beverage,Technician,Morning,75602.48
242784,161389,Maintenance,Supervisor,Evening,150279.07
242785,161573,Housekeeping,Executive,Morning,171763.14
242786,161945,Sales,Executive,Night,59878.6
242787,160708,Maintenance,Technician,Night,57564.84
242788,160245,Housekeeping,Supervisor,Night,126804.62
242789,160449,Food & Beverage,Executive,Night,168371.46
242790,161360,Food & Beverage,Associate,Evening,109142.96
242791,160708,Front Office,Supervisor,Evening,131839.24
242792,161115,Sales,Chef,Morning,108311.86
242793,160100,Maintenance,Chef,Morning,28354.85
242794,160452,Food & Beverage,Executive,Night,92748.26
242795,161037,Housekeeping,Manager,Night,151461.45
242796,161336,Front Office,Manager,Night,116677.09
242797,160343,Sales,Supervisor,Night,112259.72
242798,160432,Sales,Executive,Morning,57436.45
242799,161886,Front Office,Executive,Morning,111875.79
242800,160400,Maintenance,Associate,Night,65814.14
242801,161094,Maintenance,Executive,Evening,47869.32
242802,161747,Maintenance,Executive,Evening,151931.34
242803,161606,Housekeeping,Chef,Evening,119785.51
242804,160298,Front Office,Executive,Night,141589.01
242805,160119,Food & Beverage,Technician,Evening,112573.17
242806,160806,Housekeeping,Supervisor,Night,20425.27
242807,160784,Housekeeping,Executive,Night,113364.65
242808,160469,Food & Beverage,Supervisor,Night,129588.56
242809,160841,Housekeeping,Technician,Morning,142688.12
242810,160293,Food & Beverage,Supervisor,Morning,33752.01
242811,160432,Food & Beverage,Supervisor,Night,107725.4
242812,160710,Front Office,Technician,Evening,87195.5
242813,161893,Front Office,Associate,Evening,130268.97
242814,161387,Maintenance,Associate,Evening,64143.09
242815,161949,Food & Beverage,Chef,Evening,96604.02
242816,160055,Housekeeping,Technician,Evening,62212.74
242817,161401,Sales,Associate,Night,151304.12
242818,161194,Housekeeping,Associate,Night,166891.86
242819,160464,Food & Beverage,Technician,Night,147004.93
242820,161770,Maintenance,Chef,Morning,168516.26
242821,160385,Food & Beverage,Chef,Morning,19245.52
242822,161483,Sales,Supervisor,Night,160322.83
242823,160127,Food & Beverage,Associate,Morning,129705.01
242824,161683,Front Office,Executive,Morning,143947.95
242825,161123,Food & Beverage,Supervisor,Morning,86148.15
242826,160132,Maintenance,Technician,Morning,178688.28
242827,161093,Housekeeping,Associate,Night,63496.25
242828,160578,Food & Beverage,Manager,Morning,169097.04
242829,161633,Sales,Manager,Morning,68908.2
242830,161386,Sales,Technician,Morning,43688.19
242831,161239,Maintenance,Executive,Night,125231.61
242832,160920,Food & Beverage,Manager,Night,94508.55
242833,161414,Sales,Supervisor,Morning,84442.9
242834,160701,Sales,Supervisor,Morning,129609.15
242835,160962,Housekeeping,Supervisor,Evening,33436.0
242836,161364,Sales,Chef,Night,92088.15
242837,160367,Sales,Chef,Evening,107785.7
242838,161246,Front Office,Supervisor,Morning,48623.46
242839,161757,Front Office,Chef,Night,134401.86
242840,160979,Sales,Executive,Night,149140.48
242841,160119,Sales,Manager,Evening,101760.39
242842,160903,Housekeeping,Technician,Morning,112014.36
242843,160215,Front Office,Technician,Morning,142281.15
242844,161845,Housekeeping,Associate,Night,38269.91
242845,161877,Front Office,Executive,Morning,49718.75
242846,160548,Housekeeping,Manager,Night,74215.63
242847,160329,Sales,Technician,Morning,154926.78
242848,160543,Food & Beverage,Associate,Morning,128127.18
242849,161413,Maintenance,Manager,Morning,137429.95
242850,161820,Sales,Supervisor,Morning,86152.48
242851,161645,Food & Beverage,Chef,Morning,58194.47
242852,161737,Sales,Manager,Morning,61314.6
242853,160448,Maintenance,Chef,Morning,81708.31
242854,161776,Sales,Technician,Evening,96226.96
242855,161411,Food & Beverage,Technician,Evening,102493.05
242856,161592,Maintenance,Manager,Morning,112046.6
242857,161502,Sales,Chef,Evening,87010.03
242858,161587,Sales,Manager,Evening,119672.18
242859,161943,Sales,Chef,Morning,176979.45
242860,161410,Sales,Executive,Evening,48525.2
242861,160508,Housekeeping,Supervisor,Morning,85800.26
242862,161814,Front Office,Technician,Morning,122256.09
242863,161117,Food & Beverage,Technician,Evening,108500.68
242864,161383,Sales,Chef,Evening,123721.59
242865,160964,Food & Beverage,Executive,Morning,114897.96
242866,160927,Food & Beverage,Manager,Morning,138001.65
242867,160822,Housekeeping,Supervisor,Night,24697.9
242868,160753,Maintenance,Associate,Morning,107664.58
242869,160512,Sales,Associate,Morning,72941.93
242870,160153,Maintenance,Technician,Evening,178129.08
242871,161600,Maintenance,Executive,Night,85261.24
242872,161154,Maintenance,Chef,Morning,78676.17
242873,160363,Maintenance,Supervisor,Evening,123104.12
242874,161045,Housekeeping,Technician,Morning,104282.79
242875,160363,Sales,Associate,Morning,27775.92
242876,161429,Sales,Technician,Evening,109243.28
242877,161625,Food & Beverage,Executive,Evening,148270.53
242878,160776,Sales,Technician,Morning,45099.59
242879,161217,Food & Beverage,Associate,Morning,171053.05
242880,161343,Housekeeping,Associate,Morning,53383.21
242881,160657,Housekeeping,Chef,Evening,133883.63
242882,160880,Maintenance,Manager,Morning,162265.19
242883,160706,Housekeeping,Chef,Evening,32012.3
242884,161298,Front Office,Technician,Night,33142.58
242885,161027,Front Office,Supervisor,Morning,153752.51
242886,160775,Front Office,Associate,Night,104727.19
242887,160888,Housekeeping,Executive,Evening,151408.18
242888,161740,Housekeeping,Supervisor,Evening,20072.61
242889,160022,Housekeeping,Technician,Evening,162904.6
242890,161825,Sales,Chef,Night,129659.76
242891,160567,Food & Beverage,Executive,Night,27430.72
242892,160579,Maintenance,Chef,Morning,83788.35
242893,161627,Maintenance,Manager,Evening,44143.34
242894,160756,Front Office,Manager,Evening,95804.81
242895,160289,Sales,Chef,Night,162244.56
242896,160812,Housekeeping,Manager,Evening,122244.13
242897,161213,Housekeeping,Manager,Night,143236.31
242898,161214,Housekeeping,Chef,Morning,114025.91
242899,161968,Sales,Associate,Evening,78015.63
242900,160756,Housekeeping,Associate,Morning,45763.26
242901,160628,Housekeeping,Technician,Evening,50729.55
242902,160909,Maintenance,Associate,Evening,73856.6
242903,160029,Front Office,Chef,Night,164410.18
242904,160168,Front Office,Executive,Evening,95067.75
242905,160546,Sales,Associate,Night,60328.87
242906,161729,Housekeeping,Manager,Morning,118313.75
242907,161778,Housekeeping,Supervisor,Night,82075.9
242908,161123,Food & Beverage,Executive,Night,176945.58
242909,160397,Sales,Manager,Night,115537.42
242910,160698,Front Office,Manager,Morning,104353.61
242911,160875,Food & Beverage,Executive,Night,74795.32
242912,161458,Front Office,Technician,Evening,68814.28
242913,161328,Maintenance,Chef,Night,78983.18
242914,161177,Food & Beverage,Executive,Morning,34579.27
242915,160749,Food & Beverage,Chef,Night,57404.15
242916,162000,Housekeeping,Associate,Morning,37954.33
242917,160076,Housekeeping,Chef,Night,62449.84
242918,161013,Maintenance,Executive,Evening,123918.58
242919,161672,Maintenance,Associate,Evening,145197.03
242920,160952,Maintenance,Associate,Evening,96278.68
242921,161521,Maintenance,Supervisor,Evening,84377.29
242922,161952,Sales,Manager,Evening,47941.88
242923,161701,Housekeeping,Chef,Evening,138872.03
242924,161159,Housekeeping,Chef,Evening,26812.88
242925,161310,Housekeeping,Associate,Night,96061.72
242926,160145,Housekeeping,Executive,Evening,157440.48
242927,160463,Food & Beverage,Associate,Night,95978.42
242928,160079,Housekeeping,Supervisor,Morning,139146.74
242929,160237,Maintenance,Supervisor,Morning,97047.02
242930,161303,Maintenance,Supervisor,Night,120399.87
242931,160077,Front Office,Associate,Evening,34806.32
242932,160250,Front Office,Supervisor,Evening,144925.85
242933,160399,Front Office,Associate,Evening,76080.19
242934,160012,Maintenance,Supervisor,Night,113121.74
242935,161449,Maintenance,Chef,Night,69068.74
242936,160967,Maintenance,Executive,Morning,101382.95
242937,161086,Maintenance,Chef,Evening,49292.48
242938,160658,Maintenance,Executive,Morning,165884.76
242939,161382,Maintenance,Manager,Night,18909.52
242940,161220,Food & Beverage,Executive,Night,40908.19
242941,160369,Maintenance,Executive,Night,147845.61
242942,160931,Front Office,Manager,Night,70505.89
242943,160970,Housekeeping,Chef,Morning,71346.49
242944,160355,Food & Beverage,Supervisor,Evening,128154.52
242945,161423,Sales,Executive,Morning,174750.62
242946,161204,Sales,Supervisor,Morning,144999.83
242947,160690,Front Office,Manager,Evening,175088.53
242948,161564,Front Office,Chef,Morning,66075.12
242949,160326,Housekeeping,Technician,Night,53900.72
242950,161379,Front Office,Technician,Evening,58151.57
242951,160634,Food & Beverage,Associate,Morning,36467.65
242952,160909,Maintenance,Supervisor,Morning,54321.15
242953,160320,Housekeeping,Manager,Morning,122268.55
242954,160931,Food & Beverage,Chef,Morning,167007.45
242955,161415,Housekeeping,Associate,Evening,126723.99
242956,161580,Front Office,Executive,Night,131781.18
242957,161187,Housekeeping,Executive,Night,57170.39
242958,160735,Front Office,Chef,Night,67736.11
242959,161703,Housekeeping,Chef,Night,90618.2
242960,160461,Food & Beverage,Executive,Night,93497.44
242961,161280,Housekeeping,Executive,Morning,62094.11
242962,160975,Food & Beverage,Supervisor,Night,28296.06
242963,161014,Housekeeping,Executive,Evening,125043.48
242964,161687,Sales,Associate,Evening,169806.01
242965,160945,Front Office,Technician,Night,143544.93
242966,161963,Front Office,Supervisor,Evening,96984.89
242967,161416,Sales,Chef,Evening,123894.19
242968,160814,Housekeeping,Executive,Morning,61319.36
242969,161776,Housekeeping,Chef,Evening,113724.95
242970,160381,Maintenance,Executive,Morning,90344.78
242971,161689,Food & Beverage,Manager,Morning,97851.17
242972,160817,Housekeeping,Manager,Morning,55707.58
242973,161058,Maintenance,Associate,Morning,122875.35
242974,161547,Maintenance,Associate,Night,120275.11
242975,160854,Sales,Chef,Evening,154427.63
242976,160541,Sales,Technician,Night,172453.66
242977,160018,Sales,Supervisor,Morning,57329.07
242978,161336,Sales,Executive,Morning,162375.32
242979,160585,Food & Beverage,Supervisor,Morning,155818.76
242980,160830,Front Office,Manager,Night,20714.9
242981,160676,Front Office,Manager,Night,114234.84
242982,161793,Housekeeping,Chef,Night,178940.84
242983,161562,Housekeeping,Supervisor,Morning,40914.57
242984,160791,Food & Beverage,Executive,Night,150357.5
242985,161633,Front Office,Supervisor,Morning,110891.36
242986,160800,Housekeeping,Associate,Night,109589.9
242987,161788,Sales,Technician,Night,179911.67
242988,160078,Food & Beverage,Chef,Morning,173271.42
242989,160477,Sales,Executive,Evening,172707.98
242990,160573,Housekeeping,Chef,Night,149956.33
242991,161773,Housekeeping,Manager,Night,161763.1
242992,160573,Sales,Associate,Morning,59071.82
242993,160112,Housekeeping,Executive,Morning,24521.94
242994,161544,Food & Beverage,Executive,Morning,90110.88
242995,161758,Front Office,Chef,Night,93971.51
242996,161366,Sales,Associate,Morning,148264.5
242997,161490,Sales,Associate,Evening,75426.82
242998,160269,Housekeeping,Chef,Evening,153396.36
242999,160705,Housekeeping,Technician,Night,152982.05
243000,161576,Sales,Chef,Evening,75456.93
243001,161814,Food & Beverage,Technician,Night,84646.17
243002,161813,Front Office,Executive,Night,151721.83
243003,161368,Maintenance,Manager,Night,89057.27
243004,161236,Maintenance,Manager,Evening,25385.34
243005,160585,Food & Beverage,Supervisor,Morning,106632.75
243006,161592,Front Office,Manager,Morning,173284.12
243007,161959,Sales,Associate,Night,25922.78
243008,160284,Maintenance,Associate,Morning,179221.59
243009,161351,Maintenance,Executive,Morning,21059.23
243010,160257,Food & Beverage,Technician,Morning,91788.26
243011,161217,Food & Beverage,Supervisor,Evening,96238.71
243012,161381,Front Office,Supervisor,Evening,117687.68
243013,161022,Front Office,Supervisor,Evening,22040.96
243014,161307,Food & Beverage,Associate,Evening,30475.89
243015,161805,Sales,Supervisor,Evening,24817.2
243016,160153,Sales,Executive,Night,124382.11
243017,160144,Maintenance,Associate,Morning,173104.4
243018,161872,Housekeeping,Chef,Morning,143327.73
243019,161465,Front Office,Technician,Night,111648.14
243020,161915,Food & Beverage,Chef,Night,174712.79
243021,160825,Sales,Chef,Morning,37467.05
243022,160793,Housekeeping,Associate,Evening,160303.57
243023,161255,Maintenance,Supervisor,Morning,50870.83
243024,161497,Housekeeping,Associate,Evening,130704.45
243025,161151,Housekeeping,Chef,Morning,144725.37
243026,160795,Front Office,Associate,Evening,144985.16
243027,160914,Maintenance,Associate,Morning,85378.32
243028,160167,Maintenance,Technician,Night,58171.49
243029,160038,Food & Beverage,Associate,Night,105783.43
243030,160492,Front Office,Technician,Night,115699.7
243031,161743,Food & Beverage,Manager,Night,99812.59
243032,160762,Food & Beverage,Chef,Morning,160856.4
243033,160217,Front Office,Chef,Evening,60886.17
243034,160489,Maintenance,Supervisor,Night,142362.09
243035,161664,Maintenance,Associate,Morning,26243.87
243036,161983,Front Office,Executive,Evening,38876.18
243037,160703,Front Office,Technician,Night,144594.36
243038,160510,Housekeeping,Executive,Evening,115844.22
243039,161819,Food & Beverage,Executive,Evening,174531.49
243040,161181,Sales,Executive,Evening,66770.14
243041,160001,Food & Beverage,Associate,Morning,79281.93
243042,160854,Housekeeping,Executive,Night,36150.41
243043,160672,Maintenance,Executive,Night,130494.36
243044,160089,Sales,Supervisor,Morning,174902.35
243045,161955,Food & Beverage,Supervisor,Night,158101.33
243046,160496,Maintenance,Manager,Morning,95122.02
243047,161433,Sales,Chef,Night,87644.79
243048,160498,Maintenance,Associate,Night,34580.84
243049,161294,Front Office,Technician,Night,131353.04
243050,161888,Maintenance,Chef,Evening,88645.22
243051,161399,Front Office,Manager,Night,114330.88
243052,161436,Food & Beverage,Chef,Evening,46554.08
243053,161500,Front Office,Technician,Night,26316.51
243054,160882,Food & Beverage,Executive,Morning,122172.66
243055,160071,Food & Beverage,Manager,Morning,26134.62
243056,161766,Maintenance,Manager,Night,99506.25
243057,161973,Housekeeping,Chef,Morning,172345.79
243058,161409,Maintenance,Technician,Night,163845.98
243059,160118,Housekeeping,Technician,Evening,70740.51
243060,161172,Food & Beverage,Executive,Evening,96010.35
243061,161855,Food & Beverage,Technician,Evening,85321.3
243062,160208,Front Office,Technician,Morning,92942.56
243063,161029,Front Office,Associate,Evening,30230.14
243064,160821,Maintenance,Manager,Evening,52947.33
243065,161967,Sales,Chef,Evening,109617.85
243066,161516,Front Office,Executive,Morning,80699.96
243067,160277,Maintenance,Chef,Morning,134015.7
243068,160308,Sales,Technician,Morning,33245.27
243069,160889,Housekeeping,Associate,Night,163411.02
243070,161635,Sales,Executive,Night,39711.45
243071,160500,Front Office,Chef,Night,62111.39
243072,161391,Housekeeping,Executive,Night,65204.78
243073,160544,Sales,Executive,Morning,21852.34
243074,161881,Front Office,Manager,Night,52104.09
243075,161764,Maintenance,Executive,Morning,88207.05
243076,160872,Housekeeping,Supervisor,Morning,70397.39
243077,161044,Maintenance,Supervisor,Morning,135934.33
243078,161741,Housekeeping,Executive,Evening,111465.86
243079,161463,Front Office,Executive,Morning,97244.4
243080,160859,Maintenance,Supervisor,Evening,148364.07
243081,160919,Food & Beverage,Manager,Evening,32144.61
243082,161057,Sales,Manager,Night,85387.8
243083,160190,Maintenance,Associate,Night,123146.75
243084,161508,Sales,Chef,Morning,129691.0
243085,160057,Sales,Manager,Morning,110227.89
243086,161480,Food & Beverage,Associate,Evening,54616.36
243087,161893,Housekeeping,Executive,Morning,151898.15
243088,160701,Maintenance,Chef,Evening,109064.43
243089,160738,Food & Beverage,Executive,Night,49474.61
243090,160021,Sales,Supervisor,Morning,162353.36
243091,161697,Sales,Manager,Morning,57557.09
243092,161508,Sales,Manager,Night,28608.04
243093,161198,Front Office,Chef,Evening,81681.74
243094,161623,Food & Beverage,Technician,Evening,26388.84
243095,160751,Front Office,Supervisor,Morning,35593.4
243096,160877,Maintenance,Technician,Morning,131980.0
243097,161150,Maintenance,Technician,Night,19482.31
243098,161955,Housekeeping,Executive,Night,23956.54
243099,161609,Sales,Executive,Morning,61848.77
243100,161477,Front Office,Manager,Morning,27260.23
243101,160585,Sales,Manager,Evening,82942.25
243102,161966,Housekeeping,Executive,Morning,154981.91
243103,161454,Housekeeping,Chef,Morning,121042.14
243104,161885,Food & Beverage,Manager,Night,122502.78
243105,161408,Front Office,Executive,Evening,40425.33
243106,160202,Front Office,Technician,Night,72126.95
243107,161740,Maintenance,Associate,Morning,100340.92
243108,160425,Housekeeping,Chef,Night,117434.9
243109,160651,Food & Beverage,Executive,Evening,59013.04
243110,161258,Housekeeping,Technician,Night,142678.89
243111,160144,Maintenance,Supervisor,Night,118440.94
243112,161531,Food & Beverage,Chef,Night,59103.58
243113,161212,Maintenance,Associate,Evening,121848.34
243114,161392,Maintenance,Manager,Morning,150733.14
243115,160269,Housekeeping,Associate,Evening,39425.55
243116,161325,Sales,Chef,Evening,129656.08
243117,160189,Housekeeping,Associate,Evening,42364.18
243118,160926,Maintenance,Associate,Evening,19812.35
243119,160659,Maintenance,Manager,Evening,60668.05
243120,160562,Housekeeping,Executive,Evening,175376.64
243121,160547,Food & Beverage,Executive,Evening,174769.12
243122,161720,Front Office,Manager,Evening,106974.03
243123,161453,Sales,Chef,Morning,175585.23
243124,161639,Housekeeping,Manager,Morning,49147.77
243125,161214,Sales,Executive,Morning,155376.25
243126,161210,Food & Beverage,Manager,Evening,27605.1
243127,160627,Food & Beverage,Supervisor,Evening,139234.59
243128,161634,Sales,Associate,Morning,99399.96
243129,160827,Front Office,Technician,Evening,147245.26
243130,162000,Sales,Chef,Night,148069.23
243131,160227,Maintenance,Manager,Evening,176608.94
243132,160611,Housekeeping,Associate,Night,157663.51
243133,161240,Front Office,Supervisor,Morning,150718.67
243134,161527,Maintenance,Chef,Evening,149040.96
243135,160018,Sales,Supervisor,Night,169262.72
243136,161628,Housekeeping,Chef,Night,168014.77
243137,161624,Sales,Executive,Night,75088.14
243138,161606,Maintenance,Supervisor,Evening,142185.69
243139,161435,Sales,Manager,Night,172585.77
243140,161176,Housekeeping,Manager,Evening,113242.83
243141,160926,Food & Beverage,Chef,Evening,147116.15
243142,161217,Front Office,Chef,Evening,177217.21
243143,160310,Front Office,Technician,Night,57456.11
243144,160095,Front Office,Technician,Night,138773.96
243145,161100,Maintenance,Technician,Evening,43569.67
243146,160750,Front Office,Associate,Evening,21937.51
243147,160343,Front Office,Supervisor,Night,41854.24
243148,160112,Front Office,Executive,Morning,100187.44
243149,161582,Housekeeping,Executive,Night,135247.25
243150,161067,Food & Beverage,Manager,Morning,146633.56
243151,160967,Housekeeping,Associate,Morning,156881.21
243152,161549,Food & Beverage,Manager,Night,40812.48
243153,160539,Food & Beverage,Associate,Evening,138854.94
243154,160325,Food & Beverage,Technician,Night,140641.64
243155,161542,Sales,Chef,Morning,169476.75
243156,160947,Food & Beverage,Associate,Morning,28916.85
243157,160224,Maintenance,Executive,Morning,146109.57
243158,161982,Front Office,Supervisor,Night,70031.98
243159,161156,Sales,Chef,Evening,142979.86
243160,161628,Front Office,Associate,Night,174097.97
243161,161438,Maintenance,Manager,Morning,21556.46
243162,161727,Maintenance,Technician,Evening,78147.73
243163,160718,Sales,Supervisor,Evening,24126.46
243164,161920,Maintenance,Executive,Night,40041.9
243165,160198,Front Office,Manager,Night,41869.03
243166,161848,Food & Beverage,Associate,Night,147691.46
243167,160995,Front Office,Chef,Morning,138264.3
243168,160435,Maintenance,Manager,Morning,26961.23
243169,161714,Front Office,Executive,Evening,53331.21
243170,160580,Maintenance,Executive,Night,91451.86
243171,161387,Front Office,Supervisor,Night,164428.46
243172,161016,Sales,Supervisor,Evening,70779.75
243173,161411,Maintenance,Associate,Evening,131551.45
243174,161883,Maintenance,Chef,Night,41060.6
243175,161438,Maintenance,Manager,Night,44698.82
243176,161072,Sales,Manager,Evening,57486.71
243177,160956,Food & Beverage,Associate,Night,19965.7
243178,161849,Front Office,Manager,Morning,30190.56
243179,161009,Sales,Supervisor,Night,178095.72
243180,160486,Front Office,Supervisor,Night,99257.18
243181,161769,Housekeeping,Associate,Night,179858.7
243182,161115,Housekeeping,Technician,Night,91776.11
243183,161801,Front Office,Associate,Night,149408.06
243184,161453,Maintenance,Manager,Night,112957.91
243185,161434,Sales,Supervisor,Evening,57004.21
243186,160365,Front Office,Supervisor,Night,36236.71
243187,161232,Sales,Supervisor,Evening,172338.88
243188,160496,Front Office,Manager,Morning,148730.05
243189,160533,Sales,Technician,Evening,171561.86
243190,160807,Front Office,Associate,Morning,71270.63
243191,161523,Housekeeping,Chef,Night,179283.91
243192,161500,Housekeeping,Executive,Evening,30096.84
243193,161435,Sales,Executive,Evening,69493.33
243194,161705,Maintenance,Associate,Morning,97007.34
243195,160669,Food & Beverage,Executive,Night,57059.3
243196,160192,Food & Beverage,Associate,Night,147767.02
243197,161056,Sales,Manager,Evening,151195.32
243198,161771,Maintenance,Manager,Evening,94801.63
243199,161793,Front Office,Supervisor,Morning,28281.79
243200,160511,Front Office,Executive,Morning,101143.53
243201,161316,Housekeeping,Chef,Morning,124883.93
243202,160362,Sales,Associate,Morning,50699.8
243203,161046,Housekeeping,Supervisor,Morning,140484.66
243204,161445,Maintenance,Manager,Evening,45033.54
243205,161034,Sales,Supervisor,Evening,176237.36
243206,160618,Maintenance,Supervisor,Morning,40318.89
243207,160591,Sales,Manager,Night,54267.79
243208,161144,Housekeeping,Supervisor,Night,111936.08
243209,161298,Sales,Technician,Morning,18938.9
243210,161458,Front Office,Associate,Evening,112320.08
243211,161559,Food & Beverage,Chef,Morning,99432.84
243212,161573,Sales,Chef,Morning,85690.21
243213,160546,Housekeeping,Technician,Evening,119816.76
243214,161173,Maintenance,Manager,Night,124669.81
243215,160482,Food & Beverage,Technician,Morning,62934.97
243216,160780,Housekeeping,Executive,Evening,143577.42
243217,160329,Maintenance,Manager,Evening,57744.64
243218,160271,Front Office,Manager,Night,84435.77
243219,161288,Sales,Manager,Evening,27324.21
243220,160281,Food & Beverage,Executive,Evening,36521.23
243221,161940,Front Office,Executive,Morning,110905.04
243222,161208,Maintenance,Supervisor,Morning,146081.33
243223,160011,Food & Beverage,Technician,Evening,116333.18
243224,160065,Food & Beverage,Executive,Night,144010.0
243225,161942,Front Office,Manager,Evening,54101.33
243226,160604,Sales,Technician,Evening,163429.06
243227,161924,Front Office,Technician,Morning,121334.63
243228,160950,Housekeeping,Executive,Night,42639.47
243229,160540,Maintenance,Manager,Evening,89384.02
243230,160645,Food & Beverage,Supervisor,Morning,141496.71
243231,160033,Maintenance,Supervisor,Evening,69827.87
243232,161383,Sales,Supervisor,Evening,168635.9
243233,160359,Front Office,Executive,Evening,41454.1
243234,161393,Food & Beverage,Technician,Evening,26730.14
243235,160681,Sales,Associate,Evening,115070.63
243236,160914,Food & Beverage,Technician,Evening,63182.05
243237,160232,Food & Beverage,Executive,Night,39588.68
243238,161398,Front Office,Executive,Night,170843.08
243239,161067,Sales,Supervisor,Evening,165920.99
243240,161193,Sales,Executive,Evening,60198.08
243241,161908,Sales,Technician,Morning,64107.62
243242,160578,Front Office,Executive,Morning,173291.14
243243,161387,Housekeeping,Executive,Evening,161204.44
243244,161040,Front Office,Technician,Evening,166728.44
243245,160374,Sales,Associate,Morning,35799.84
243246,161018,Front Office,Associate,Morning,42907.74
243247,161734,Front Office,Chef,Night,104751.85
243248,160216,Sales,Chef,Night,43649.04
243249,161608,Maintenance,Associate,Morning,53379.01
243250,161310,Front Office,Chef,Evening,89478.67
243251,161458,Sales,Technician,Evening,81686.04
243252,161841,Housekeeping,Chef,Morning,22707.47
243253,161060,Sales,Manager,Night,29145.98
243254,161259,Maintenance,Supervisor,Night,86152.88
243255,161367,Food & Beverage,Chef,Evening,81583.08
243256,160289,Food & Beverage,Executive,Morning,151978.98
243257,161998,Maintenance,Chef,Evening,30299.12
243258,161470,Housekeeping,Executive,Evening,81783.98
243259,160986,Maintenance,Executive,Evening,35199.85
243260,160703,Sales,Supervisor,Night,26709.64
243261,160808,Sales,Chef,Night,177092.1
243262,161125,Housekeeping,Technician,Morning,66743.98
243263,161332,Food & Beverage,Executive,Evening,94298.36
243264,161235,Food & Beverage,Chef,Evening,48254.53
243265,160725,Housekeeping,Manager,Morning,29371.91
243266,161008,Front Office,Chef,Morning,154102.94
243267,161010,Maintenance,Associate,Morning,90752.95
243268,161856,Food & Beverage,Technician,Morning,30049.11
243269,161427,Front Office,Technician,Night,150032.52
243270,161600,Housekeeping,Associate,Evening,120708.64
243271,161276,Food & Beverage,Executive,Night,73850.99
243272,161381,Front Office,Executive,Night,112607.31
243273,161151,Sales,Technician,Morning,33175.71
243274,160077,Maintenance,Technician,Evening,117860.15
243275,160782,Maintenance,Manager,Night,51107.3
243276,161973,Food & Beverage,Associate,Morning,45736.12
243277,161488,Front Office,Associate,Morning,133187.86
243278,160143,Maintenance,Supervisor,Evening,120075.15
243279,161160,Food & Beverage,Associate,Morning,49658.64
243280,161254,Sales,Manager,Morning,88430.0
243281,161317,Food & Beverage,Chef,Morning,176808.59
243282,160422,Food & Beverage,Manager,Evening,80733.0
243283,161847,Sales,Chef,Morning,38481.05
243284,160285,Food & Beverage,Executive,Evening,110057.78
243285,160369,Housekeeping,Chef,Morning,95209.24
243286,161346,Sales,Chef,Evening,161101.01
243287,160851,Maintenance,Executive,Evening,163866.6
243288,161277,Housekeeping,Executive,Morning,88931.55
243289,160525,Front Office,Supervisor,Evening,77673.44
243290,160216,Front Office,Manager,Morning,37615.56
243291,160573,Maintenance,Technician,Evening,63480.68
243292,160375,Maintenance,Supervisor,Morning,99059.6
243293,161521,Maintenance,Supervisor,Night,103496.2
243294,161031,Food & Beverage,Manager,Night,123749.83
243295,160977,Housekeeping,Executive,Evening,140555.01
243296,160413,Front Office,Manager,Night,52158.05
243297,161632,Front Office,Associate,Night,121111.35
243298,160324,Sales,Supervisor,Night,178000.39
243299,160909,Food & Beverage,Executive,Morning,135498.52
243300,161427,Front Office,Supervisor,Morning,168333.81
243301,160277,Food & Beverage,Supervisor,Evening,96434.51
243302,160524,Front Office,Associate,Evening,30696.06
243303,160944,Front Office,Chef,Evening,80323.9
243304,161211,Housekeeping,Manager,Night,88740.88
243305,161653,Front Office,Technician,Evening,82804.43
243306,160242,Housekeeping,Chef,Evening,174780.18
243307,161092,Food & Beverage,Supervisor,Night,136158.16
243308,160228,Sales,Chef,Morning,87399.82
243309,161962,Maintenance,Technician,Night,117825.66
243310,161768,Sales,Chef,Morning,129516.73
243311,161111,Food & Beverage,Manager,Evening,153490.1
243312,160268,Sales,Manager,Morning,61122.88
243313,160846,Maintenance,Technician,Night,163566.54
243314,161969,Front Office,Associate,Morning,177334.63
243315,160883,Front Office,Supervisor,Evening,131251.5
243316,160543,Maintenance,Supervisor,Evening,40466.88
243317,160576,Front Office,Chef,Evening,26110.87
243318,161684,Maintenance,Executive,Evening,20580.05
243319,161407,Food & Beverage,Associate,Night,138020.6
243320,160332,Housekeeping,Supervisor,Evening,152937.74
243321,160119,Food & Beverage,Technician,Evening,106440.76
243322,161003,Housekeeping,Technician,Night,94182.83
243323,161116,Food & Beverage,Supervisor,Evening,140958.62
243324,161249,Maintenance,Executive,Evening,80727.06
243325,160200,Sales,Executive,Evening,89939.71
243326,161948,Front Office,Technician,Morning,27544.99
243327,161173,Housekeeping,Supervisor,Evening,145551.78
243328,161613,Maintenance,Associate,Evening,43628.09
243329,160583,Housekeeping,Associate,Night,80250.18
243330,161708,Front Office,Supervisor,Morning,142987.89
243331,161437,Sales,Associate,Morning,135446.16
243332,160590,Food & Beverage,Technician,Night,110937.79
243333,161088,Front Office,Associate,Night,61615.36
243334,161894,Front Office,Associate,Night,25057.7
243335,161868,Food & Beverage,Chef,Night,151594.17
243336,160893,Front Office,Manager,Night,144014.9
243337,160866,Maintenance,Technician,Night,43550.84
243338,160536,Sales,Associate,Morning,62038.75
243339,160275,Front Office,Associate,Morning,47577.11
243340,161633,Front Office,Executive,Evening,71519.17
243341,161398,Housekeeping,Technician,Morning,107770.14
243342,160141,Front Office,Technician,Evening,70970.35
243343,161286,Front Office,Executive,Morning,163418.47
243344,161059,Maintenance,Chef,Morning,169321.1
243345,160992,Food & Beverage,Manager,Night,98637.14
243346,160601,Food & Beverage,Manager,Morning,139798.84
243347,161342,Sales,Technician,Evening,62898.09
243348,161525,Food & Beverage,Chef,Evening,148874.21
243349,160640,Housekeeping,Technician,Morning,117611.08
243350,160018,Maintenance,Executive,Night,159103.85
243351,161125,Sales,Chef,Night,130756.15
243352,161403,Food & Beverage,Associate,Morning,145373.58
243353,160456,Sales,Manager,Night,156727.92
243354,160352,Sales,Associate,Evening,116447.66
243355,160775,Front Office,Technician,Morning,46043.34
243356,160849,Food & Beverage,Technician,Night,175741.28
243357,160438,Maintenance,Chef,Night,40479.53
243358,161058,Front Office,Executive,Evening,31308.48
243359,160190,Food & Beverage,Associate,Morning,132511.86
243360,161669,Front Office,Chef,Morning,37326.03
243361,161700,Front Office,Chef,Night,175749.41
243362,160431,Maintenance,Associate,Night,157293.48
243363,160688,Front Office,Chef,Night,127549.02
243364,161078,Sales,Executive,Morning,131632.38
243365,161356,Maintenance,Chef,Evening,143475.35
243366,160919,Food & Beverage,Chef,Evening,101762.66
243367,160451,Food & Beverage,Executive,Morning,112143.85
243368,161688,Housekeeping,Manager,Night,81350.78
243369,160961,Front Office,Manager,Evening,132810.61
243370,161408,Sales,Chef,Evening,58290.67
243371,161397,Food & Beverage,Associate,Evening,41185.56
243372,160845,Maintenance,Executive,Evening,48064.33
243373,161963,Front Office,Supervisor,Night,44599.15
243374,161975,Sales,Executive,Night,134078.86
243375,160542,Front Office,Executive,Evening,29287.62
243376,161053,Housekeeping,Associate,Morning,72575.54
243377,160467,Sales,Chef,Night,98006.79
243378,161197,Maintenance,Chef,Evening,154771.64
243379,160520,Front Office,Supervisor,Evening,35373.89
243380,161998,Housekeeping,Manager,Morning,42203.54
243381,161229,Front Office,Supervisor,Evening,89979.72
243382,161648,Sales,Associate,Morning,26976.69
243383,160895,Maintenance,Chef,Evening,37820.24
243384,161816,Housekeeping,Chef,Evening,98045.11
243385,161596,Maintenance,Executive,Morning,114606.19
243386,160384,Sales,Chef,Evening,111559.66
243387,161223,Maintenance,Manager,Night,128053.04
243388,161685,Front Office,Executive,Morning,19980.33
243389,161386,Food & Beverage,Associate,Night,137755.4
243390,160441,Maintenance,Technician,Morning,107683.82
243391,161012,Housekeeping,Chef,Night,95863.58
243392,161935,Maintenance,Manager,Night,88110.04
243393,160158,Sales,Manager,Night,71769.33
243394,160326,Front Office,Manager,Morning,179782.36
243395,161349,Sales,Executive,Night,38892.04
243396,160471,Food & Beverage,Manager,Morning,125013.52
243397,161694,Sales,Executive,Evening,54226.87
243398,160096,Sales,Associate,Night,161525.99
243399,160409,Front Office,Associate,Morning,52922.19
243400,161398,Sales,Technician,Night,171954.27
243401,161333,Maintenance,Associate,Morning,65632.21
243402,161728,Front Office,Executive,Evening,69039.83
243403,160206,Housekeeping,Technician,Evening,20776.72
243404,161495,Housekeeping,Technician,Night,57179.82
243405,160889,Maintenance,Associate,Night,167575.8
243406,160572,Front Office,Associate,Night,176619.19
243407,160196,Maintenance,Chef,Evening,93470.42
243408,161272,Front Office,Executive,Evening,25590.13
243409,160827,Food & Beverage,Associate,Morning,110991.63
243410,160209,Front Office,Executive,Night,56110.54
243411,160368,Food & Beverage,Technician,Night,119419.29
243412,161348,Housekeeping,Executive,Evening,81982.86
243413,161764,Sales,Chef,Morning,84579.51
243414,161939,Front Office,Supervisor,Night,150971.89
243415,160677,Maintenance,Supervisor,Morning,126878.86
243416,160555,Maintenance,Technician,Evening,143345.64
243417,161225,Maintenance,Associate,Night,170500.3
243418,160256,Maintenance,Chef,Night,49237.47
243419,160420,Sales,Chef,Evening,85298.2
243420,160934,Food & Beverage,Manager,Morning,51749.7
243421,160553,Front Office,Manager,Morning,78842.0
243422,160635,Food & Beverage,Chef,Morning,131051.96
243423,160246,Sales,Executive,Evening,100782.64
243424,161946,Housekeeping,Technician,Evening,95330.08
243425,161358,Food & Beverage,Executive,Night,103582.75
243426,160438,Food & Beverage,Manager,Morning,92867.59
243427,161204,Front Office,Associate,Morning,77756.34
243428,160519,Housekeeping,Associate,Evening,26646.1
243429,160653,Maintenance,Associate,Morning,99669.63
243430,161655,Food & Beverage,Manager,Morning,165060.12
243431,160541,Food & Beverage,Technician,Evening,42772.93
243432,161147,Food & Beverage,Manager,Night,155707.37
243433,160625,Maintenance,Supervisor,Evening,81070.44
243434,161562,Housekeeping,Associate,Morning,86394.35
243435,160451,Front Office,Chef,Evening,161569.07
243436,160857,Sales,Manager,Morning,116555.48
243437,160110,Housekeeping,Executive,Morning,81750.31
243438,160952,Sales,Technician,Morning,125516.75
243439,160943,Maintenance,Associate,Evening,162163.26
243440,161459,Housekeeping,Manager,Morning,103524.68
243441,160635,Front Office,Manager,Night,151627.34
243442,160384,Front Office,Chef,Evening,63328.07
243443,161729,Maintenance,Manager,Evening,36046.16
243444,160477,Food & Beverage,Executive,Evening,47076.86
243445,160489,Housekeeping,Manager,Morning,39718.46
243446,160692,Sales,Chef,Night,66629.85
243447,161800,Food & Beverage,Manager,Evening,36437.21
243448,161301,Sales,Executive,Morning,68167.2
243449,160806,Food & Beverage,Technician,Morning,54787.78
243450,160485,Maintenance,Executive,Night,109867.38
243451,160920,Sales,Supervisor,Night,44727.81
243452,161045,Food & Beverage,Manager,Morning,150901.96
243453,160635,Food & Beverage,Executive,Evening,81880.07
243454,160932,Sales,Associate,Morning,134042.44
243455,160751,Housekeeping,Executive,Night,62720.08
243456,160320,Food & Beverage,Supervisor,Evening,140644.2
243457,160353,Housekeeping,Associate,Evening,156188.86
243458,161593,Front Office,Chef,Night,163616.33
243459,161415,Maintenance,Technician,Night,49794.31
243460,161963,Housekeeping,Supervisor,Night,173176.24
243461,160012,Housekeeping,Chef,Morning,86200.81
243462,160278,Front Office,Chef,Night,170533.15
243463,161778,Food & Beverage,Manager,Evening,130450.99
243464,160494,Housekeeping,Chef,Night,177160.75
243465,160863,Maintenance,Technician,Evening,52751.04
243466,160690,Sales,Associate,Night,167972.23
243467,161317,Sales,Executive,Evening,78922.22
243468,160151,Sales,Supervisor,Morning,59417.15
243469,160212,Maintenance,Supervisor,Morning,133088.43
243470,160420,Food & Beverage,Technician,Night,29011.4
243471,160404,Food & Beverage,Supervisor,Evening,21162.41
243472,161581,Sales,Manager,Evening,107990.45
243473,161520,Front Office,Manager,Night,162019.66
243474,160743,Food & Beverage,Supervisor,Morning,163946.87
243475,161163,Sales,Associate,Evening,82787.49
243476,160099,Food & Beverage,Manager,Evening,59939.49
243477,161968,Maintenance,Executive,Morning,167539.46
243478,160362,Maintenance,Chef,Night,28421.66
243479,160581,Housekeeping,Chef,Evening,25535.64
243480,161521,Sales,Manager,Morning,47982.23
243481,161557,Food & Beverage,Supervisor,Night,105770.2
243482,161062,Sales,Supervisor,Morning,84410.36
243483,161600,Food & Beverage,Technician,Evening,24916.86
243484,161442,Food & Beverage,Executive,Morning,94202.73
243485,160563,Maintenance,Chef,Evening,44681.48
243486,160040,Sales,Manager,Morning,112569.1
243487,160838,Maintenance,Chef,Night,114534.14
243488,160969,Maintenance,Manager,Morning,145249.75
243489,161503,Food & Beverage,Associate,Morning,96644.85
243490,162000,Food & Beverage,Manager,Evening,109437.47
243491,160084,Housekeeping,Associate,Evening,98251.51
243492,160717,Food & Beverage,Manager,Morning,34917.69
243493,160040,Sales,Chef,Evening,96907.86
243494,160937,Front Office,Associate,Evening,88504.18
243495,160161,Housekeeping,Manager,Morning,105326.78
243496,161835,Housekeeping,Chef,Morning,111703.25
243497,161153,Housekeeping,Chef,Night,131974.33
243498,161479,Housekeeping,Associate,Evening,105214.97
243499,161470,Maintenance,Chef,Evening,160174.3
243500,160539,Food & Beverage,Executive,Morning,144444.64
243501,161100,Food & Beverage,Manager,Evening,117277.53
243502,161380,Sales,Technician,Morning,167368.33
243503,160173,Food & Beverage,Technician,Evening,140408.88
243504,160735,Sales,Manager,Night,121373.08
243505,161388,Food & Beverage,Associate,Evening,42057.8
243506,161360,Front Office,Associate,Evening,148345.45
243507,160765,Maintenance,Supervisor,Night,125470.96
243508,160467,Sales,Technician,Morning,129633.45
243509,161585,Front Office,Chef,Night,172219.89
243510,161537,Housekeeping,Supervisor,Evening,32222.95
243511,160139,Housekeeping,Chef,Night,163809.26
243512,160334,Housekeeping,Chef,Morning,148375.06
243513,161508,Housekeeping,Chef,Evening,117897.87
243514,160403,Sales,Executive,Evening,115768.37
243515,161871,Housekeeping,Manager,Evening,40848.21
243516,160673,Food & Beverage,Associate,Morning,127783.33
243517,160521,Maintenance,Chef,Evening,136930.29
243518,161053,Maintenance,Executive,Night,137537.82
243519,160745,Housekeeping,Supervisor,Evening,75260.08
243520,161455,Sales,Associate,Morning,98057.84
243521,161675,Maintenance,Manager,Evening,73024.64
243522,161634,Front Office,Technician,Night,27234.27
243523,161706,Housekeeping,Chef,Morning,44458.57
243524,160590,Maintenance,Technician,Morning,144987.14
243525,160005,Food & Beverage,Executive,Night,125713.63
243526,161789,Maintenance,Technician,Morning,153854.34
243527,160684,Front Office,Manager,Morning,104342.39
243528,160803,Maintenance,Manager,Night,30017.22
243529,160951,Sales,Associate,Night,72817.08
243530,160684,Sales,Supervisor,Night,118185.56
243531,160969,Front Office,Associate,Morning,59776.56
243532,161876,Sales,Chef,Morning,25001.61
243533,160899,Food & Beverage,Technician,Morning,161420.8
243534,160766,Sales,Supervisor,Night,123380.68
243535,161931,Sales,Technician,Morning,174764.62
243536,161790,Front Office,Executive,Evening,19679.83
243537,160410,Food & Beverage,Supervisor,Morning,98986.95
243538,160521,Sales,Supervisor,Night,89258.84
243539,160323,Housekeeping,Executive,Morning,51493.96
243540,161723,Front Office,Associate,Night,127812.94
243541,160656,Maintenance,Executive,Evening,88912.73
243542,160441,Front Office,Technician,Morning,84028.93
243543,161702,Maintenance,Chef,Night,134323.04
243544,160655,Sales,Chef,Night,171650.62
243545,160895,Front Office,Supervisor,Morning,18403.59
243546,160563,Food & Beverage,Associate,Night,167580.57
243547,160434,Sales,Chef,Night,49472.17
243548,161163,Front Office,Manager,Morning,31301.16
243549,160689,Sales,Manager,Morning,33829.66
243550,161971,Front Office,Technician,Night,150241.77
243551,161888,Food & Beverage,Technician,Night,132656.78
243552,161297,Maintenance,Chef,Morning,178884.64
243553,160698,Maintenance,Associate,Morning,136672.09
243554,161469,Sales,Associate,Night,160241.82
243555,161554,Front Office,Chef,Morning,31928.84
243556,160412,Sales,Chef,Evening,155530.84
243557,161886,Maintenance,Executive,Morning,109024.52
243558,161937,Front Office,Associate,Night,51612.23
243559,161091,Maintenance,Supervisor,Night,117856.35
243560,161565,Maintenance,Technician,Morning,41064.45
243561,161837,Housekeeping,Executive,Night,132119.29
243562,161916,Housekeeping,Technician,Morning,151999.79
243563,160988,Sales,Supervisor,Evening,38647.74
243564,160986,Sales,Technician,Morning,48462.1
243565,161596,Food & Beverage,Associate,Evening,18928.86
243566,161800,Food & Beverage,Supervisor,Night,115564.16
243567,161178,Sales,Technician,Morning,172713.46
243568,160088,Maintenance,Supervisor,Morning,155319.46
243569,160234,Maintenance,Technician,Morning,37778.07
243570,161599,Maintenance,Executive,Morning,84116.7
243571,160335,Food & Beverage,Manager,Evening,80497.61
243572,161964,Front Office,Chef,Morning,141779.78
243573,160056,Maintenance,Executive,Morning,82581.57
243574,160836,Maintenance,Technician,Evening,134381.33
243575,160414,Maintenance,Technician,Morning,147600.44
243576,161437,Front Office,Chef,Morning,149772.26
243577,161474,Food & Beverage,Manager,Evening,93920.65
243578,160057,Food & Beverage,Executive,Night,114253.55
243579,161502,Food & Beverage,Associate,Night,48120.9
243580,161743,Maintenance,Manager,Night,21095.87
243581,161233,Housekeeping,Technician,Morning,126500.41
243582,161294,Food & Beverage,Chef,Night,77972.21
243583,160807,Sales,Chef,Evening,38664.72
243584,160525,Front Office,Supervisor,Morning,20966.8
243585,161213,Front Office,Manager,Evening,167219.14
243586,161855,Housekeeping,Manager,Night,48812.12
243587,161501,Front Office,Associate,Morning,38415.22
243588,160953,Front Office,Chef,Night,78620.09
243589,160309,Sales,Executive,Evening,23609.44
243590,160624,Front Office,Manager,Morning,138571.78
243591,161787,Food & Beverage,Technician,Evening,53515.37
243592,161178,Food & Beverage,Executive,Morning,151900.42
243593,161239,Front Office,Chef,Night,138096.01
243594,160085,Food & Beverage,Supervisor,Morning,175862.16
243595,161342,Front Office,Technician,Night,154966.15
243596,161073,Maintenance,Manager,Morning,28895.57
243597,161274,Housekeeping,Executive,Night,87202.87
243598,160100,Food & Beverage,Manager,Morning,152774.3
243599,160726,Front Office,Executive,Night,31901.28
243600,160383,Food & Beverage,Chef,Morning,39824.75
243601,161127,Sales,Supervisor,Morning,113209.95
243602,161970,Maintenance,Associate,Evening,132012.73
243603,161511,Maintenance,Associate,Night,173338.59
243604,161412,Maintenance,Chef,Evening,151212.51
243605,160877,Food & Beverage,Supervisor,Night,163843.03
243606,161929,Sales,Technician,Night,102701.25
243607,161555,Sales,Manager,Night,25905.66
243608,160445,Maintenance,Supervisor,Evening,167098.96
243609,160184,Maintenance,Manager,Morning,128688.45
243610,161942,Front Office,Executive,Night,170735.91
243611,161459,Maintenance,Manager,Night,80389.02
243612,160499,Food & Beverage,Chef,Night,61862.04
243613,161394,Housekeeping,Associate,Evening,168015.83
243614,160883,Maintenance,Supervisor,Night,146387.58
243615,161878,Food & Beverage,Executive,Morning,72719.94
243616,161505,Housekeeping,Associate,Night,60703.93
243617,160301,Housekeeping,Associate,Morning,27410.95
243618,161327,Maintenance,Chef,Night,66786.08
243619,161501,Food & Beverage,Manager,Night,60857.5
243620,161481,Front Office,Associate,Evening,58895.47
243621,160253,Food & Beverage,Chef,Evening,160648.21
243622,160653,Sales,Chef,Night,124247.49
243623,160547,Front Office,Technician,Night,85184.74
243624,161986,Maintenance,Executive,Night,68745.93
243625,161742,Food & Beverage,Chef,Evening,168912.64
243626,160877,Maintenance,Technician,Morning,40140.69
243627,161259,Housekeeping,Supervisor,Evening,70700.5
243628,161297,Housekeeping,Manager,Morning,154126.24
243629,161554,Maintenance,Supervisor,Evening,23848.41
243630,160537,Food & Beverage,Manager,Morning,81555.92
243631,160343,Front Office,Supervisor,Morning,153459.29
243632,160825,Housekeeping,Manager,Night,125992.51
243633,160130,Housekeeping,Executive,Night,84717.49
243634,160104,Maintenance,Manager,Night,31427.51
243635,161102,Food & Beverage,Executive,Morning,64513.77
243636,161812,Housekeeping,Associate,Evening,79809.32
243637,161205,Sales,Manager,Evening,112672.17
243638,160667,Sales,Manager,Evening,68860.38
243639,161433,Food & Beverage,Associate,Evening,143236.18
243640,160273,Food & Beverage,Executive,Night,155271.09
243641,160143,Food & Beverage,Supervisor,Evening,76831.43
243642,160563,Sales,Technician,Night,72618.49
243643,161368,Food & Beverage,Supervisor,Night,161184.17
243644,161158,Maintenance,Chef,Night,22549.21
243645,160700,Sales,Technician,Morning,169033.53
243646,160454,Housekeeping,Associate,Night,115507.28
243647,160727,Housekeeping,Manager,Night,156320.49
243648,161346,Sales,Associate,Morning,138795.79
243649,160944,Front Office,Executive,Evening,72906.92
243650,161910,Front Office,Supervisor,Morning,42582.84
243651,161940,Sales,Supervisor,Evening,57423.95
243652,160595,Housekeeping,Executive,Morning,117476.6
243653,160877,Housekeeping,Manager,Morning,47272.33
243654,161701,Front Office,Associate,Night,127158.78
243655,161529,Housekeeping,Supervisor,Night,76104.17
243656,160173,Maintenance,Manager,Evening,51131.84
243657,160219,Maintenance,Chef,Evening,93690.66
243658,160154,Maintenance,Associate,Morning,32284.42
243659,161771,Food & Beverage,Chef,Night,76034.12
243660,160202,Food & Beverage,Executive,Night,43585.96
243661,161264,Maintenance,Technician,Evening,129607.1
243662,161843,Maintenance,Supervisor,Night,122819.44
243663,160083,Maintenance,Associate,Evening,96460.16
243664,161870,Front Office,Executive,Night,47661.36
243665,160676,Food & Beverage,Technician,Night,42037.8
243666,161461,Maintenance,Executive,Evening,159531.75
243667,161089,Sales,Supervisor,Morning,32307.59
243668,161078,Housekeeping,Manager,Morning,143785.74
243669,161293,Housekeeping,Technician,Night,160180.66
243670,161021,Food & Beverage,Manager,Morning,167527.01
243671,161863,Food & Beverage,Chef,Evening,47234.95
243672,160609,Sales,Manager,Night,20994.89
243673,161600,Maintenance,Associate,Morning,163272.26
243674,160231,Front Office,Chef,Morning,57965.6
243675,161522,Sales,Manager,Evening,142525.23
243676,160236,Sales,Technician,Morning,60978.22
243677,160658,Food & Beverage,Associate,Evening,152901.76
243678,160905,Sales,Technician,Evening,36135.15
243679,161767,Housekeeping,Executive,Morning,148176.77
243680,160238,Maintenance,Associate,Morning,172572.26
243681,161028,Housekeeping,Manager,Night,25573.61
243682,161206,Sales,Supervisor,Morning,61690.33
243683,161250,Housekeeping,Associate,Evening,58139.84
243684,161490,Front Office,Manager,Night,94560.92
243685,160237,Front Office,Chef,Evening,31789.2
243686,160140,Sales,Executive,Morning,128648.71
243687,161831,Maintenance,Chef,Morning,125812.5
243688,161354,Housekeeping,Executive,Evening,81146.61
243689,160141,Maintenance,Executive,Morning,92234.21
243690,161334,Housekeeping,Supervisor,Evening,31455.12
243691,160916,Housekeeping,Technician,Night,159680.74
243692,160343,Front Office,Manager,Night,148224.16
243693,161361,Sales,Technician,Night,99681.3
243694,160426,Housekeeping,Supervisor,Night,56946.96
243695,161403,Front Office,Supervisor,Evening,75738.16
243696,160534,Housekeeping,Executive,Evening,139872.01
243697,160738,Food & Beverage,Chef,Night,62926.66
243698,160944,Housekeeping,Technician,Night,82027.54
243699,160083,Food & Beverage,Supervisor,Night,54622.55
243700,161525,Food & Beverage,Executive,Evening,155638.27
243701,161822,Food & Beverage,Supervisor,Evening,95907.87
243702,160132,Front Office,Chef,Night,128619.97
243703,160567,Front Office,Executive,Morning,120673.92
243704,161816,Maintenance,Associate,Night,29916.1
243705,160783,Food & Beverage,Chef,Morning,128894.95
243706,161534,Maintenance,Chef,Morning,66639.18
243707,160058,Front Office,Associate,Evening,87860.75
243708,161322,Maintenance,Chef,Morning,123753.96
243709,161778,Front Office,Technician,Evening,85175.72
243710,161458,Food & Beverage,Associate,Night,110222.54
243711,161838,Housekeeping,Associate,Evening,161687.97
243712,161239,Maintenance,Executive,Night,139040.67
243713,160089,Front Office,Manager,Evening,40472.18
243714,161584,Front Office,Supervisor,Evening,93005.01
243715,160357,Sales,Executive,Morning,148494.55
243716,161285,Food & Beverage,Manager,Evening,57998.53
243717,161402,Sales,Manager,Morning,49615.67
243718,160901,Housekeeping,Manager,Evening,41726.92
243719,160393,Sales,Chef,Night,58513.34
243720,160995,Housekeeping,Chef,Evening,32942.8
243721,161171,Maintenance,Associate,Night,156468.83
243722,161856,Food & Beverage,Chef,Night,22337.46
243723,161810,Housekeeping,Technician,Night,165800.13
243724,161740,Food & Beverage,Associate,Morning,147243.34
243725,160760,Front Office,Technician,Evening,141936.25
243726,160393,Maintenance,Chef,Night,150273.51
243727,160984,Maintenance,Manager,Evening,101518.44
243728,160618,Food & Beverage,Supervisor,Night,128782.9
243729,161124,Maintenance,Supervisor,Morning,18405.64
243730,160744,Front Office,Associate,Night,117764.5
243731,161652,Sales,Associate,Morning,94248.3
243732,161134,Front Office,Supervisor,Morning,65199.81
243733,161666,Sales,Executive,Morning,27119.66
243734,161195,Maintenance,Chef,Night,30459.72
243735,160483,Sales,Associate,Evening,158601.31
243736,160237,Front Office,Executive,Evening,150471.82
243737,160176,Maintenance,Executive,Morning,71361.19
243738,161493,Housekeeping,Technician,Morning,147107.26
243739,160164,Housekeeping,Supervisor,Morning,31322.57
243740,160866,Housekeeping,Associate,Evening,102594.36
243741,160218,Maintenance,Associate,Evening,23518.44
243742,161042,Food & Beverage,Supervisor,Morning,158681.33
243743,160327,Food & Beverage,Technician,Night,21051.63
243744,161388,Maintenance,Technician,Night,132350.53
243745,161582,Housekeeping,Executive,Morning,48648.93
243746,160358,Maintenance,Chef,Evening,112488.72
243747,160273,Food & Beverage,Executive,Night,132517.92
243748,160536,Sales,Executive,Evening,148222.4
243749,161329,Front Office,Supervisor,Morning,54177.74
243750,160998,Maintenance,Associate,Morning,140141.27
243751,160106,Front Office,Manager,Night,94288.39
243752,160020,Sales,Chef,Morning,50611.66
243753,161466,Front Office,Chef,Evening,168846.49
243754,160605,Front Office,Associate,Night,97597.07
243755,161264,Housekeeping,Associate,Evening,67384.02
243756,161868,Food & Beverage,Supervisor,Night,157688.35
243757,161858,Sales,Technician,Evening,153386.4
243758,161635,Front Office,Technician,Night,67297.18
243759,160758,Front Office,Manager,Night,120364.26
243760,161419,Maintenance,Technician,Night,106945.86
243761,161546,Housekeeping,Associate,Morning,117430.46
243762,161209,Sales,Technician,Night,33952.57
243763,161935,Housekeeping,Supervisor,Morning,90471.84
243764,160743,Front Office,Associate,Evening,73573.0
243765,160213,Front Office,Executive,Morning,78974.23
243766,160028,Sales,Associate,Night,44683.92
243767,161527,Food & Beverage,Manager,Morning,133400.82
243768,160361,Sales,Technician,Evening,147476.48
243769,161790,Sales,Associate,Evening,168725.41
243770,160374,Sales,Executive,Morning,151880.19
243771,161433,Food & Beverage,Associate,Morning,118848.61
243772,161374,Maintenance,Supervisor,Evening,121073.22
243773,161138,Housekeeping,Manager,Night,109504.12
243774,161500,Maintenance,Supervisor,Evening,41259.42
243775,160923,Front Office,Chef,Morning,150202.92
243776,160254,Sales,Technician,Evening,67852.97
243777,161168,Sales,Chef,Night,101067.89
243778,160366,Sales,Supervisor,Morning,91891.35
243779,160019,Sales,Chef,Evening,52775.32
243780,161868,Food & Beverage,Executive,Morning,28130.9
243781,160528,Sales,Chef,Evening,173032.07
243782,161404,Maintenance,Associate,Evening,25654.26
243783,160101,Front Office,Chef,Morning,92866.52
243784,160341,Food & Beverage,Associate,Evening,35188.93
243785,160852,Housekeeping,Executive,Night,25359.41
243786,160923,Front Office,Chef,Morning,36885.27
243787,160274,Sales,Chef,Night,29503.66
243788,161725,Maintenance,Technician,Night,72168.84
243789,160834,Front Office,Technician,Night,162632.12
243790,161900,Food & Beverage,Technician,Evening,48626.13
243791,160434,Food & Beverage,Supervisor,Morning,160586.36
243792,160671,Sales,Associate,Night,133066.66
243793,161667,Housekeeping,Technician,Evening,145704.27
243794,161974,Food & Beverage,Associate,Night,179576.05
243795,161374,Sales,Executive,Night,141652.15
243796,161240,Food & Beverage,Technician,Night,54603.59
243797,161869,Maintenance,Associate,Night,34272.8
243798,160574,Sales,Technician,Morning,128000.4
243799,160914,Sales,Executive,Morning,41852.09
243800,161682,Food & Beverage,Supervisor,Night,35989.63
243801,161926,Sales,Associate,Evening,155639.85
243802,160166,Food & Beverage,Technician,Night,29895.95
243803,161065,Food & Beverage,Chef,Morning,179519.49
243804,160105,Front Office,Technician,Night,120396.11
243805,160504,Food & Beverage,Executive,Morning,45476.22
243806,161515,Front Office,Manager,Evening,109803.73
243807,161147,Front Office,Technician,Night,146252.3
243808,160339,Sales,Executive,Night,118859.02
243809,160402,Sales,Chef,Evening,167102.99
243810,160253,Front Office,Chef,Evening,120000.88
243811,161713,Food & Beverage,Supervisor,Evening,151088.13
243812,161320,Food & Beverage,Manager,Morning,141183.24
243813,161490,Food & Beverage,Technician,Evening,87219.79
243814,160512,Maintenance,Supervisor,Evening,44984.94
243815,160357,Housekeeping,Executive,Morning,51244.37
243816,160621,Food & Beverage,Associate,Morning,127832.72
243817,160335,Housekeeping,Manager,Morning,119370.25
243818,160512,Sales,Associate,Evening,50339.4
243819,161995,Housekeeping,Manager,Evening,63142.02
243820,160143,Front Office,Technician,Night,21997.89
243821,161026,Front Office,Technician,Morning,108841.92
243822,161386,Front Office,Manager,Evening,61686.26
243823,160551,Front Office,Chef,Night,122809.01
243824,161695,Food & Beverage,Executive,Evening,174986.37
243825,160648,Food & Beverage,Associate,Evening,76113.45
243826,160750,Front Office,Executive,Night,105984.34
243827,160014,Food & Beverage,Executive,Night,20943.09
243828,160609,Front Office,Chef,Evening,129277.24
243829,161033,Food & Beverage,Associate,Morning,40263.19
243830,161223,Housekeeping,Supervisor,Night,34794.89
243831,161795,Housekeeping,Associate,Morning,28439.84
243832,160644,Housekeeping,Chef,Night,110004.55
243833,161018,Food & Beverage,Manager,Night,177372.35
243834,160016,Food & Beverage,Chef,Evening,80112.98
243835,161873,Housekeeping,Supervisor,Night,156022.88
243836,161012,Housekeeping,Manager,Evening,21392.01
243837,161908,Sales,Chef,Evening,91740.84
243838,160551,Maintenance,Supervisor,Morning,136278.58
243839,161569,Food & Beverage,Manager,Morning,90553.34
243840,161808,Sales,Supervisor,Morning,127393.34
243841,161001,Sales,Executive,Morning,29693.68
243842,161136,Food & Beverage,Supervisor,Morning,104064.05
243843,161305,Front Office,Manager,Evening,40180.41
243844,161459,Food & Beverage,Chef,Night,62437.25
243845,161345,Housekeeping,Manager,Evening,130485.68
243846,161701,Sales,Supervisor,Evening,24879.98
243847,160750,Maintenance,Manager,Morning,145514.39
243848,161538,Front Office,Manager,Night,119439.04
243849,160618,Food & Beverage,Supervisor,Evening,87052.06
243850,161364,Housekeeping,Supervisor,Night,129853.87
243851,161225,Sales,Chef,Morning,130332.41
243852,160650,Maintenance,Technician,Evening,24468.32
243853,161163,Housekeeping,Technician,Evening,40079.28
243854,160889,Sales,Manager,Evening,32342.21
243855,160243,Front Office,Manager,Evening,113184.95
243856,160867,Housekeeping,Associate,Evening,170887.23
243857,161226,Sales,Chef,Morning,84744.02
243858,161057,Food & Beverage,Associate,Morning,106897.42
243859,161842,Front Office,Chef,Evening,174520.21
243860,160185,Front Office,Manager,Evening,77477.25
243861,161737,Sales,Associate,Morning,169865.39
243862,160770,Maintenance,Manager,Evening,102550.69
243863,161035,Maintenance,Technician,Night,83311.16
243864,160825,Front Office,Manager,Night,54986.21
243865,161685,Food & Beverage,Executive,Morning,139419.45
243866,160681,Housekeeping,Chef,Evening,129543.12
243867,160035,Front Office,Executive,Night,174744.5
243868,160435,Housekeeping,Executive,Evening,95232.82
243869,161941,Food & Beverage,Technician,Night,134499.87
243870,161527,Food & Beverage,Manager,Evening,172291.5
243871,160101,Front Office,Manager,Night,87144.56
243872,160728,Sales,Supervisor,Evening,97811.7
243873,161616,Housekeeping,Technician,Evening,147052.09
243874,160178,Food & Beverage,Technician,Night,66568.78
243875,161880,Maintenance,Associate,Evening,27588.33
243876,161414,Housekeeping,Manager,Morning,60677.15
243877,160704,Housekeeping,Manager,Evening,88121.94
243878,160600,Food & Beverage,Chef,Morning,119100.28
243879,160368,Food & Beverage,Supervisor,Evening,178264.91
243880,160332,Food & Beverage,Manager,Morning,126138.17
243881,160904,Food & Beverage,Technician,Evening,130452.56
243882,161236,Front Office,Manager,Evening,176224.76
243883,161734,Housekeeping,Supervisor,Morning,58538.82
243884,161128,Food & Beverage,Supervisor,Morning,120804.35
243885,161402,Food & Beverage,Supervisor,Night,61715.15
243886,160915,Sales,Associate,Morning,100068.59
243887,161618,Housekeeping,Manager,Night,39037.18
243888,160273,Maintenance,Supervisor,Evening,58387.68
243889,161842,Front Office,Technician,Evening,77239.92
243890,161657,Maintenance,Manager,Morning,19346.87
243891,161637,Sales,Associate,Night,171683.57
243892,161075,Sales,Associate,Evening,67127.81
243893,161425,Maintenance,Executive,Evening,86177.2
243894,160110,Front Office,Associate,Evening,84495.17
243895,161268,Sales,Technician,Evening,85192.08
243896,160848,Food & Beverage,Executive,Night,153080.69
243897,160866,Housekeeping,Supervisor,Morning,27093.21
243898,160890,Housekeeping,Chef,Morning,113965.34
243899,161897,Food & Beverage,Associate,Evening,160659.05
243900,160418,Maintenance,Supervisor,Evening,169701.46
243901,160861,Front Office,Executive,Evening,96008.17
243902,161354,Maintenance,Supervisor,Morning,39186.41
243903,160944,Maintenance,Technician,Evening,135868.6
243904,161685,Housekeeping,Associate,Morning,143810.43
243905,161980,Housekeeping,Manager,Night,22841.32
243906,160369,Housekeeping,Manager,Morning,60045.38
243907,161816,Front Office,Chef,Night,152836.26
243908,160679,Maintenance,Chef,Evening,116900.78
243909,160941,Food & Beverage,Chef,Night,124430.62
243910,161058,Maintenance,Supervisor,Night,26205.34
243911,161919,Sales,Manager,Night,70901.01
243912,160887,Housekeeping,Chef,Night,162909.97
243913,161028,Maintenance,Technician,Evening,18530.3
243914,160838,Sales,Executive,Night,39152.97
243915,161403,Housekeeping,Supervisor,Evening,72675.25
243916,160334,Front Office,Associate,Evening,67518.85
243917,161786,Housekeeping,Associate,Night,59949.77
243918,161070,Maintenance,Executive,Evening,64978.41
243919,161554,Front Office,Associate,Evening,170851.08
243920,160509,Housekeeping,Associate,Morning,112624.0
243921,160143,Sales,Chef,Morning,105056.34
243922,160290,Food & Beverage,Supervisor,Night,28660.59
243923,161221,Food & Beverage,Chef,Evening,21383.52
243924,161890,Front Office,Supervisor,Evening,134247.96
243925,161971,Sales,Chef,Morning,98365.35
243926,160742,Housekeeping,Technician,Evening,135820.22
243927,160012,Food & Beverage,Technician,Morning,138500.53
243928,161248,Food & Beverage,Supervisor,Evening,103677.5
243929,161130,Sales,Chef,Night,43013.26
243930,160606,Food & Beverage,Executive,Night,37469.12
243931,161177,Sales,Associate,Morning,100661.79
243932,161887,Food & Beverage,Associate,Night,45662.69
243933,160808,Maintenance,Executive,Morning,167638.79
243934,160485,Maintenance,Supervisor,Night,78630.77
243935,161981,Front Office,Associate,Night,112768.14
243936,160609,Food & Beverage,Associate,Evening,47184.82
243937,161911,Housekeeping,Manager,Evening,97344.13
243938,161024,Food & Beverage,Supervisor,Night,124868.35
243939,160840,Maintenance,Supervisor,Evening,69028.82
243940,161320,Front Office,Chef,Night,22984.76
243941,160598,Sales,Supervisor,Evening,21328.91
243942,160598,Maintenance,Supervisor,Morning,27673.79
243943,160640,Sales,Supervisor,Evening,53379.49
243944,161828,Food & Beverage,Executive,Evening,85834.15
243945,161430,Sales,Executive,Morning,85055.78
243946,161069,Food & Beverage,Supervisor,Night,104364.13
243947,160143,Food & Beverage,Technician,Morning,38828.19
243948,161559,Food & Beverage,Technician,Morning,167962.44
243949,160979,Sales,Supervisor,Night,76075.69
243950,161897,Maintenance,Technician,Evening,112171.94
243951,161451,Sales,Manager,Evening,32544.19
243952,160526,Food & Beverage,Executive,Evening,58288.5
243953,161645,Sales,Associate,Morning,49226.02
243954,161599,Housekeeping,Associate,Morning,140057.58
243955,161478,Sales,Technician,Morning,177805.64
243956,160665,Maintenance,Manager,Night,36123.29
243957,161878,Sales,Chef,Morning,99608.4
243958,161338,Housekeeping,Supervisor,Night,124514.96
243959,160515,Housekeeping,Chef,Morning,163220.68
243960,161355,Front Office,Executive,Morning,43171.78
243961,161177,Maintenance,Chef,Night,111061.65
243962,161929,Sales,Manager,Morning,134397.28
243963,160362,Front Office,Executive,Night,163793.06
243964,161062,Housekeeping,Supervisor,Evening,119664.67
243965,161326,Sales,Technician,Night,163332.12
243966,160085,Front Office,Manager,Morning,83027.89
243967,160421,Food & Beverage,Manager,Evening,64536.24
243968,160854,Front Office,Executive,Night,90082.43
243969,160574,Food & Beverage,Manager,Evening,150449.69
243970,160196,Housekeeping,Technician,Evening,102462.97
243971,161377,Sales,Manager,Morning,158671.41
243972,161535,Housekeeping,Supervisor,Evening,159137.69
243973,160957,Sales,Manager,Night,179284.29
243974,160954,Sales,Technician,Night,66013.25
243975,161125,Food & Beverage,Manager,Evening,141741.72
243976,161120,Food & Beverage,Technician,Evening,109472.94
243977,160258,Maintenance,Chef,Evening,90675.95
243978,161645,Sales,Supervisor,Night,107560.31
243979,161722,Front Office,Executive,Morning,67102.05
243980,161457,Sales,Manager,Morning,111258.93
243981,161881,Food & Beverage,Executive,Night,21978.33
243982,161061,Maintenance,Manager,Morning,31247.52
243983,160702,Housekeeping,Associate,Night,29593.88
243984,161792,Maintenance,Technician,Night,19335.91
243985,161805,Front Office,Supervisor,Night,52341.74
243986,160663,Maintenance,Executive,Night,131979.21
243987,160499,Food & Beverage,Executive,Evening,50578.57
243988,161291,Food & Beverage,Chef,Evening,158027.22
243989,161263,Maintenance,Chef,Night,163590.14
243990,160317,Housekeeping,Technician,Evening,84134.77
243991,161524,Sales,Chef,Night,155926.4
243992,160033,Food & Beverage,Chef,Night,114832.33
243993,160764,Housekeeping,Manager,Morning,165912.44
243994,160217,Housekeeping,Supervisor,Night,148477.28
243995,161812,Sales,Associate,Evening,111939.86
243996,160682,Maintenance,Supervisor,Evening,137675.05
243997,160585,Maintenance,Supervisor,Morning,37851.73
243998,160142,Sales,Executive,Morning,122874.06
243999,160705,Front Office,Executive,Evening,117250.8
244000,161764,Food & Beverage,Associate,Night,136335.18
244001,160055,Sales,Executive,Night,167760.64
244002,160382,Front Office,Supervisor,Evening,86025.02
244003,161285,Sales,Executive,Morning,27015.08
244004,160327,Housekeeping,Executive,Night,137741.66
244005,161262,Food & Beverage,Technician,Evening,93586.29
244006,160449,Housekeeping,Executive,Evening,116932.48
244007,161328,Housekeeping,Technician,Night,166241.3
244008,161394,Sales,Manager,Evening,67237.13
244009,161372,Housekeeping,Technician,Evening,72352.2
244010,161893,Maintenance,Manager,Morning,145068.53
244011,160193,Maintenance,Chef,Night,165354.9
244012,161140,Housekeeping,Executive,Evening,23509.58
244013,160996,Maintenance,Chef,Morning,126377.91
244014,160806,Food & Beverage,Manager,Night,100824.48
244015,160992,Sales,Chef,Morning,168257.16
244016,160448,Housekeeping,Chef,Night,133281.47
244017,161870,Food & Beverage,Technician,Night,84702.36
244018,161473,Sales,Manager,Morning,155057.25
244019,161432,Sales,Technician,Evening,111091.3
244020,160441,Housekeeping,Associate,Evening,161140.18
244021,160498,Food & Beverage,Technician,Evening,111815.13
244022,160063,Maintenance,Technician,Night,179873.72
244023,160165,Maintenance,Supervisor,Night,74556.04
244024,161000,Food & Beverage,Associate,Night,124721.07
244025,161395,Sales,Manager,Morning,82640.74
244026,160006,Sales,Manager,Morning,107348.97
244027,160486,Maintenance,Technician,Evening,163259.29
244028,160334,Maintenance,Executive,Evening,109402.25
244029,160002,Food & Beverage,Chef,Morning,151890.72
244030,161971,Food & Beverage,Technician,Evening,177180.56
244031,161750,Sales,Executive,Night,77960.93
244032,160090,Maintenance,Manager,Night,126527.98
244033,160398,Food & Beverage,Associate,Morning,101818.59
244034,161227,Food & Beverage,Executive,Morning,110434.54
244035,160314,Housekeeping,Technician,Night,84203.1
244036,161030,Maintenance,Technician,Morning,177922.14
244037,160711,Housekeeping,Manager,Evening,27805.99
244038,161235,Maintenance,Technician,Morning,170428.08
244039,161633,Maintenance,Associate,Morning,70627.0
244040,160540,Front Office,Technician,Night,169050.8
244041,161971,Housekeeping,Technician,Evening,163373.36
244042,161454,Food & Beverage,Associate,Evening,110460.02
244043,161161,Housekeeping,Technician,Night,159699.23
244044,160993,Housekeeping,Associate,Night,139919.35
244045,161643,Sales,Manager,Night,128406.08
244046,160363,Front Office,Chef,Morning,134894.22
244047,160045,Food & Beverage,Chef,Evening,24117.84
244048,160532,Sales,Supervisor,Night,48589.46
244049,160688,Food & Beverage,Executive,Evening,76339.0
244050,161142,Maintenance,Supervisor,Morning,170943.66
244051,161379,Food & Beverage,Supervisor,Night,138076.19
244052,161630,Front Office,Associate,Morning,94874.03
244053,160979,Maintenance,Executive,Evening,95662.64
244054,161102,Housekeeping,Associate,Morning,117562.35
244055,160225,Sales,Chef,Morning,61022.07
244056,160390,Maintenance,Associate,Night,86691.35
244057,160463,Sales,Executive,Night,40266.82
244058,160737,Sales,Manager,Night,124317.34
244059,161184,Sales,Chef,Morning,77006.34
244060,161904,Front Office,Supervisor,Evening,130971.87
244061,161438,Housekeeping,Associate,Evening,93012.01
244062,161718,Sales,Associate,Evening,26270.12
244063,161988,Sales,Chef,Morning,75331.89
244064,161404,Maintenance,Executive,Morning,110368.2
244065,160914,Maintenance,Manager,Evening,75239.16
244066,160144,Food & Beverage,Executive,Night,19809.21
244067,161346,Food & Beverage,Executive,Night,40229.77
244068,160232,Maintenance,Associate,Evening,26993.25
244069,161915,Housekeeping,Technician,Night,110335.18
244070,161808,Front Office,Technician,Morning,40902.56
244071,160392,Maintenance,Technician,Night,102806.51
244072,161878,Front Office,Manager,Evening,146684.09
244073,160947,Maintenance,Technician,Evening,163502.14
244074,161209,Food & Beverage,Supervisor,Evening,105334.94
244075,160021,Housekeeping,Chef,Evening,96475.69
244076,161295,Housekeeping,Technician,Morning,61653.42
244077,161093,Front Office,Chef,Evening,138109.86
244078,160940,Sales,Chef,Morning,109189.81
244079,161845,Maintenance,Executive,Morning,58460.17
244080,161160,Maintenance,Supervisor,Night,95434.25
244081,160726,Maintenance,Manager,Morning,144061.49
244082,161376,Food & Beverage,Supervisor,Evening,115994.06
244083,161253,Front Office,Technician,Morning,79351.34
244084,160910,Front Office,Executive,Night,158755.79
244085,161991,Housekeeping,Chef,Morning,47726.9
244086,160024,Housekeeping,Manager,Night,179373.97
244087,160937,Sales,Chef,Morning,166103.51
244088,160108,Food & Beverage,Manager,Morning,74045.87
244089,161096,Food & Beverage,Associate,Evening,61499.9
244090,160339,Housekeeping,Associate,Evening,136332.51
244091,160716,Maintenance,Supervisor,Morning,156967.0
244092,161866,Front Office,Manager,Evening,162222.66
244093,160781,Housekeeping,Manager,Morning,107693.81
244094,161842,Sales,Executive,Morning,143564.12
244095,161280,Housekeeping,Associate,Evening,66752.45
244096,161687,Food & Beverage,Supervisor,Evening,157780.88
244097,160453,Maintenance,Manager,Morning,74297.37
244098,160501,Food & Beverage,Supervisor,Night,24555.59
244099,160640,Front Office,Technician,Morning,24904.28
244100,161595,Maintenance,Technician,Evening,154341.18
244101,160086,Housekeeping,Associate,Morning,88640.04
244102,161734,Sales,Supervisor,Night,31498.44
244103,161166,Food & Beverage,Manager,Evening,112814.3
244104,161746,Housekeeping,Manager,Night,72475.17
244105,161042,Maintenance,Executive,Night,44536.92
244106,161775,Housekeeping,Technician,Evening,64678.83
244107,161029,Maintenance,Manager,Evening,80138.34
244108,160960,Maintenance,Manager,Night,48475.71
244109,160218,Housekeeping,Manager,Evening,59699.9
244110,161579,Maintenance,Associate,Morning,67739.2
244111,160484,Front Office,Associate,Morning,125579.87
244112,161066,Food & Beverage,Associate,Morning,141101.56
244113,160110,Sales,Associate,Evening,113095.98
244114,160481,Sales,Executive,Night,119004.75
244115,160980,Housekeeping,Executive,Morning,34667.77
244116,161049,Maintenance,Associate,Evening,153061.5
244117,161431,Front Office,Chef,Evening,113489.92
244118,161264,Front Office,Technician,Evening,25070.96
244119,161589,Food & Beverage,Chef,Morning,104953.28
244120,161271,Housekeeping,Manager,Evening,152325.35
244121,161673,Food & Beverage,Technician,Evening,74040.56
244122,160516,Food & Beverage,Manager,Evening,99023.25
244123,161602,Sales,Supervisor,Evening,107392.28
244124,161248,Food & Beverage,Executive,Morning,124158.85
244125,160364,Maintenance,Manager,Evening,145805.04
244126,161018,Housekeeping,Technician,Night,150646.98
244127,160213,Maintenance,Supervisor,Morning,60224.66
244128,160987,Food & Beverage,Executive,Evening,154253.74
244129,161968,Maintenance,Executive,Morning,82312.71
244130,160972,Sales,Chef,Evening,86983.22
244131,161642,Maintenance,Manager,Evening,28397.92
244132,160087,Front Office,Chef,Evening,63425.22
244133,160335,Food & Beverage,Technician,Evening,110502.77
244134,160509,Sales,Associate,Morning,177900.97
244135,160822,Food & Beverage,Chef,Night,80759.3
244136,161232,Housekeeping,Technician,Night,90991.95
244137,160157,Housekeeping,Technician,Night,53710.98
244138,161760,Housekeeping,Chef,Morning,136509.24
244139,160537,Food & Beverage,Chef,Night,116168.42
244140,161878,Front Office,Chef,Morning,79862.14
244141,160215,Sales,Technician,Evening,97507.69
244142,161568,Front Office,Chef,Morning,120376.05
244143,160872,Sales,Executive,Evening,33512.33
244144,160618,Food & Beverage,Executive,Evening,165006.45
244145,160249,Sales,Executive,Night,161398.94
244146,161556,Food & Beverage,Technician,Evening,136140.93
244147,160722,Sales,Manager,Morning,92494.18
244148,161986,Maintenance,Executive,Night,97506.37
244149,161406,Housekeeping,Executive,Night,18417.34
244150,160831,Front Office,Supervisor,Night,102784.94
244151,161533,Maintenance,Executive,Night,65500.18
244152,161272,Maintenance,Supervisor,Night,121973.55
244153,160885,Food & Beverage,Technician,Evening,18610.4
244154,160880,Housekeeping,Technician,Morning,44230.82
244155,161836,Food & Beverage,Technician,Night,43481.03
244156,160551,Housekeeping,Executive,Morning,146482.2
244157,161921,Housekeeping,Supervisor,Evening,147665.77
244158,161949,Housekeeping,Chef,Evening,124790.26
244159,161783,Front Office,Executive,Evening,134631.02
244160,161922,Maintenance,Associate,Morning,159082.34
244161,160958,Housekeeping,Executive,Morning,131145.39
244162,160638,Front Office,Technician,Night,105445.46
244163,161284,Sales,Supervisor,Morning,54509.68
244164,161464,Front Office,Manager,Night,161897.95
244165,160482,Front Office,Supervisor,Evening,86104.66
244166,161384,Maintenance,Associate,Evening,92996.63
244167,160820,Front Office,Manager,Evening,131520.74
244168,161934,Maintenance,Associate,Evening,146075.49
244169,161615,Maintenance,Supervisor,Morning,151551.31
244170,161679,Sales,Chef,Night,173590.0
244171,161194,Sales,Executive,Morning,163016.72
244172,161571,Sales,Technician,Evening,161815.23
244173,161338,Front Office,Technician,Evening,70618.99
244174,160810,Front Office,Associate,Morning,137119.84
244175,161021,Food & Beverage,Associate,Night,25584.87
244176,161189,Housekeeping,Associate,Evening,71307.35
244177,160319,Sales,Executive,Evening,25741.65
244178,160630,Food & Beverage,Chef,Night,51629.73
244179,160012,Sales,Supervisor,Morning,92938.14
244180,160565,Food & Beverage,Technician,Morning,64859.93
244181,161698,Front Office,Manager,Morning,61937.2
244182,161804,Food & Beverage,Supervisor,Evening,125050.16
244183,161500,Front Office,Chef,Morning,138591.02
244184,161737,Food & Beverage,Associate,Morning,163445.59
244185,161562,Housekeeping,Executive,Night,29164.78
244186,161484,Food & Beverage,Associate,Morning,105477.62
244187,161901,Housekeeping,Manager,Night,122044.16
244188,160722,Housekeeping,Technician,Evening,150952.28
244189,160362,Housekeeping,Technician,Morning,78248.34
244190,160901,Food & Beverage,Chef,Morning,175613.52
244191,161949,Housekeeping,Chef,Evening,103240.97
244192,160138,Front Office,Associate,Night,138695.31
244193,160011,Food & Beverage,Manager,Night,72297.13
244194,160397,Front Office,Technician,Morning,158822.19
244195,161277,Maintenance,Technician,Night,98863.98
244196,160910,Sales,Associate,Evening,105761.91
244197,161824,Housekeeping,Associate,Morning,75821.21
244198,160223,Food & Beverage,Supervisor,Morning,113218.5
244199,161146,Housekeeping,Chef,Morning,159345.24
244200,161474,Front Office,Technician,Evening,147840.99
244201,161961,Food & Beverage,Chef,Morning,42052.53
244202,160873,Front Office,Executive,Night,86312.57
244203,161547,Sales,Supervisor,Night,166917.71
244204,161544,Maintenance,Manager,Evening,58483.85
244205,161498,Front Office,Chef,Morning,92141.66
244206,160262,Sales,Chef,Morning,142706.31
244207,161616,Food & Beverage,Supervisor,Night,70631.38
244208,161835,Housekeeping,Associate,Morning,73642.21
244209,161159,Sales,Associate,Night,158595.99
244210,161053,Sales,Technician,Evening,131788.93
244211,161870,Front Office,Executive,Morning,49198.95
244212,161880,Front Office,Associate,Morning,25278.36
244213,161918,Housekeeping,Executive,Evening,109959.73
244214,161936,Maintenance,Associate,Evening,47812.59
244215,161482,Housekeeping,Technician,Evening,118873.99
244216,160707,Food & Beverage,Chef,Evening,164880.54
244217,160143,Sales,Supervisor,Morning,164001.23
244218,160349,Sales,Technician,Evening,171665.79
244219,161653,Food & Beverage,Chef,Night,99426.28
244220,161816,Food & Beverage,Supervisor,Morning,25850.32
244221,161665,Food & Beverage,Chef,Night,134452.74
244222,161401,Housekeeping,Executive,Morning,38007.35
244223,161045,Housekeeping,Technician,Night,172078.68
244224,161038,Front Office,Manager,Night,100160.45
244225,160897,Maintenance,Technician,Night,175709.61
244226,161860,Food & Beverage,Manager,Evening,138600.22
244227,160387,Food & Beverage,Executive,Night,106092.48
244228,160601,Sales,Chef,Night,172649.2
244229,161023,Sales,Associate,Night,156450.56
244230,161598,Front Office,Technician,Night,126025.6
244231,161629,Sales,Technician,Evening,52858.54
244232,161507,Maintenance,Chef,Morning,146653.28
244233,161703,Maintenance,Associate,Evening,178868.47
244234,160541,Food & Beverage,Supervisor,Night,159024.46
244235,160515,Sales,Associate,Evening,150767.8
244236,160636,Sales,Chef,Evening,101943.23
244237,161221,Sales,Chef,Night,62574.62
244238,160072,Food & Beverage,Executive,Morning,107468.39
244239,160124,Food & Beverage,Supervisor,Evening,84583.39
244240,160976,Sales,Executive,Night,45205.72
244241,160657,Maintenance,Technician,Evening,69797.06
244242,161360,Housekeeping,Technician,Morning,93254.08
244243,161762,Maintenance,Manager,Morning,150686.89
244244,160808,Front Office,Manager,Evening,163899.4
244245,161263,Food & Beverage,Chef,Morning,37390.08
244246,161837,Food & Beverage,Manager,Morning,56739.2
244247,161950,Maintenance,Technician,Evening,134702.31
244248,161089,Sales,Manager,Morning,71109.49
244249,160655,Maintenance,Technician,Night,82171.26
244250,161429,Food & Beverage,Executive,Evening,84358.72
244251,161602,Sales,Associate,Morning,160033.99
244252,161436,Front Office,Associate,Evening,89983.38
244253,161888,Sales,Chef,Evening,126730.56
244254,160882,Front Office,Supervisor,Night,68585.57
244255,161274,Front Office,Executive,Night,97869.39
244256,160205,Food & Beverage,Manager,Night,177232.39
244257,161028,Front Office,Manager,Evening,118404.9
244258,161565,Sales,Chef,Night,94837.61
244259,160020,Housekeeping,Chef,Night,97183.54
244260,160098,Front Office,Chef,Evening,88071.18
244261,161799,Housekeeping,Supervisor,Evening,77973.65
244262,161690,Front Office,Chef,Morning,136736.61
244263,160027,Housekeeping,Chef,Evening,63183.64
244264,161473,Housekeeping,Supervisor,Morning,22000.28
244265,160289,Housekeeping,Associate,Night,122684.23
244266,160742,Maintenance,Executive,Evening,38976.35
244267,160284,Food & Beverage,Technician,Evening,134127.76
244268,160159,Food & Beverage,Supervisor,Morning,49024.88
244269,160967,Front Office,Manager,Evening,58455.97
244270,161607,Sales,Manager,Morning,57376.76
244271,161891,Housekeeping,Executive,Morning,53956.98
244272,160811,Housekeeping,Associate,Night,128518.95
244273,161958,Housekeeping,Manager,Evening,161439.69
244274,161960,Sales,Supervisor,Morning,106089.46
244275,160692,Housekeeping,Technician,Night,92052.88
244276,161896,Housekeeping,Chef,Evening,84944.62
244277,161941,Food & Beverage,Technician,Night,28981.6
244278,161450,Housekeeping,Executive,Evening,144721.64
244279,161440,Front Office,Executive,Evening,45528.29
244280,160067,Front Office,Chef,Night,82961.51
244281,160850,Housekeeping,Supervisor,Night,53349.03
244282,160352,Front Office,Executive,Night,52357.78
244283,161483,Sales,Executive,Morning,173397.65
244284,161214,Maintenance,Manager,Evening,44535.39
244285,160532,Maintenance,Technician,Evening,126272.48
244286,161945,Maintenance,Executive,Morning,30088.41
244287,161906,Food & Beverage,Executive,Night,97023.1
244288,160910,Food & Beverage,Chef,Evening,84550.24
244289,160479,Housekeeping,Manager,Evening,48748.73
244290,161255,Food & Beverage,Chef,Night,57479.05
244291,160785,Housekeeping,Executive,Night,161001.08
244292,161265,Housekeeping,Technician,Night,143589.7
244293,161920,Maintenance,Technician,Evening,124061.59
244294,160379,Food & Beverage,Supervisor,Evening,25787.59
244295,161632,Maintenance,Executive,Night,64364.65
244296,160246,Housekeeping,Technician,Morning,143041.49
244297,161164,Food & Beverage,Technician,Morning,79539.39
244298,160421,Food & Beverage,Supervisor,Evening,145875.59
244299,161917,Front Office,Technician,Morning,50009.36
244300,161741,Front Office,Associate,Evening,54660.64
244301,161065,Housekeeping,Chef,Night,24313.19
244302,161990,Sales,Supervisor,Night,76544.57
244303,160326,Food & Beverage,Technician,Morning,142950.43
244304,161723,Food & Beverage,Manager,Night,105362.04
244305,161254,Maintenance,Manager,Morning,144670.28
244306,161127,Maintenance,Manager,Evening,37907.09
244307,161242,Maintenance,Manager,Morning,37738.8
244308,161642,Housekeeping,Supervisor,Morning,87220.72
244309,160318,Sales,Associate,Morning,130010.61
244310,160663,Maintenance,Supervisor,Morning,179642.44
244311,161628,Food & Beverage,Chef,Night,148598.18
244312,160793,Sales,Chef,Evening,100267.0
244313,161534,Sales,Technician,Night,162882.64
244314,160979,Maintenance,Technician,Morning,105894.25
244315,161420,Front Office,Supervisor,Night,150943.48
244316,160623,Maintenance,Associate,Morning,121245.06
244317,160482,Front Office,Executive,Evening,156480.25
244318,161194,Front Office,Associate,Morning,36304.31
244319,161053,Sales,Manager,Evening,125414.56
244320,160911,Housekeeping,Technician,Morning,72742.08
244321,161726,Maintenance,Supervisor,Evening,36611.05
244322,160030,Front Office,Associate,Evening,94001.56
244323,160373,Food & Beverage,Chef,Evening,75844.18
244324,160101,Housekeeping,Technician,Evening,124585.66
244325,161525,Front Office,Manager,Morning,142454.91
244326,161464,Housekeeping,Technician,Morning,119412.06
244327,160838,Front Office,Supervisor,Night,54768.52
244328,160492,Maintenance,Supervisor,Night,110288.57
244329,161004,Maintenance,Supervisor,Night,45218.47
244330,161798,Front Office,Technician,Evening,47936.68
244331,160958,Front Office,Chef,Evening,24826.94
244332,161810,Maintenance,Technician,Evening,34954.86
244333,160869,Sales,Executive,Evening,49776.32
244334,160324,Housekeeping,Technician,Morning,95863.71
244335,161582,Maintenance,Chef,Morning,153552.17
244336,161567,Maintenance,Chef,Night,51055.22
244337,161912,Housekeeping,Manager,Evening,178571.38
244338,161762,Sales,Chef,Evening,154204.81
244339,160675,Food & Beverage,Executive,Morning,101253.27
244340,161438,Sales,Manager,Evening,151880.99
244341,161605,Front Office,Technician,Morning,110274.18
244342,160795,Front Office,Technician,Morning,141726.92
244343,161225,Food & Beverage,Chef,Night,73528.87
244344,160161,Housekeeping,Technician,Evening,54995.85
244345,161301,Maintenance,Technician,Evening,168644.77
244346,161948,Front Office,Executive,Evening,70759.27
244347,161002,Front Office,Technician,Evening,110169.73
244348,161210,Housekeeping,Executive,Evening,175033.92
244349,160479,Front Office,Manager,Night,116244.72
244350,161077,Maintenance,Associate,Night,127252.95
244351,160202,Front Office,Associate,Morning,66350.74
244352,161747,Housekeeping,Technician,Evening,42433.64
244353,161372,Housekeeping,Associate,Morning,109796.77
244354,160051,Sales,Technician,Evening,97208.53
244355,161050,Front Office,Chef,Morning,51440.24
244356,161891,Housekeeping,Manager,Night,80032.22
244357,161286,Sales,Technician,Morning,59030.76
244358,160843,Food & Beverage,Associate,Evening,165982.33
244359,160707,Housekeeping,Manager,Night,75127.08
244360,161595,Maintenance,Executive,Evening,139268.03
244361,161940,Food & Beverage,Technician,Morning,129730.64
244362,161248,Front Office,Chef,Night,82424.71
244363,160234,Sales,Chef,Evening,19936.32
244364,160227,Housekeeping,Supervisor,Evening,168881.83
244365,161828,Front Office,Supervisor,Night,52841.33
244366,161934,Food & Beverage,Technician,Morning,170656.05
244367,160152,Front Office,Manager,Morning,127899.82
244368,160564,Front Office,Executive,Morning,40580.06
244369,161641,Maintenance,Supervisor,Night,74271.35
244370,160820,Food & Beverage,Associate,Morning,139639.91
244371,160502,Food & Beverage,Supervisor,Evening,97858.13
244372,160498,Sales,Supervisor,Night,69579.39
244373,160811,Maintenance,Chef,Night,62850.59
244374,160623,Sales,Associate,Evening,162946.71
244375,161710,Food & Beverage,Associate,Morning,73434.08
244376,160793,Front Office,Technician,Evening,87690.23
244377,161211,Maintenance,Manager,Night,55058.29
244378,160866,Front Office,Chef,Morning,126687.57
244379,160076,Housekeeping,Technician,Night,171911.67
244380,160743,Front Office,Executive,Night,175515.23
244381,160210,Sales,Executive,Evening,77922.82
244382,161316,Sales,Technician,Evening,175810.89
244383,160887,Sales,Chef,Evening,56850.17
244384,160610,Sales,Technician,Evening,132519.54
244385,160209,Maintenance,Supervisor,Evening,134053.04
244386,160947,Sales,Executive,Evening,124078.91
244387,160910,Front Office,Manager,Night,82474.76
244388,160591,Front Office,Supervisor,Evening,43662.86
244389,161240,Food & Beverage,Supervisor,Evening,28341.85
244390,160708,Food & Beverage,Chef,Morning,106871.52
244391,160298,Housekeeping,Chef,Evening,136612.43
244392,160218,Food & Beverage,Supervisor,Night,168447.72
244393,161465,Housekeeping,Supervisor,Evening,58802.62
244394,161828,Food & Beverage,Executive,Evening,80543.33
244395,161681,Sales,Supervisor,Evening,124268.63
244396,161156,Housekeeping,Associate,Morning,43679.33
244397,161071,Housekeeping,Manager,Morning,45408.96
244398,161984,Housekeeping,Associate,Night,93808.18
244399,160076,Food & Beverage,Technician,Evening,64117.49
244400,160011,Food & Beverage,Supervisor,Morning,154684.83
244401,161402,Front Office,Associate,Evening,22038.99
244402,160366,Housekeeping,Technician,Night,168272.47
244403,161668,Front Office,Chef,Night,137264.56
244404,161488,Housekeeping,Chef,Night,152610.53
244405,161773,Sales,Supervisor,Morning,27100.07
244406,161215,Sales,Supervisor,Night,68655.34
244407,160744,Maintenance,Executive,Morning,155397.55
244408,160953,Maintenance,Manager,Evening,137345.37
244409,160857,Housekeeping,Associate,Night,60624.11
244410,161902,Food & Beverage,Manager,Night,99893.39
244411,161816,Food & Beverage,Manager,Night,83841.6
244412,160222,Sales,Associate,Morning,129105.36
244413,161513,Sales,Chef,Evening,60519.75
244414,160096,Sales,Technician,Night,53542.56
244415,161606,Food & Beverage,Chef,Evening,112976.53
244416,160057,Food & Beverage,Manager,Morning,155213.46
244417,161611,Housekeeping,Associate,Morning,66865.01
244418,161775,Sales,Technician,Morning,48902.59
244419,161474,Sales,Technician,Night,22623.46
244420,160250,Front Office,Executive,Morning,62536.64
244421,160093,Maintenance,Supervisor,Morning,71336.58
244422,161912,Sales,Executive,Evening,93123.1
244423,160612,Food & Beverage,Executive,Morning,83713.53
244424,161320,Front Office,Supervisor,Night,33625.28
244425,161544,Housekeeping,Technician,Night,110731.67
244426,161315,Food & Beverage,Supervisor,Morning,110648.2
244427,161147,Maintenance,Technician,Night,68442.76
244428,160836,Maintenance,Associate,Evening,55467.45
244429,160892,Sales,Executive,Night,60755.51
244430,161697,Maintenance,Supervisor,Evening,120073.25
244431,161392,Housekeeping,Associate,Evening,87719.45
244432,160610,Food & Beverage,Chef,Night,161985.82
244433,160654,Front Office,Supervisor,Morning,149393.82
244434,161372,Front Office,Executive,Morning,153165.15
244435,160325,Maintenance,Technician,Morning,101046.31
244436,161261,Maintenance,Chef,Morning,75035.67
244437,160872,Maintenance,Technician,Evening,56870.08
244438,160902,Housekeeping,Technician,Morning,123751.62
244439,161821,Sales,Manager,Evening,63897.66
244440,160269,Housekeeping,Associate,Evening,93734.21
244441,161593,Sales,Executive,Evening,127470.58
244442,161522,Sales,Associate,Night,25753.71
244443,160583,Food & Beverage,Supervisor,Evening,49738.15
244444,161133,Sales,Executive,Night,92710.7
244445,161877,Housekeeping,Supervisor,Evening,135926.08
244446,160150,Food & Beverage,Associate,Evening,43426.69
244447,160704,Maintenance,Technician,Night,97330.35
244448,160071,Sales,Associate,Morning,94432.49
244449,161812,Food & Beverage,Manager,Evening,156881.54
244450,161989,Sales,Executive,Evening,82493.89
244451,160075,Front Office,Technician,Morning,59426.39
244452,161858,Sales,Technician,Night,50215.27
244453,161300,Front Office,Chef,Night,110161.05
244454,160157,Maintenance,Supervisor,Night,60628.64
244455,161859,Food & Beverage,Manager,Morning,61321.55
244456,161930,Front Office,Chef,Morning,137344.34
244457,161360,Food & Beverage,Manager,Night,101314.52
244458,161297,Housekeeping,Supervisor,Evening,157247.27
244459,161516,Sales,Supervisor,Morning,133343.15
244460,160409,Front Office,Manager,Evening,88169.75
244461,160648,Maintenance,Manager,Evening,120653.92
244462,161905,Food & Beverage,Manager,Morning,61343.92
244463,161713,Housekeeping,Supervisor,Night,172078.47
244464,160901,Housekeeping,Chef,Morning,141503.42
244465,161352,Front Office,Manager,Morning,59075.4
244466,160032,Front Office,Manager,Morning,122020.5
244467,160788,Front Office,Supervisor,Evening,100357.16
244468,160696,Housekeeping,Executive,Morning,167510.14
244469,160100,Housekeeping,Executive,Morning,176285.29
244470,160872,Food & Beverage,Associate,Morning,25100.39
244471,160013,Food & Beverage,Chef,Evening,125642.34
244472,160780,Housekeeping,Chef,Evening,149751.3
244473,160199,Maintenance,Associate,Evening,132222.47
244474,161186,Maintenance,Supervisor,Morning,173814.86
244475,161114,Front Office,Chef,Evening,99305.34
244476,161092,Food & Beverage,Manager,Night,98918.65
244477,160123,Housekeeping,Supervisor,Night,28619.6
244478,161182,Housekeeping,Technician,Evening,32762.24
244479,161232,Maintenance,Manager,Evening,173028.15
244480,160274,Sales,Executive,Morning,96250.72
244481,160462,Housekeeping,Supervisor,Evening,163975.65
244482,160891,Maintenance,Manager,Evening,95395.36
244483,160812,Food & Beverage,Chef,Morning,18011.36
244484,161455,Sales,Chef,Morning,168554.25
244485,160224,Maintenance,Technician,Morning,143533.74
244486,161489,Food & Beverage,Chef,Evening,78294.24
244487,161437,Food & Beverage,Chef,Morning,28421.25
244488,160553,Housekeeping,Technician,Evening,87135.55
244489,160284,Front Office,Technician,Morning,29749.39
244490,160097,Food & Beverage,Associate,Morning,102944.13
244491,160390,Front Office,Manager,Morning,75238.23
244492,161166,Maintenance,Supervisor,Night,104474.04
244493,160515,Front Office,Manager,Night,73379.54
244494,161182,Front Office,Executive,Night,50781.37
244495,161425,Front Office,Chef,Evening,88917.73
244496,161454,Maintenance,Associate,Morning,82829.29
244497,160216,Housekeeping,Manager,Morning,85898.99
244498,161082,Sales,Associate,Evening,106235.91
244499,160662,Food & Beverage,Associate,Night,146918.93
244500,160721,Housekeeping,Manager,Evening,172753.41
244501,160489,Food & Beverage,Associate,Morning,64425.01
244502,160680,Maintenance,Associate,Night,26670.63
244503,160334,Housekeeping,Executive,Night,168699.22
244504,160481,Housekeeping,Manager,Night,139337.68
244505,161166,Front Office,Associate,Night,178827.92
244506,161662,Front Office,Chef,Morning,40591.38
244507,161133,Food & Beverage,Associate,Morning,28516.54
244508,160201,Food & Beverage,Manager,Morning,170637.78
244509,160815,Front Office,Technician,Night,31807.34
244510,160083,Maintenance,Executive,Night,105258.54
244511,161798,Housekeeping,Technician,Night,51489.22
244512,161590,Food & Beverage,Chef,Morning,128650.17
244513,160055,Housekeeping,Supervisor,Morning,90110.99
244514,160240,Sales,Executive,Evening,61988.2
244515,160761,Housekeeping,Supervisor,Evening,132358.2
244516,161941,Housekeeping,Supervisor,Evening,67932.59
244517,161573,Food & Beverage,Supervisor,Night,171850.58
244518,160074,Maintenance,Executive,Evening,37596.53
244519,160072,Food & Beverage,Executive,Evening,166914.74
244520,161350,Housekeeping,Associate,Night,175980.05
244521,161197,Housekeeping,Chef,Morning,130993.23
244522,160391,Food & Beverage,Manager,Morning,168371.11
244523,161289,Front Office,Supervisor,Evening,20023.79
244524,160265,Sales,Associate,Evening,125525.06
244525,160896,Food & Beverage,Supervisor,Night,91544.38
244526,161525,Food & Beverage,Associate,Morning,174002.15
244527,160515,Sales,Technician,Night,148547.74
244528,161560,Sales,Supervisor,Night,123459.45
244529,160401,Maintenance,Executive,Evening,72811.92
244530,161377,Housekeeping,Technician,Night,121462.52
244531,161681,Housekeeping,Associate,Evening,20470.52
244532,161411,Housekeeping,Associate,Evening,166552.75
244533,161486,Housekeeping,Supervisor,Morning,23668.66
244534,160182,Front Office,Associate,Morning,144015.33
244535,160166,Sales,Executive,Night,129153.26
244536,161970,Housekeeping,Executive,Morning,54876.56
244537,160585,Front Office,Associate,Night,178912.33
244538,161162,Maintenance,Manager,Evening,70201.2
244539,160729,Food & Beverage,Manager,Night,35144.36
244540,160118,Sales,Supervisor,Morning,19589.89
244541,160794,Maintenance,Associate,Evening,147085.07
244542,161820,Sales,Supervisor,Morning,70662.88
244543,160501,Maintenance,Technician,Morning,151063.81
244544,161257,Food & Beverage,Manager,Night,54330.19
244545,160884,Sales,Associate,Morning,23659.3
244546,160465,Sales,Associate,Morning,89998.41
244547,161812,Food & Beverage,Technician,Night,175366.84
244548,161063,Housekeeping,Associate,Night,58579.97
244549,161644,Food & Beverage,Chef,Morning,23952.02
244550,161418,Front Office,Technician,Morning,165710.58
244551,160064,Front Office,Technician,Morning,130098.56
244552,161444,Food & Beverage,Supervisor,Morning,109465.9
244553,161027,Housekeeping,Associate,Evening,127522.12
244554,161165,Housekeeping,Manager,Morning,120596.0
244555,160323,Food & Beverage,Associate,Morning,101727.37
244556,161616,Food & Beverage,Supervisor,Morning,44624.74
244557,160389,Maintenance,Supervisor,Night,176662.9
244558,160530,Housekeeping,Associate,Evening,18267.93
244559,160115,Housekeeping,Chef,Evening,157281.2
244560,161770,Food & Beverage,Chef,Evening,27049.05
244561,161429,Housekeeping,Chef,Night,55039.31
244562,160223,Maintenance,Manager,Evening,26185.49
244563,160533,Maintenance,Manager,Evening,171802.12
244564,161301,Food & Beverage,Supervisor,Evening,113228.7
244565,160208,Food & Beverage,Supervisor,Morning,106398.03
244566,160802,Housekeeping,Manager,Night,83577.56
244567,161865,Sales,Technician,Night,27901.24
244568,160526,Maintenance,Chef,Morning,94969.11
244569,160111,Front Office,Supervisor,Morning,102605.03
244570,160012,Sales,Executive,Morning,78630.05
244571,160395,Food & Beverage,Associate,Night,134021.38
244572,161108,Housekeeping,Technician,Evening,168804.44
244573,161681,Maintenance,Chef,Night,90866.69
244574,161385,Housekeeping,Technician,Morning,44945.7
244575,161594,Housekeeping,Associate,Morning,49311.15
244576,160325,Sales,Technician,Night,133110.23
244577,161322,Front Office,Chef,Evening,116988.46
244578,161050,Maintenance,Chef,Night,62206.36
244579,161400,Maintenance,Chef,Evening,76299.64
244580,161093,Sales,Technician,Morning,137114.3
244581,160673,Front Office,Chef,Night,165828.8
244582,161258,Food & Beverage,Executive,Night,133843.11
244583,161481,Food & Beverage,Technician,Morning,154219.13
244584,160767,Food & Beverage,Associate,Evening,102283.11
244585,160508,Food & Beverage,Manager,Night,132317.22
244586,161613,Sales,Chef,Morning,128916.76
244587,161146,Housekeeping,Supervisor,Morning,153902.48
244588,160034,Sales,Associate,Evening,44685.23
244589,160264,Food & Beverage,Technician,Morning,101278.44
244590,160402,Front Office,Manager,Morning,175801.64
244591,160955,Housekeeping,Manager,Evening,178226.05
244592,161747,Housekeeping,Technician,Night,64714.9
244593,161576,Sales,Executive,Morning,115454.52
244594,161757,Front Office,Supervisor,Evening,166453.02
244595,161584,Maintenance,Technician,Morning,96781.19
244596,161282,Food & Beverage,Technician,Evening,41944.66
244597,160456,Sales,Manager,Evening,70446.62
244598,161243,Maintenance,Executive,Night,172604.42
244599,160630,Food & Beverage,Associate,Morning,156250.61
244600,160546,Sales,Chef,Morning,33005.64
244601,160406,Sales,Supervisor,Night,55562.6
244602,160045,Front Office,Technician,Night,71960.65
244603,161911,Front Office,Manager,Night,144407.16
244604,160693,Front Office,Executive,Evening,69988.32
244605,161303,Housekeeping,Executive,Morning,95544.5
244606,161320,Front Office,Technician,Morning,44203.34
244607,160508,Maintenance,Supervisor,Morning,33561.74
244608,160164,Front Office,Executive,Evening,24821.94
244609,160205,Sales,Executive,Morning,175143.58
244610,161634,Maintenance,Supervisor,Morning,146059.68
244611,160388,Maintenance,Manager,Night,145090.6
244612,161619,Front Office,Supervisor,Evening,120746.51
244613,161008,Sales,Executive,Evening,46569.05
244614,160001,Food & Beverage,Executive,Evening,101143.72
244615,160831,Housekeeping,Technician,Night,131393.43
244616,161984,Sales,Chef,Morning,162056.7
244617,160217,Sales,Technician,Night,108666.5
244618,161934,Front Office,Chef,Morning,109695.04
244619,161049,Sales,Manager,Morning,149181.92
244620,161698,Front Office,Manager,Evening,46096.3
244621,160960,Housekeeping,Supervisor,Morning,146431.25
244622,161571,Front Office,Associate,Night,44667.05
244623,160297,Housekeeping,Associate,Night,133550.8
244624,161914,Front Office,Executive,Night,170710.31
244625,160600,Front Office,Manager,Evening,94637.85
244626,160479,Sales,Associate,Evening,176402.6
244627,160820,Front Office,Manager,Night,117311.78
244628,160172,Front Office,Technician,Night,56216.96
244629,160401,Maintenance,Associate,Night,141329.78
244630,161732,Housekeeping,Supervisor,Night,175648.84
244631,160274,Food & Beverage,Associate,Morning,149122.48
244632,160687,Sales,Chef,Morning,20853.31
244633,160504,Sales,Chef,Night,84399.34
244634,161491,Maintenance,Technician,Morning,159320.57
244635,161670,Housekeeping,Manager,Evening,75880.03
244636,161198,Front Office,Technician,Morning,80572.28
244637,161103,Front Office,Supervisor,Night,43633.57
244638,161390,Front Office,Associate,Morning,146730.77
244639,160776,Food & Beverage,Manager,Morning,51998.89
244640,161700,Front Office,Chef,Evening,142680.01
244641,161923,Sales,Executive,Night,70792.72
244642,161973,Maintenance,Manager,Evening,42470.12
244643,161297,Maintenance,Supervisor,Evening,75197.22
244644,161251,Housekeeping,Associate,Morning,142353.52
244645,161163,Front Office,Associate,Night,114699.72
244646,161990,Food & Beverage,Manager,Evening,80748.82
244647,160456,Food & Beverage,Manager,Night,139779.65
244648,161777,Sales,Manager,Night,147404.67
244649,160573,Maintenance,Technician,Morning,146013.95
244650,160937,Front Office,Supervisor,Evening,133297.65
244651,160464,Sales,Supervisor,Morning,149702.22
244652,160558,Maintenance,Chef,Night,97542.98
244653,161102,Housekeeping,Manager,Evening,170914.29
244654,160254,Food & Beverage,Technician,Evening,76650.77
244655,160179,Sales,Associate,Evening,19192.3
244656,161981,Housekeeping,Chef,Night,88271.92
244657,161859,Front Office,Executive,Morning,124634.01
244658,160300,Front Office,Chef,Evening,72878.02
244659,161015,Housekeeping,Manager,Morning,47926.95
244660,160794,Maintenance,Manager,Night,116911.19
244661,161032,Sales,Executive,Morning,89457.96
244662,160219,Front Office,Executive,Evening,66884.26
244663,160984,Housekeeping,Technician,Morning,142981.88
244664,161780,Food & Beverage,Executive,Evening,135857.52
244665,160719,Front Office,Supervisor,Night,19407.85
244666,161532,Sales,Supervisor,Night,111239.47
244667,160689,Sales,Technician,Evening,145644.1
244668,160793,Sales,Associate,Night,62832.89
244669,160709,Maintenance,Technician,Morning,117073.31
244670,161194,Housekeeping,Supervisor,Evening,98358.14
244671,160113,Sales,Supervisor,Evening,175359.82
244672,160509,Food & Beverage,Technician,Morning,134346.85
244673,160713,Sales,Technician,Night,112926.4
244674,161054,Front Office,Chef,Evening,92960.16
244675,161293,Housekeeping,Associate,Night,41490.95
244676,161086,Front Office,Executive,Evening,24466.01
244677,161232,Maintenance,Manager,Night,155292.24
244678,160042,Housekeeping,Associate,Morning,48686.21
244679,161152,Front Office,Supervisor,Evening,60961.56
244680,161376,Food & Beverage,Manager,Evening,49388.17
244681,161651,Housekeeping,Chef,Night,109827.01
244682,160894,Front Office,Associate,Morning,78628.85
244683,160846,Housekeeping,Supervisor,Evening,153499.08
244684,161854,Housekeeping,Associate,Night,101256.67
244685,160350,Maintenance,Manager,Night,100555.27
244686,161977,Front Office,Chef,Morning,103915.63
244687,160968,Housekeeping,Associate,Night,28705.31
244688,160743,Maintenance,Supervisor,Night,32260.62
244689,160313,Maintenance,Manager,Night,152042.79
244690,160098,Sales,Supervisor,Evening,98279.85
244691,160429,Housekeeping,Technician,Evening,45750.91
244692,160796,Sales,Chef,Night,47464.24
244693,161934,Maintenance,Technician,Morning,40191.55
244694,161450,Sales,Associate,Morning,74664.64
244695,161073,Maintenance,Technician,Morning,44402.3
244696,161742,Food & Beverage,Associate,Morning,167163.68
244697,161274,Maintenance,Executive,Night,147614.16
244698,160672,Maintenance,Supervisor,Evening,124368.7
244699,160740,Maintenance,Chef,Evening,175141.86
244700,161544,Maintenance,Manager,Morning,159223.06
244701,161586,Housekeeping,Chef,Night,49785.74
244702,160944,Front Office,Chef,Night,167255.41
244703,161955,Food & Beverage,Manager,Evening,158756.74
244704,161490,Food & Beverage,Manager,Morning,107302.78
244705,160973,Food & Beverage,Associate,Night,58660.44
244706,160862,Maintenance,Manager,Evening,68332.47
244707,160852,Housekeeping,Executive,Night,140659.11
244708,161892,Sales,Technician,Morning,60355.61
244709,161618,Sales,Technician,Evening,72650.04
244710,160439,Sales,Chef,Night,145921.58
244711,161676,Maintenance,Executive,Night,40437.5
244712,161728,Food & Beverage,Chef,Night,116111.65
244713,161836,Front Office,Supervisor,Night,47837.11
244714,161281,Maintenance,Chef,Night,133672.75
244715,160316,Housekeeping,Associate,Morning,163829.16
244716,161535,Sales,Supervisor,Night,25656.3
244717,160377,Sales,Supervisor,Morning,139732.82
244718,161088,Maintenance,Chef,Evening,154277.16
244719,161399,Sales,Associate,Night,28463.85
244720,161075,Front Office,Chef,Night,103192.97
244721,161460,Food & Beverage,Chef,Evening,39061.82
244722,161193,Housekeeping,Associate,Morning,158286.1
244723,161311,Sales,Manager,Evening,135549.54
244724,160547,Food & Beverage,Supervisor,Night,51494.88
244725,161212,Food & Beverage,Manager,Morning,153798.56
244726,161324,Food & Beverage,Technician,Night,140611.81
244727,161099,Front Office,Manager,Evening,49543.91
244728,160640,Sales,Technician,Evening,137535.58
244729,160354,Front Office,Technician,Evening,110388.65
244730,161595,Sales,Associate,Evening,87258.06
244731,161006,Housekeeping,Supervisor,Night,147098.43
244732,160291,Food & Beverage,Manager,Evening,129214.69
244733,160801,Maintenance,Manager,Night,130438.24
244734,161285,Maintenance,Supervisor,Night,138095.4
244735,160870,Sales,Technician,Morning,161951.03
244736,160393,Housekeeping,Supervisor,Night,86155.59
244737,161662,Front Office,Chef,Night,152221.78
244738,161232,Maintenance,Executive,Night,156262.03
244739,161831,Maintenance,Supervisor,Evening,76702.56
244740,160087,Maintenance,Manager,Evening,100350.21
244741,161437,Sales,Technician,Morning,119512.59
244742,160968,Maintenance,Associate,Night,124448.01
244743,160354,Maintenance,Chef,Evening,167287.48
244744,160917,Maintenance,Executive,Evening,137763.07
244745,160616,Housekeeping,Manager,Morning,117442.9
244746,161728,Housekeeping,Supervisor,Evening,110172.2
244747,161094,Housekeeping,Executive,Evening,20033.61
244748,160592,Sales,Associate,Evening,96757.92
244749,161622,Housekeeping,Supervisor,Evening,130952.04
244750,160431,Sales,Associate,Night,105838.69
244751,160180,Maintenance,Supervisor,Night,47147.04
244752,161956,Food & Beverage,Supervisor,Night,112523.06
244753,161621,Maintenance,Supervisor,Morning,120347.08
244754,161524,Housekeeping,Supervisor,Morning,118655.69
244755,160174,Food & Beverage,Executive,Evening,158178.92
244756,160271,Housekeeping,Supervisor,Night,42830.5
244757,161094,Sales,Executive,Evening,153544.23
244758,160789,Housekeeping,Technician,Morning,108569.03
244759,160467,Sales,Technician,Night,175163.39
244760,161693,Front Office,Supervisor,Morning,128494.95
244761,161316,Housekeeping,Technician,Evening,120587.54
244762,161220,Housekeeping,Executive,Morning,128071.11
244763,160124,Maintenance,Chef,Evening,104115.07
244764,160126,Food & Beverage,Associate,Night,86461.7
244765,160849,Front Office,Supervisor,Morning,71178.49
244766,161604,Maintenance,Associate,Evening,178449.13
244767,161263,Food & Beverage,Associate,Morning,43096.99
244768,160026,Sales,Technician,Morning,176599.18
244769,160238,Sales,Manager,Morning,123705.97
244770,161397,Front Office,Supervisor,Night,88212.93
244771,160882,Sales,Technician,Evening,60404.65
244772,161432,Housekeeping,Chef,Morning,55866.23
244773,161453,Sales,Chef,Morning,58509.69
244774,161612,Maintenance,Supervisor,Evening,118697.0
244775,160230,Maintenance,Manager,Morning,30479.11
244776,160595,Front Office,Associate,Night,81919.24
244777,161636,Housekeeping,Manager,Night,142839.33
244778,161830,Food & Beverage,Supervisor,Morning,157594.89
244779,161937,Housekeeping,Executive,Night,167900.03
244780,160040,Front Office,Manager,Night,40448.04
244781,160150,Front Office,Chef,Night,178786.21
244782,160003,Food & Beverage,Chef,Night,59323.85
244783,161695,Housekeeping,Technician,Morning,79419.05
244784,160238,Food & Beverage,Supervisor,Night,90489.33
244785,160527,Front Office,Associate,Morning,62759.99
244786,161403,Food & Beverage,Associate,Evening,66960.59
244787,160549,Housekeeping,Associate,Night,161753.72
244788,161672,Front Office,Associate,Night,135401.33
244789,161697,Maintenance,Supervisor,Night,74526.13
244790,161170,Food & Beverage,Associate,Night,124690.95
244791,161217,Food & Beverage,Chef,Night,95392.79
244792,161140,Food & Beverage,Technician,Night,132606.1
244793,160748,Front Office,Associate,Evening,70977.72
244794,161699,Sales,Executive,Morning,52927.98
244795,160831,Sales,Technician,Night,169764.15
244796,161245,Maintenance,Chef,Night,41239.6
244797,160758,Housekeeping,Executive,Evening,66491.8
244798,161913,Front Office,Supervisor,Night,152310.86
244799,160716,Front Office,Manager,Morning,115623.89
244800,160852,Housekeeping,Chef,Evening,93900.33
244801,161503,Front Office,Supervisor,Morning,109175.88
244802,161826,Food & Beverage,Supervisor,Morning,22535.34
244803,160488,Sales,Executive,Morning,127335.52
244804,161056,Maintenance,Technician,Evening,172084.19
244805,160195,Food & Beverage,Supervisor,Night,77725.07
244806,161640,Front Office,Chef,Night,22317.82
244807,160717,Front Office,Chef,Night,107908.57
244808,161214,Food & Beverage,Manager,Evening,74716.54
244809,160224,Sales,Manager,Night,32537.95
244810,161455,Front Office,Supervisor,Morning,94545.23
244811,160635,Maintenance,Supervisor,Evening,52676.14
244812,160447,Food & Beverage,Associate,Evening,84441.7
244813,161620,Sales,Supervisor,Morning,139534.36
244814,160089,Maintenance,Technician,Night,141994.18
244815,160306,Housekeeping,Executive,Evening,94881.83
244816,161514,Maintenance,Technician,Evening,31578.66
244817,160213,Maintenance,Chef,Morning,26681.24
244818,161255,Food & Beverage,Manager,Evening,111461.34
244819,160895,Housekeeping,Manager,Morning,21393.9
244820,160479,Housekeeping,Manager,Morning,24594.92
244821,161789,Sales,Manager,Evening,78031.51
244822,161102,Housekeeping,Associate,Morning,153263.07
244823,160942,Sales,Technician,Evening,98035.79
244824,160061,Food & Beverage,Supervisor,Morning,133754.63
244825,160207,Food & Beverage,Executive,Morning,28145.23
244826,161792,Sales,Executive,Evening,156139.5
244827,160870,Food & Beverage,Associate,Evening,29164.79
244828,160803,Maintenance,Chef,Evening,81715.2
244829,160426,Front Office,Manager,Evening,113239.63
244830,160282,Food & Beverage,Chef,Morning,149453.43
244831,161774,Food & Beverage,Chef,Morning,103889.06
244832,161319,Food & Beverage,Manager,Night,138659.88
244833,161355,Housekeeping,Chef,Night,57287.3
244834,161201,Food & Beverage,Technician,Evening,106018.7
244835,161884,Housekeeping,Chef,Night,146099.24
244836,161785,Maintenance,Executive,Night,136233.84
244837,160006,Sales,Technician,Night,58950.58
244838,160950,Housekeeping,Associate,Morning,155040.74
244839,160467,Front Office,Supervisor,Night,55914.3
244840,161952,Food & Beverage,Associate,Morning,73164.03
244841,160481,Sales,Manager,Evening,172274.6
244842,161093,Front Office,Manager,Morning,137049.92
244843,160113,Food & Beverage,Technician,Night,86159.97
244844,161833,Housekeeping,Manager,Evening,89500.68
244845,160640,Housekeeping,Manager,Evening,87341.15
244846,160898,Housekeeping,Technician,Morning,92686.87
244847,160514,Front Office,Manager,Morning,126631.76
244848,160755,Maintenance,Executive,Evening,117812.04
244849,161852,Housekeeping,Executive,Evening,22783.26
244850,161867,Food & Beverage,Executive,Morning,81252.03
244851,160897,Housekeeping,Executive,Evening,45849.1
244852,161610,Maintenance,Executive,Evening,23139.17
244853,160449,Housekeeping,Manager,Evening,73408.93
244854,161113,Front Office,Manager,Night,118924.98
244855,161050,Sales,Supervisor,Morning,162094.74
244856,160320,Sales,Executive,Morning,173010.26
244857,161510,Food & Beverage,Supervisor,Evening,162118.08
244858,160100,Maintenance,Associate,Morning,155490.7
244859,161494,Sales,Chef,Night,57015.7
244860,160812,Housekeeping,Technician,Evening,168836.99
244861,161660,Sales,Technician,Morning,48803.92
244862,160835,Sales,Associate,Evening,179757.86
244863,161564,Sales,Associate,Night,124455.87
244864,161500,Food & Beverage,Executive,Evening,110758.04
244865,161512,Front Office,Associate,Evening,137783.94
244866,161136,Sales,Technician,Evening,91485.37
244867,161386,Food & Beverage,Executive,Night,102360.43
244868,160361,Maintenance,Chef,Night,166813.48
244869,161429,Sales,Executive,Evening,41807.29
244870,161939,Maintenance,Manager,Morning,40581.05
244871,161555,Front Office,Executive,Evening,30563.6
244872,161568,Food & Beverage,Executive,Night,144587.6
244873,161419,Front Office,Executive,Evening,93859.79
244874,160595,Housekeeping,Executive,Morning,93633.4
244875,161856,Food & Beverage,Supervisor,Evening,124523.07
244876,161458,Front Office,Manager,Morning,173298.6
244877,161277,Front Office,Supervisor,Morning,18965.13
244878,161267,Food & Beverage,Technician,Night,138273.6
244879,161119,Maintenance,Supervisor,Morning,81673.55
244880,161825,Maintenance,Associate,Morning,101675.71
244881,160533,Maintenance,Technician,Morning,169970.76
244882,161969,Front Office,Chef,Morning,68253.98
244883,161246,Maintenance,Executive,Morning,178696.74
244884,161244,Housekeeping,Supervisor,Night,174738.42
244885,160746,Maintenance,Manager,Evening,179644.6
244886,161392,Food & Beverage,Chef,Night,123482.21
244887,160462,Sales,Supervisor,Night,79824.44
244888,160250,Front Office,Supervisor,Night,165971.08
244889,160137,Sales,Executive,Evening,115497.27
244890,161965,Food & Beverage,Associate,Morning,156576.66
244891,161808,Food & Beverage,Chef,Night,109744.85
244892,160541,Housekeeping,Associate,Morning,22370.25
244893,160383,Sales,Executive,Morning,149457.11
244894,160441,Sales,Supervisor,Evening,61982.99
244895,160985,Housekeeping,Technician,Morning,29144.19
244896,160832,Maintenance,Executive,Evening,151878.15
244897,161760,Maintenance,Executive,Night,112048.65
244898,160662,Sales,Chef,Morning,88762.05
244899,161452,Housekeeping,Chef,Evening,81018.93
244900,161554,Housekeeping,Manager,Morning,80597.43
244901,160458,Maintenance,Supervisor,Morning,152229.1
244902,160720,Maintenance,Technician,Evening,32229.46
244903,161331,Food & Beverage,Executive,Night,111823.41
244904,161096,Food & Beverage,Associate,Night,26422.93
244905,161428,Housekeeping,Executive,Evening,135067.11
244906,160903,Food & Beverage,Supervisor,Evening,34891.81
244907,160543,Housekeeping,Technician,Morning,43297.98
244908,161527,Food & Beverage,Chef,Evening,171891.86
244909,160933,Maintenance,Supervisor,Morning,174488.69
244910,160140,Maintenance,Associate,Morning,151012.84
244911,161759,Housekeeping,Associate,Evening,99449.46
244912,160400,Front Office,Technician,Evening,96711.55
244913,161491,Sales,Executive,Night,36346.74
244914,160793,Maintenance,Manager,Evening,96418.65
244915,160322,Food & Beverage,Manager,Morning,135534.61
244916,160807,Front Office,Supervisor,Morning,58530.13
244917,161768,Sales,Associate,Morning,36823.31
244918,161449,Food & Beverage,Technician,Evening,101439.63
244919,160164,Maintenance,Technician,Evening,136790.28
244920,160716,Food & Beverage,Associate,Morning,166807.5
244921,161520,Food & Beverage,Manager,Night,57157.71
244922,161156,Food & Beverage,Associate,Morning,77153.0
244923,160390,Housekeeping,Executive,Evening,160322.46
244924,160277,Food & Beverage,Technician,Evening,50316.24
244925,161692,Maintenance,Associate,Evening,131570.13
244926,161773,Housekeeping,Supervisor,Morning,84939.19
244927,161009,Food & Beverage,Chef,Night,146570.68
244928,161312,Maintenance,Manager,Evening,115042.64
244929,160630,Food & Beverage,Executive,Night,138766.35
244930,161119,Food & Beverage,Technician,Evening,94183.52
244931,160929,Sales,Technician,Night,170922.69
244932,161708,Maintenance,Executive,Night,60477.29
244933,161318,Housekeeping,Technician,Evening,133658.4
244934,161563,Housekeeping,Technician,Evening,155810.72
244935,160835,Sales,Technician,Night,89103.77
244936,161704,Housekeeping,Chef,Morning,87457.04
244937,161775,Sales,Chef,Evening,95991.4
244938,161048,Housekeeping,Executive,Evening,141118.39
244939,161555,Food & Beverage,Technician,Night,22173.12
244940,161117,Maintenance,Chef,Morning,21828.06
244941,161580,Maintenance,Executive,Evening,158191.36
244942,160417,Sales,Executive,Night,75133.93
244943,160800,Front Office,Chef,Evening,49421.48
244944,161597,Housekeeping,Technician,Evening,154170.51
244945,161093,Front Office,Manager,Night,141837.32
244946,160580,Food & Beverage,Chef,Night,147376.02
244947,160615,Front Office,Supervisor,Morning,127465.53
244948,161711,Housekeeping,Chef,Evening,121347.45
244949,160046,Food & Beverage,Chef,Evening,160665.98
244950,160893,Front Office,Supervisor,Night,120948.85
244951,161496,Housekeeping,Associate,Evening,79519.16
244952,161307,Sales,Manager,Morning,41263.5
244953,161380,Front Office,Associate,Evening,57448.62
244954,161492,Maintenance,Supervisor,Morning,86714.96
244955,161392,Sales,Executive,Evening,48905.11
244956,160900,Maintenance,Manager,Night,99035.57
244957,160988,Sales,Manager,Morning,150655.94
244958,160296,Food & Beverage,Technician,Evening,89498.24
244959,160905,Sales,Executive,Morning,50616.31
244960,160159,Front Office,Executive,Evening,177609.57
244961,161440,Front Office,Manager,Morning,68246.0
244962,161333,Food & Beverage,Manager,Morning,72726.59
244963,161548,Maintenance,Executive,Morning,168557.39
244964,161293,Front Office,Technician,Morning,110491.82
244965,161728,Housekeeping,Technician,Evening,94412.72
244966,160381,Food & Beverage,Associate,Morning,61411.32
244967,160591,Maintenance,Technician,Night,156473.1
244968,161980,Sales,Technician,Morning,96720.57
244969,160648,Food & Beverage,Chef,Evening,107058.51
244970,161436,Front Office,Technician,Evening,115614.5
244971,161097,Front Office,Technician,Night,76408.97
244972,160051,Sales,Supervisor,Night,22182.1
244973,160610,Housekeeping,Chef,Night,148552.91
244974,161662,Sales,Manager,Night,175383.64
244975,160699,Food & Beverage,Associate,Evening,63457.84
244976,161785,Housekeeping,Executive,Night,40028.81
244977,160608,Housekeeping,Executive,Evening,174927.7
244978,161048,Maintenance,Executive,Night,146826.77
244979,160158,Front Office,Associate,Morning,45827.63
244980,160875,Maintenance,Manager,Evening,160685.16
244981,161621,Sales,Technician,Night,31411.79
244982,161831,Sales,Supervisor,Night,63435.86
244983,161427,Sales,Executive,Evening,172191.24
244984,161064,Maintenance,Supervisor,Evening,64967.72
244985,161635,Housekeeping,Chef,Night,74873.58
244986,161074,Sales,Executive,Morning,65226.68
244987,161583,Sales,Associate,Night,89897.0
244988,161272,Sales,Executive,Morning,162676.98
244989,160615,Sales,Supervisor,Morning,33445.52
244990,161790,Food & Beverage,Manager,Morning,39360.13
244991,161292,Maintenance,Manager,Night,131125.92
244992,160112,Housekeeping,Executive,Night,38694.95
244993,160768,Food & Beverage,Executive,Morning,36193.52
244994,161613,Housekeeping,Associate,Morning,73756.26
244995,160526,Food & Beverage,Manager,Morning,75501.15
244996,161844,Housekeeping,Manager,Evening,142981.55
244997,161220,Maintenance,Manager,Evening,79861.78
244998,160052,Front Office,Technician,Evening,21575.22
244999,161315,Sales,Supervisor,Night,50549.09
245000,160112,Sales,Associate,Morning,129318.87
245001,161080,Front Office,Chef,Night,66618.56
245002,160505,Front Office,Associate,Evening,93018.29
245003,161978,Sales,Executive,Morning,84527.88
245004,160796,Sales,Associate,Evening,43916.4
245005,160061,Front Office,Manager,Morning,132093.72
245006,161182,Food & Beverage,Executive,Morning,80068.3
245007,161450,Sales,Executive,Night,38725.16
245008,161617,Housekeeping,Chef,Morning,131422.39
245009,161703,Sales,Executive,Morning,88087.77
245010,161440,Front Office,Technician,Evening,20309.21
245011,160011,Sales,Executive,Morning,79123.72
245012,160910,Maintenance,Chef,Morning,47775.08
245013,160645,Front Office,Associate,Evening,141857.15
245014,160289,Front Office,Supervisor,Night,127360.56
245015,161182,Front Office,Manager,Morning,24493.4
245016,161737,Housekeeping,Supervisor,Night,101640.58
245017,160914,Front Office,Chef,Morning,166907.78
245018,161098,Maintenance,Chef,Morning,59120.24
245019,160330,Maintenance,Supervisor,Evening,93076.31
245020,160904,Front Office,Executive,Evening,102669.44
245021,160619,Housekeeping,Supervisor,Evening,128745.62
245022,160033,Housekeeping,Technician,Morning,82907.69
245023,161867,Sales,Chef,Morning,84004.47
245024,160344,Food & Beverage,Manager,Morning,146918.45
245025,160890,Sales,Associate,Evening,84583.61
245026,161565,Maintenance,Chef,Evening,30595.25
245027,160367,Food & Beverage,Technician,Morning,36850.61
245028,160666,Housekeeping,Technician,Morning,169627.44
245029,161681,Housekeeping,Supervisor,Night,105127.9
245030,160358,Maintenance,Associate,Morning,100666.29
245031,161237,Housekeeping,Chef,Night,38790.41
245032,160256,Housekeeping,Chef,Morning,57934.87
245033,161138,Front Office,Supervisor,Morning,79423.0
245034,161344,Food & Beverage,Chef,Evening,53705.79
245035,160344,Maintenance,Supervisor,Night,34186.65
245036,161990,Sales,Technician,Morning,31745.08
245037,160714,Food & Beverage,Associate,Night,148925.13
245038,160580,Front Office,Chef,Evening,123353.38
245039,161725,Food & Beverage,Executive,Night,69646.28
245040,160195,Maintenance,Chef,Night,23653.49
245041,160279,Front Office,Technician,Night,179681.68
245042,161672,Housekeeping,Executive,Evening,105582.08
245043,160805,Front Office,Manager,Night,37374.07
245044,160237,Housekeeping,Technician,Night,105136.12
245045,160920,Sales,Supervisor,Night,168464.52
245046,160845,Food & Beverage,Supervisor,Morning,105927.17
245047,160528,Food & Beverage,Supervisor,Morning,128717.36
245048,161394,Maintenance,Associate,Morning,122678.52
245049,161693,Front Office,Technician,Morning,116078.33
245050,161282,Food & Beverage,Manager,Evening,71338.79
245051,160953,Food & Beverage,Manager,Morning,93584.26
245052,161510,Maintenance,Associate,Morning,149062.97
245053,160472,Sales,Supervisor,Morning,132916.53
245054,160347,Housekeeping,Chef,Night,27773.94
245055,161686,Food & Beverage,Chef,Morning,82984.19
245056,161691,Sales,Associate,Night,66878.22
245057,161726,Housekeeping,Supervisor,Night,27692.31
245058,160487,Maintenance,Chef,Morning,38215.1
245059,160012,Food & Beverage,Manager,Morning,168727.18
245060,160740,Housekeeping,Supervisor,Morning,128340.99
245061,161089,Front Office,Associate,Evening,176733.62
245062,161205,Sales,Chef,Night,97300.52
245063,161715,Maintenance,Technician,Evening,19167.67
245064,160169,Front Office,Manager,Morning,65246.91
245065,160600,Front Office,Supervisor,Morning,172666.73
245066,161466,Front Office,Chef,Morning,60771.6
245067,161438,Sales,Manager,Morning,30242.51
245068,161819,Food & Beverage,Chef,Evening,125020.14
245069,161946,Sales,Executive,Morning,65657.04
245070,160618,Sales,Associate,Evening,18169.86
245071,161912,Front Office,Executive,Evening,172984.55
245072,160038,Food & Beverage,Manager,Night,144062.14
245073,161482,Front Office,Technician,Night,78805.08
245074,160220,Food & Beverage,Manager,Morning,42569.74
245075,160797,Maintenance,Technician,Evening,75572.89
245076,161313,Food & Beverage,Supervisor,Morning,135432.06
245077,160956,Sales,Supervisor,Night,143329.15
245078,161027,Sales,Associate,Night,54965.22
245079,161276,Front Office,Supervisor,Morning,25712.88
245080,160165,Housekeeping,Technician,Morning,138574.61
245081,161226,Sales,Supervisor,Evening,130264.88
245082,161420,Food & Beverage,Supervisor,Night,108717.11
245083,161994,Housekeeping,Supervisor,Morning,59748.33
245084,161638,Food & Beverage,Manager,Night,130166.15
245085,160327,Sales,Executive,Morning,148563.71
245086,160215,Food & Beverage,Supervisor,Evening,42060.41
245087,161781,Front Office,Manager,Morning,167835.17
245088,160078,Food & Beverage,Technician,Evening,143258.77
245089,160411,Food & Beverage,Technician,Morning,41433.6
245090,160133,Maintenance,Chef,Morning,66752.63
245091,161242,Front Office,Associate,Night,125505.37
245092,160210,Sales,Manager,Morning,60598.35
245093,161623,Sales,Manager,Morning,48695.25
245094,161726,Sales,Technician,Night,152499.85
245095,160637,Sales,Executive,Morning,110457.52
245096,160045,Maintenance,Associate,Evening,119311.85
245097,161207,Food & Beverage,Associate,Evening,147625.07
245098,160207,Front Office,Chef,Night,35114.26
245099,161243,Housekeeping,Executive,Night,50038.93
245100,161536,Housekeeping,Executive,Morning,81793.79
245101,160323,Housekeeping,Manager,Night,160722.22
245102,160811,Food & Beverage,Associate,Night,79115.35
245103,160163,Sales,Executive,Night,171849.39
245104,160547,Food & Beverage,Technician,Night,56374.19
245105,161221,Sales,Supervisor,Morning,114092.34
245106,160403,Sales,Supervisor,Evening,26090.66
245107,161951,Food & Beverage,Technician,Evening,106238.3
245108,160377,Maintenance,Manager,Morning,55233.81
245109,160070,Food & Beverage,Associate,Evening,112321.29
245110,160943,Maintenance,Chef,Morning,131989.3
245111,160055,Front Office,Chef,Evening,145273.47
245112,160381,Sales,Technician,Night,119088.54
245113,160680,Sales,Supervisor,Morning,40744.72
245114,161992,Front Office,Technician,Night,52147.76
245115,160129,Maintenance,Executive,Morning,140822.86
245116,161849,Sales,Technician,Morning,49731.07
245117,160771,Front Office,Technician,Night,161529.43
245118,161168,Food & Beverage,Technician,Evening,98875.36
245119,161486,Food & Beverage,Executive,Night,131273.84
245120,160387,Food & Beverage,Executive,Morning,174902.55
245121,161577,Housekeeping,Supervisor,Evening,171141.11
245122,161011,Maintenance,Chef,Night,134780.8
245123,160588,Housekeeping,Manager,Night,60208.11
245124,160873,Housekeeping,Technician,Evening,119517.15
245125,160516,Food & Beverage,Supervisor,Night,171547.88
245126,160530,Housekeeping,Executive,Night,18612.91
245127,161914,Front Office,Technician,Morning,64269.24
245128,161139,Housekeeping,Chef,Evening,176252.21
245129,160003,Food & Beverage,Manager,Evening,60161.04
245130,161036,Maintenance,Supervisor,Night,161962.79
245131,161101,Food & Beverage,Executive,Night,124433.45
245132,160829,Sales,Technician,Morning,106484.6
245133,160198,Front Office,Executive,Morning,27854.59
245134,161347,Food & Beverage,Technician,Night,97837.89
245135,161762,Housekeeping,Executive,Morning,29193.82
245136,160217,Front Office,Chef,Night,52864.66
245137,161878,Housekeeping,Executive,Night,106944.68
245138,160098,Front Office,Chef,Night,43959.27
245139,161974,Food & Beverage,Supervisor,Night,31546.79
245140,160547,Food & Beverage,Chef,Night,103490.47
245141,161574,Sales,Manager,Night,74488.04
245142,161568,Maintenance,Executive,Night,142979.6
245143,161078,Food & Beverage,Technician,Morning,129590.44
245144,161331,Front Office,Executive,Evening,169150.15
245145,161893,Food & Beverage,Executive,Night,167918.81
245146,160614,Sales,Chef,Night,76103.02
245147,160138,Sales,Chef,Night,90873.44
245148,161871,Sales,Chef,Morning,154574.78
245149,161482,Front Office,Technician,Evening,59841.84
245150,160455,Sales,Associate,Morning,102737.53
245151,160005,Front Office,Manager,Night,74740.62
245152,160286,Front Office,Manager,Night,165089.14
245153,160620,Housekeeping,Chef,Night,28323.46
245154,161123,Housekeeping,Chef,Night,120399.03
245155,161690,Housekeeping,Supervisor,Night,38321.86
245156,161717,Housekeeping,Chef,Evening,23932.19
245157,160074,Front Office,Manager,Night,78631.13
245158,161779,Housekeeping,Executive,Morning,100634.09
245159,160771,Maintenance,Executive,Night,98649.23
245160,160862,Housekeeping,Executive,Morning,37570.42
245161,161442,Housekeeping,Chef,Night,127884.52
245162,160002,Maintenance,Manager,Evening,76135.03
245163,161843,Food & Beverage,Associate,Evening,140781.33
245164,160542,Maintenance,Associate,Night,179705.69
245165,160635,Maintenance,Supervisor,Morning,49818.89
245166,160777,Sales,Technician,Night,74042.57
245167,160275,Maintenance,Chef,Evening,54878.28
245168,160073,Food & Beverage,Chef,Evening,158573.91
245169,161407,Maintenance,Associate,Morning,103784.71
245170,160583,Sales,Supervisor,Night,120569.22
245171,161662,Food & Beverage,Executive,Evening,133444.94
245172,160329,Sales,Associate,Night,64817.17
245173,160240,Sales,Manager,Night,172217.16
245174,161380,Housekeeping,Associate,Night,122667.71
245175,160618,Maintenance,Manager,Night,66367.25
245176,160791,Front Office,Executive,Morning,116684.49
245177,161895,Sales,Technician,Evening,75459.28
245178,160785,Sales,Executive,Evening,46920.54
245179,160116,Sales,Executive,Evening,72834.81
245180,161661,Food & Beverage,Technician,Evening,75632.49
245181,161893,Housekeeping,Technician,Evening,157040.17
245182,160394,Front Office,Chef,Night,38455.09
245183,160784,Housekeeping,Technician,Morning,153860.76
245184,161676,Maintenance,Associate,Evening,143845.27
245185,161729,Sales,Manager,Morning,66370.88
245186,161344,Maintenance,Chef,Morning,73468.31
245187,161743,Food & Beverage,Chef,Morning,41073.17
245188,160440,Front Office,Manager,Night,34472.18
245189,161760,Sales,Executive,Night,56441.58
245190,160229,Housekeeping,Executive,Evening,170445.63
245191,161570,Food & Beverage,Technician,Night,21815.93
245192,160532,Sales,Technician,Morning,52772.96
245193,160806,Sales,Executive,Night,138274.69
245194,161152,Food & Beverage,Supervisor,Morning,71515.47
245195,161839,Food & Beverage,Technician,Morning,36151.47
245196,161864,Maintenance,Executive,Night,42211.98
245197,160556,Front Office,Supervisor,Evening,169962.35
245198,160604,Maintenance,Manager,Evening,26376.6
245199,161727,Front Office,Technician,Morning,134371.24
245200,160853,Front Office,Manager,Morning,92015.62
245201,161180,Sales,Manager,Night,49200.86
245202,160833,Sales,Manager,Evening,28736.5
245203,161595,Housekeeping,Executive,Night,159742.59
245204,161700,Food & Beverage,Executive,Morning,79225.61
245205,161266,Sales,Associate,Morning,59985.28
245206,161977,Housekeeping,Technician,Evening,127456.51
245207,160875,Maintenance,Manager,Night,163464.05
245208,160455,Sales,Executive,Evening,36707.55
245209,160638,Food & Beverage,Executive,Evening,102332.9
245210,161888,Maintenance,Supervisor,Night,26819.83
245211,160535,Maintenance,Associate,Evening,147678.96
245212,161855,Front Office,Associate,Night,131954.46
245213,160474,Maintenance,Supervisor,Night,29510.69
245214,161072,Maintenance,Supervisor,Evening,58079.6
245215,161591,Maintenance,Technician,Night,40057.71
245216,161695,Sales,Executive,Night,166817.31
245217,161356,Front Office,Manager,Evening,135924.68
245218,160707,Housekeeping,Executive,Night,106524.47
245219,160622,Maintenance,Chef,Night,117461.84
245220,160998,Sales,Technician,Night,127088.18
245221,160078,Front Office,Chef,Evening,24232.22
245222,161413,Housekeeping,Chef,Night,111355.08
245223,160257,Sales,Manager,Morning,84012.37
245224,161491,Sales,Manager,Evening,55285.84
245225,160298,Front Office,Chef,Evening,169390.72
245226,161148,Front Office,Associate,Night,33075.75
245227,160211,Front Office,Supervisor,Morning,74690.58
245228,160370,Housekeeping,Technician,Evening,119709.66
245229,160992,Housekeeping,Chef,Night,33563.47
245230,160120,Front Office,Technician,Morning,75345.71
245231,161979,Front Office,Executive,Night,171053.48
245232,160653,Sales,Technician,Evening,88928.54
245233,161368,Housekeeping,Manager,Morning,39653.98
245234,161893,Maintenance,Technician,Night,40376.46
245235,160595,Sales,Manager,Morning,152561.97
245236,160122,Front Office,Technician,Morning,31531.21
245237,161616,Sales,Associate,Morning,37806.8
245238,161482,Front Office,Chef,Evening,51202.85
245239,161075,Maintenance,Associate,Evening,75314.36
245240,161034,Maintenance,Executive,Night,29057.95
245241,160591,Front Office,Executive,Night,134303.07
245242,161970,Maintenance,Associate,Morning,105080.38
245243,161040,Sales,Technician,Evening,131506.33
245244,161447,Food & Beverage,Associate,Night,148688.41
245245,160797,Front Office,Associate,Morning,118301.14
245246,161350,Maintenance,Associate,Morning,155991.61
245247,160818,Housekeeping,Chef,Night,49103.28
245248,160520,Sales,Supervisor,Evening,137509.57
245249,160708,Sales,Manager,Evening,41930.28
245250,160331,Maintenance,Manager,Morning,145307.29
245251,161077,Food & Beverage,Associate,Night,77663.86
245252,160912,Front Office,Chef,Morning,63519.99
245253,160164,Housekeeping,Supervisor,Morning,43071.37
245254,160780,Sales,Associate,Morning,120383.16
245255,161095,Housekeeping,Executive,Evening,42943.02
245256,161680,Food & Beverage,Manager,Evening,122119.1
245257,161846,Sales,Chef,Evening,156988.37
245258,160668,Sales,Chef,Evening,36781.43
245259,160004,Sales,Manager,Morning,70522.12
245260,160283,Maintenance,Executive,Night,153707.35
245261,161020,Sales,Associate,Evening,68530.37
245262,161030,Housekeeping,Manager,Morning,108363.21
245263,160920,Housekeeping,Manager,Evening,42905.0
245264,161901,Maintenance,Chef,Morning,22354.86
245265,161216,Maintenance,Executive,Night,84938.16
245266,160351,Front Office,Supervisor,Morning,147722.18
245267,161464,Housekeeping,Chef,Night,169795.19
245268,161672,Housekeeping,Executive,Night,43948.76
245269,161214,Housekeeping,Technician,Evening,114788.35
245270,161176,Maintenance,Supervisor,Evening,152434.24
245271,161835,Food & Beverage,Executive,Morning,111358.49
245272,161020,Housekeeping,Executive,Evening,99433.61
245273,161075,Maintenance,Technician,Morning,129743.23
245274,161265,Food & Beverage,Associate,Morning,92315.68
245275,161655,Housekeeping,Associate,Morning,91542.39
245276,160739,Food & Beverage,Chef,Evening,92261.01
245277,160308,Maintenance,Associate,Evening,141502.65
245278,160830,Maintenance,Manager,Night,37016.87
245279,160163,Maintenance,Chef,Night,96287.71
245280,161777,Maintenance,Associate,Evening,151830.98
245281,161753,Front Office,Chef,Evening,141637.34
245282,160492,Sales,Chef,Morning,120047.41
245283,160603,Food & Beverage,Supervisor,Evening,124513.12
245284,160632,Front Office,Supervisor,Morning,177626.84
245285,160265,Food & Beverage,Manager,Morning,128751.32
245286,161733,Sales,Chef,Night,56538.15
245287,161649,Housekeeping,Associate,Morning,133200.29
245288,160672,Housekeeping,Chef,Evening,95833.96
245289,160670,Front Office,Supervisor,Evening,163138.8
245290,160622,Housekeeping,Manager,Evening,35962.93
245291,160042,Housekeeping,Executive,Morning,67459.37
245292,161357,Maintenance,Manager,Evening,121931.6
245293,160674,Housekeeping,Technician,Evening,111786.36
245294,160406,Maintenance,Supervisor,Evening,64445.73
245295,160516,Front Office,Executive,Night,116101.54
245296,160929,Sales,Technician,Morning,160715.13
245297,161925,Sales,Technician,Morning,168111.22
245298,160581,Front Office,Manager,Night,54448.6
245299,160092,Housekeeping,Technician,Morning,168008.36
245300,160959,Sales,Associate,Evening,80592.01
245301,160344,Housekeeping,Manager,Morning,54177.91
245302,161880,Maintenance,Manager,Night,24848.6
245303,160816,Sales,Executive,Night,35841.79
245304,160246,Food & Beverage,Associate,Evening,68540.12
245305,161200,Food & Beverage,Technician,Night,49100.7
245306,161584,Sales,Executive,Evening,36097.89
245307,161202,Maintenance,Supervisor,Evening,56128.51
245308,161190,Maintenance,Associate,Evening,83961.61
245309,161982,Front Office,Technician,Night,165339.21
245310,161107,Front Office,Technician,Evening,50218.62
245311,160053,Front Office,Executive,Night,104025.33
245312,161894,Sales,Chef,Evening,134939.94
245313,161995,Housekeeping,Manager,Morning,171562.2
245314,160831,Housekeeping,Chef,Morning,153631.04
245315,160655,Front Office,Associate,Night,161496.97
245316,161163,Sales,Executive,Night,22428.72
245317,160720,Front Office,Supervisor,Night,37929.0
245318,160003,Front Office,Associate,Evening,128663.23
245319,160270,Food & Beverage,Supervisor,Night,133749.46
245320,161382,Sales,Supervisor,Evening,165717.85
245321,161650,Sales,Associate,Evening,18906.52
245322,161142,Maintenance,Technician,Evening,60587.63
245323,160823,Food & Beverage,Executive,Morning,80876.5
245324,160992,Food & Beverage,Executive,Morning,172221.92
245325,161857,Food & Beverage,Supervisor,Morning,31136.4
245326,160008,Front Office,Technician,Night,18577.1
245327,160015,Housekeeping,Chef,Evening,138179.92
245328,161739,Housekeeping,Chef,Night,86990.88
245329,161372,Food & Beverage,Executive,Evening,152086.6
245330,161122,Housekeeping,Associate,Evening,71320.3
245331,161195,Housekeeping,Technician,Night,163474.2
245332,160075,Front Office,Manager,Evening,26148.49
245333,161440,Front Office,Manager,Night,58873.86
245334,161513,Food & Beverage,Manager,Morning,84126.24
245335,161315,Sales,Chef,Morning,99779.37
245336,161666,Food & Beverage,Technician,Morning,91582.3
245337,160763,Sales,Executive,Evening,33912.38
245338,161748,Food & Beverage,Technician,Evening,48971.82
245339,161350,Maintenance,Supervisor,Night,50805.62
245340,161162,Maintenance,Manager,Night,126787.7
245341,161851,Maintenance,Supervisor,Evening,94479.11
245342,160449,Food & Beverage,Technician,Morning,117107.97
245343,160704,Maintenance,Technician,Night,39539.82
245344,161172,Front Office,Associate,Morning,114797.27
245345,161966,Food & Beverage,Associate,Evening,157551.26
245346,161331,Sales,Manager,Evening,122827.08
245347,161303,Maintenance,Technician,Night,111218.89
245348,160201,Sales,Associate,Morning,75973.62
245349,161364,Maintenance,Manager,Evening,60112.64
245350,160452,Housekeeping,Supervisor,Night,35112.36
245351,161425,Sales,Associate,Evening,161619.56
245352,161489,Housekeeping,Chef,Night,70903.44
245353,160316,Food & Beverage,Associate,Morning,60934.5
245354,161673,Maintenance,Manager,Night,109666.24
245355,160258,Maintenance,Manager,Night,166934.73
245356,161814,Sales,Manager,Night,28791.54
245357,160709,Front Office,Executive,Night,108917.66
245358,161293,Housekeeping,Technician,Evening,36359.74
245359,161804,Maintenance,Manager,Night,82801.94
245360,160047,Sales,Chef,Evening,91560.54
245361,160481,Maintenance,Executive,Night,176933.86
245362,160042,Maintenance,Chef,Morning,93860.33
245363,161750,Maintenance,Manager,Evening,59768.91
245364,160753,Front Office,Chef,Morning,121435.36
245365,161600,Sales,Supervisor,Evening,151820.12
245366,160810,Sales,Supervisor,Night,128186.08
245367,160928,Maintenance,Chef,Morning,171744.36
245368,160183,Housekeeping,Executive,Morning,158574.04
245369,160711,Maintenance,Supervisor,Evening,43260.94
245370,161867,Sales,Manager,Night,66778.02
245371,160888,Front Office,Technician,Morning,154116.95
245372,161408,Sales,Executive,Morning,118884.65
245373,160488,Sales,Associate,Evening,100808.75
245374,160889,Sales,Executive,Evening,66401.62
245375,161198,Food & Beverage,Technician,Morning,29062.55
245376,161289,Housekeeping,Executive,Night,89605.9
245377,161194,Front Office,Associate,Evening,90988.08
245378,160771,Housekeeping,Executive,Evening,165546.16
245379,160738,Front Office,Associate,Evening,70818.68
245380,160274,Sales,Supervisor,Morning,178428.56
245381,162000,Sales,Associate,Morning,103940.87
245382,160966,Front Office,Supervisor,Evening,63548.09
245383,160319,Front Office,Associate,Morning,140711.41
245384,160255,Front Office,Executive,Night,25537.24
245385,160391,Food & Beverage,Executive,Morning,93367.91
245386,160202,Maintenance,Technician,Evening,159434.31
245387,160308,Maintenance,Manager,Night,108005.54
245388,161593,Food & Beverage,Technician,Morning,99820.78
245389,160893,Food & Beverage,Chef,Night,144218.72
245390,161208,Front Office,Manager,Evening,173555.51
245391,161696,Maintenance,Chef,Morning,119114.89
245392,160785,Housekeeping,Supervisor,Morning,95156.95
245393,161881,Sales,Technician,Evening,47538.28
245394,160879,Sales,Manager,Morning,92204.39
245395,160008,Housekeeping,Supervisor,Evening,117346.78
245396,160111,Sales,Associate,Night,48465.02
245397,161728,Front Office,Executive,Morning,49884.35
245398,160957,Housekeeping,Chef,Evening,97921.75
245399,160217,Sales,Technician,Morning,98167.18
245400,161356,Food & Beverage,Technician,Evening,126338.11
245401,160637,Housekeeping,Chef,Night,143196.97
245402,161887,Maintenance,Associate,Evening,86009.77
245403,160515,Sales,Associate,Morning,87056.23
245404,161221,Housekeeping,Technician,Night,90020.09
245405,160356,Food & Beverage,Chef,Evening,74526.76
245406,160695,Food & Beverage,Executive,Evening,157576.97
245407,160391,Sales,Associate,Night,126253.03
245408,161318,Food & Beverage,Executive,Night,18109.81
245409,162000,Food & Beverage,Supervisor,Evening,156611.82
245410,160619,Sales,Manager,Evening,174645.83
245411,161088,Sales,Technician,Night,39942.59
245412,160632,Sales,Associate,Evening,110849.22
245413,160065,Sales,Executive,Night,166214.97
245414,160464,Housekeeping,Associate,Evening,61406.75
245415,160358,Sales,Supervisor,Night,79074.4
245416,161635,Sales,Executive,Night,73568.73
245417,160741,Housekeeping,Technician,Night,116587.91
245418,160569,Food & Beverage,Associate,Night,51883.0
245419,160274,Front Office,Associate,Night,72967.41
245420,161919,Sales,Chef,Night,84983.43
245421,161148,Sales,Manager,Evening,40027.16
245422,160138,Front Office,Manager,Morning,136884.14
245423,160096,Food & Beverage,Chef,Night,132760.57
245424,161252,Food & Beverage,Supervisor,Morning,100791.71
245425,160744,Food & Beverage,Manager,Evening,69680.91
245426,160709,Food & Beverage,Associate,Evening,114843.53
245427,161085,Maintenance,Supervisor,Morning,107857.39
245428,160152,Housekeeping,Supervisor,Evening,174532.15
245429,161424,Food & Beverage,Technician,Evening,25723.95
245430,161341,Maintenance,Associate,Evening,178343.81
245431,160626,Maintenance,Chef,Night,110539.48
245432,160947,Front Office,Manager,Night,104334.69
245433,161702,Sales,Technician,Morning,58502.83
245434,161874,Maintenance,Technician,Night,110518.89
245435,161686,Housekeeping,Chef,Morning,141847.04
245436,160420,Sales,Technician,Night,28654.15
245437,161144,Maintenance,Supervisor,Morning,93511.35
245438,160858,Sales,Associate,Evening,33743.98
245439,160678,Front Office,Chef,Evening,60775.07
245440,160115,Food & Beverage,Associate,Night,67401.82
245441,161395,Housekeeping,Supervisor,Evening,153827.4
245442,161778,Housekeeping,Manager,Morning,91414.36
245443,160775,Front Office,Supervisor,Morning,79101.95
245444,160638,Food & Beverage,Manager,Morning,112802.91
245445,161302,Housekeeping,Chef,Night,71061.96
245446,161151,Front Office,Supervisor,Morning,33153.5
245447,160430,Housekeeping,Associate,Morning,76459.86
245448,160911,Front Office,Associate,Night,24596.67
245449,160486,Housekeeping,Chef,Night,86955.5
245450,160643,Sales,Chef,Morning,87926.22
245451,160775,Front Office,Associate,Morning,86495.08
245452,160185,Maintenance,Executive,Night,47415.87
245453,160209,Front Office,Associate,Morning,91088.92
245454,161095,Housekeeping,Technician,Evening,68945.77
245455,160100,Front Office,Executive,Night,172786.82
245456,161790,Housekeeping,Chef,Morning,169919.15
245457,161159,Maintenance,Manager,Morning,96752.44
245458,161285,Housekeeping,Technician,Night,118737.47
245459,161252,Maintenance,Executive,Morning,103735.79
245460,161522,Front Office,Manager,Morning,144798.18
245461,160828,Front Office,Supervisor,Morning,136209.59
245462,160516,Housekeeping,Chef,Morning,175211.73
245463,161718,Housekeeping,Technician,Evening,167225.69
245464,160976,Food & Beverage,Executive,Night,35683.16
245465,161992,Housekeeping,Technician,Night,86403.95
245466,161486,Sales,Technician,Night,44714.48
245467,161527,Maintenance,Executive,Night,166335.62
245468,160516,Sales,Associate,Evening,18919.23
245469,161842,Sales,Manager,Night,76505.17
245470,161575,Front Office,Executive,Evening,69666.98
245471,160266,Front Office,Supervisor,Morning,135773.55
245472,160943,Sales,Associate,Evening,176454.34
245473,160199,Food & Beverage,Executive,Night,26261.82
245474,162000,Housekeeping,Technician,Night,159350.16
245475,161562,Front Office,Associate,Night,23255.26
245476,161334,Maintenance,Technician,Morning,49840.08
245477,161166,Maintenance,Technician,Morning,108574.9
245478,161324,Housekeeping,Technician,Night,169191.82
245479,161559,Maintenance,Technician,Night,116291.95
245480,160056,Housekeeping,Manager,Morning,111430.75
245481,161228,Sales,Associate,Night,106985.88
245482,160890,Food & Beverage,Technician,Evening,122700.56
245483,161553,Maintenance,Supervisor,Evening,131902.15
245484,161716,Housekeeping,Associate,Evening,163265.16
245485,161343,Housekeeping,Technician,Night,51249.77
245486,161824,Maintenance,Technician,Morning,109755.2
245487,161932,Maintenance,Supervisor,Night,102417.2
245488,161257,Maintenance,Executive,Evening,38425.59
245489,160168,Front Office,Chef,Morning,176591.77
245490,160200,Food & Beverage,Manager,Evening,90168.05
245491,161386,Maintenance,Executive,Morning,179139.91
245492,161397,Sales,Executive,Morning,156227.24
245493,160536,Food & Beverage,Executive,Evening,171644.16
245494,160398,Maintenance,Technician,Night,82897.96
245495,160291,Housekeeping,Associate,Morning,95444.34
245496,161414,Sales,Technician,Night,169953.85
245497,160588,Food & Beverage,Chef,Evening,179834.19
245498,161697,Housekeeping,Associate,Evening,45692.75
245499,161217,Housekeeping,Associate,Night,48026.3
245500,161215,Housekeeping,Manager,Night,162301.44
245501,161476,Sales,Technician,Evening,31322.26
245502,161284,Maintenance,Manager,Evening,155143.07
245503,160860,Maintenance,Chef,Night,142772.39
245504,161401,Housekeeping,Supervisor,Morning,122362.66
245505,160920,Front Office,Chef,Night,110635.1
245506,160812,Housekeeping,Associate,Morning,157684.7
245507,161738,Sales,Technician,Night,148309.47
245508,160808,Front Office,Executive,Evening,39589.58
245509,160483,Front Office,Executive,Evening,148185.54
245510,161342,Housekeeping,Supervisor,Evening,81924.27
245511,161751,Maintenance,Executive,Morning,82924.36
245512,160484,Maintenance,Technician,Evening,162315.17
245513,160696,Food & Beverage,Associate,Morning,58147.3
245514,161276,Housekeeping,Manager,Night,65665.82
245515,161617,Housekeeping,Manager,Night,178697.23
245516,161054,Front Office,Technician,Evening,138489.77
245517,161637,Sales,Associate,Evening,67986.9
245518,161279,Housekeeping,Chef,Evening,168764.36
245519,161825,Front Office,Manager,Morning,20992.46
245520,160195,Food & Beverage,Manager,Evening,63647.24
245521,160846,Food & Beverage,Chef,Morning,167366.46
245522,160132,Food & Beverage,Manager,Morning,18173.16
245523,160676,Front Office,Chef,Evening,148759.33
245524,161219,Maintenance,Manager,Night,44850.03
245525,161879,Housekeeping,Executive,Night,89614.45
245526,160855,Front Office,Executive,Evening,108398.85
245527,160971,Food & Beverage,Associate,Evening,170657.67
245528,160210,Housekeeping,Manager,Morning,174934.36
245529,161498,Food & Beverage,Supervisor,Morning,111808.05
245530,160597,Sales,Manager,Evening,159095.54
245531,160173,Food & Beverage,Technician,Morning,61431.31
245532,161520,Front Office,Chef,Evening,38495.13
245533,160437,Food & Beverage,Associate,Evening,102380.9
245534,160224,Front Office,Associate,Evening,153932.54
245535,161974,Front Office,Technician,Evening,86944.89
245536,161242,Maintenance,Manager,Night,46194.03
245537,161879,Front Office,Associate,Morning,83481.15
245538,160885,Front Office,Supervisor,Evening,109216.27
245539,160688,Maintenance,Associate,Morning,69503.37
245540,161760,Sales,Executive,Night,178680.1
245541,161848,Food & Beverage,Supervisor,Night,71014.86
245542,161358,Front Office,Manager,Evening,48606.65
245543,160551,Sales,Technician,Evening,88502.8
245544,160896,Sales,Chef,Evening,100742.82
245545,161101,Food & Beverage,Manager,Evening,121679.1
245546,160370,Housekeeping,Technician,Morning,172738.67
245547,161667,Sales,Chef,Night,112084.92
245548,160678,Housekeeping,Associate,Morning,151977.46
245549,160129,Maintenance,Chef,Morning,34572.74
245550,160350,Maintenance,Supervisor,Evening,154729.88
245551,161768,Food & Beverage,Supervisor,Morning,147972.18
245552,161615,Sales,Manager,Evening,118391.42
245553,161906,Front Office,Supervisor,Night,88980.31
245554,161626,Sales,Executive,Evening,175912.75
245555,161519,Front Office,Associate,Night,115124.36
245556,161432,Sales,Executive,Morning,59935.43
245557,161219,Sales,Associate,Night,110065.41
245558,161393,Maintenance,Supervisor,Morning,154179.5
245559,161708,Housekeeping,Chef,Evening,177301.04
245560,161197,Housekeeping,Chef,Night,78137.72
245561,160884,Housekeeping,Technician,Evening,169544.24
245562,160098,Sales,Chef,Night,70013.24
245563,160225,Maintenance,Executive,Morning,47475.28
245564,161514,Sales,Manager,Evening,120321.41
245565,161274,Maintenance,Technician,Morning,48782.58
245566,160796,Maintenance,Chef,Evening,119385.16
245567,161409,Maintenance,Chef,Night,74831.05
245568,160456,Food & Beverage,Chef,Morning,150263.25
245569,160590,Housekeeping,Chef,Night,81851.96
245570,161368,Housekeeping,Chef,Evening,161332.52
245571,161341,Food & Beverage,Associate,Night,75323.65
245572,161392,Maintenance,Chef,Evening,34147.15
245573,160934,Food & Beverage,Manager,Night,126600.44
245574,160728,Front Office,Manager,Evening,173377.07
245575,160646,Front Office,Manager,Night,111131.38
245576,161903,Front Office,Associate,Morning,66871.91
245577,161481,Food & Beverage,Technician,Night,127827.68
245578,160494,Sales,Chef,Night,135522.21
245579,160168,Maintenance,Chef,Night,148115.93
245580,161594,Food & Beverage,Supervisor,Morning,176842.5
245581,161918,Sales,Technician,Morning,102831.54
245582,160852,Sales,Associate,Morning,141056.6
245583,161427,Sales,Supervisor,Night,57304.53
245584,160882,Food & Beverage,Associate,Evening,80099.68
245585,160161,Front Office,Manager,Evening,119749.43
245586,161867,Housekeeping,Manager,Morning,72293.49
245587,161713,Front Office,Supervisor,Morning,98527.91
245588,161151,Front Office,Chef,Evening,35839.51
245589,161192,Maintenance,Manager,Evening,18140.02
245590,161219,Maintenance,Executive,Night,91970.67
245591,161900,Sales,Manager,Night,145278.77
245592,161083,Sales,Supervisor,Evening,124520.52
245593,160253,Sales,Executive,Evening,115312.58
245594,160736,Food & Beverage,Associate,Night,91554.59
245595,161110,Front Office,Manager,Evening,125779.82
245596,161976,Maintenance,Supervisor,Evening,178436.63
245597,161480,Sales,Technician,Evening,112378.69
245598,160096,Housekeeping,Chef,Evening,175788.62
245599,160191,Front Office,Executive,Night,176017.36
245600,161565,Food & Beverage,Chef,Morning,97930.31
245601,161297,Front Office,Supervisor,Evening,140713.41
245602,161736,Food & Beverage,Executive,Night,18027.91
245603,160291,Food & Beverage,Chef,Morning,110159.84
245604,160033,Front Office,Technician,Evening,70592.56
245605,161343,Food & Beverage,Technician,Morning,151921.65
245606,160499,Front Office,Executive,Morning,51467.87
245607,161664,Sales,Technician,Evening,83297.61
245608,161496,Food & Beverage,Technician,Evening,30353.35
245609,161902,Sales,Technician,Morning,69344.05
245610,161112,Maintenance,Technician,Morning,59077.01
245611,160450,Front Office,Chef,Night,52130.85
245612,160397,Food & Beverage,Supervisor,Evening,97027.89
245613,161435,Maintenance,Technician,Night,57889.99
245614,161727,Housekeeping,Technician,Morning,171031.88
245615,160900,Front Office,Supervisor,Night,103217.78
245616,161004,Front Office,Supervisor,Evening,121794.75
245617,161258,Front Office,Executive,Evening,36153.91
245618,161988,Sales,Associate,Evening,45432.57
245619,161944,Front Office,Executive,Night,78035.34
245620,160705,Front Office,Technician,Morning,38961.95
245621,161204,Food & Beverage,Supervisor,Evening,68091.43
245622,160071,Front Office,Technician,Night,53471.74
245623,161092,Maintenance,Technician,Evening,19459.39
245624,161830,Food & Beverage,Manager,Morning,162025.18
245625,160312,Sales,Associate,Morning,63707.8
245626,160383,Food & Beverage,Associate,Night,114898.51
245627,160232,Sales,Associate,Morning,92732.79
245628,160505,Housekeeping,Manager,Night,52298.53
245629,160441,Housekeeping,Supervisor,Morning,100260.84
245630,161281,Front Office,Executive,Morning,132124.51
245631,161878,Housekeeping,Associate,Night,170308.52
245632,161952,Maintenance,Supervisor,Night,109638.1
245633,161948,Food & Beverage,Chef,Night,73198.48
245634,161015,Front Office,Manager,Morning,163115.77
245635,161318,Maintenance,Associate,Morning,94211.54
245636,160259,Food & Beverage,Supervisor,Night,126851.97
245637,161890,Sales,Manager,Night,175703.83
245638,161783,Housekeeping,Technician,Night,110937.58
245639,160794,Front Office,Manager,Night,28370.17
245640,161439,Front Office,Technician,Evening,60501.3
245641,161290,Maintenance,Chef,Evening,24083.18
245642,161286,Food & Beverage,Technician,Evening,66147.44
245643,160646,Maintenance,Supervisor,Night,170383.15
245644,160190,Housekeeping,Manager,Morning,129807.18
245645,160432,Maintenance,Chef,Evening,161919.51
245646,161482,Sales,Manager,Morning,168069.76
245647,160266,Food & Beverage,Supervisor,Morning,80916.44
245648,161042,Sales,Technician,Morning,101922.26
245649,160622,Maintenance,Executive,Evening,82325.65
245650,160734,Front Office,Executive,Morning,130575.68
245651,161117,Sales,Manager,Night,82260.3
245652,160293,Housekeeping,Technician,Morning,123258.0
245653,160578,Sales,Technician,Evening,41105.18
245654,160733,Sales,Manager,Night,46885.39
245655,161893,Front Office,Technician,Morning,171245.51
245656,160436,Food & Beverage,Associate,Evening,26752.32
245657,161925,Food & Beverage,Technician,Morning,145233.68
245658,161533,Food & Beverage,Associate,Morning,156424.57
245659,161759,Front Office,Executive,Evening,178672.44
245660,160601,Housekeeping,Executive,Evening,43924.1
245661,160091,Housekeeping,Associate,Night,143380.35
245662,160306,Food & Beverage,Executive,Morning,93621.61
245663,160229,Sales,Executive,Evening,110989.73
245664,160492,Food & Beverage,Executive,Evening,78311.53
245665,161544,Front Office,Executive,Evening,20437.01
245666,161641,Sales,Associate,Night,124128.54
245667,161380,Sales,Supervisor,Evening,156329.81
245668,161505,Front Office,Executive,Evening,72271.34
245669,161720,Front Office,Chef,Evening,59610.97
245670,160642,Sales,Chef,Night,126024.65
245671,161687,Food & Beverage,Associate,Morning,136612.03
245672,160656,Maintenance,Associate,Night,50280.57
245673,160803,Food & Beverage,Supervisor,Night,157691.18
245674,160079,Food & Beverage,Technician,Morning,100596.45
245675,160101,Front Office,Supervisor,Morning,31883.23
245676,160382,Sales,Manager,Night,117035.96
245677,161396,Sales,Chef,Evening,72518.43
245678,160703,Housekeeping,Chef,Evening,24595.28
245679,161231,Front Office,Manager,Morning,94226.47
245680,160117,Sales,Chef,Morning,178695.93
245681,161307,Maintenance,Associate,Night,37269.19
245682,160093,Housekeeping,Chef,Night,90756.92
245683,161891,Housekeeping,Chef,Night,101552.23
245684,161910,Housekeeping,Executive,Morning,37917.83
245685,161877,Front Office,Associate,Morning,163924.4
245686,160493,Maintenance,Chef,Morning,52466.43
245687,160997,Front Office,Technician,Morning,54177.71
245688,161031,Front Office,Executive,Morning,59514.72
245689,160943,Front Office,Chef,Morning,90368.89
245690,161016,Maintenance,Associate,Evening,157836.99
245691,160377,Food & Beverage,Chef,Evening,90553.28
245692,160673,Maintenance,Manager,Night,88261.47
245693,160076,Front Office,Chef,Evening,122388.09
245694,161130,Front Office,Manager,Morning,169644.25
245695,160181,Front Office,Manager,Evening,150361.9
245696,161727,Maintenance,Chef,Night,157067.19
245697,160437,Front Office,Manager,Morning,51129.75
245698,160744,Housekeeping,Chef,Evening,101721.37
245699,160956,Food & Beverage,Associate,Night,162827.68
245700,161771,Front Office,Technician,Night,109128.98
245701,160615,Maintenance,Chef,Night,149250.4
245702,160985,Front Office,Manager,Night,23590.07
245703,160786,Food & Beverage,Technician,Evening,177827.82
245704,160976,Housekeeping,Executive,Morning,171655.09
245705,160568,Housekeeping,Technician,Night,130390.71
245706,160830,Food & Beverage,Executive,Night,66887.32
245707,161409,Food & Beverage,Supervisor,Evening,71026.9
245708,161778,Maintenance,Technician,Night,119055.68
245709,160179,Front Office,Technician,Morning,162372.04
245710,161284,Sales,Technician,Evening,123309.32
245711,161474,Maintenance,Technician,Night,54517.59
245712,161980,Sales,Executive,Night,112715.38
245713,160463,Food & Beverage,Executive,Evening,104461.5
245714,161969,Sales,Technician,Morning,109039.71
245715,161496,Sales,Associate,Night,139826.25
245716,160026,Housekeeping,Chef,Evening,52594.96
245717,160132,Maintenance,Technician,Evening,76119.0
245718,160823,Front Office,Technician,Night,167773.81
245719,160004,Housekeeping,Technician,Evening,22074.06
245720,161906,Food & Beverage,Chef,Evening,128994.98
245721,160459,Maintenance,Manager,Morning,77451.0
245722,161120,Food & Beverage,Executive,Night,135035.11
245723,161831,Housekeeping,Associate,Night,131351.29
245724,160564,Food & Beverage,Supervisor,Night,50485.42
245725,161996,Sales,Executive,Morning,71215.89
245726,161344,Housekeeping,Associate,Evening,24543.68
245727,161982,Front Office,Executive,Evening,157056.66
245728,161630,Housekeeping,Supervisor,Night,117275.65
245729,161057,Housekeeping,Manager,Evening,167352.03
245730,161652,Food & Beverage,Technician,Evening,149306.27
245731,160545,Front Office,Executive,Morning,43471.98
245732,160822,Food & Beverage,Executive,Evening,80729.27
245733,161057,Food & Beverage,Chef,Evening,122986.97
245734,160742,Front Office,Executive,Night,167381.34
245735,161713,Housekeeping,Chef,Night,52701.86
245736,160556,Front Office,Supervisor,Evening,45784.37
245737,161153,Food & Beverage,Manager,Night,96358.1
245738,161321,Housekeeping,Executive,Morning,62742.4
245739,160755,Food & Beverage,Supervisor,Evening,42419.61
245740,161063,Food & Beverage,Supervisor,Evening,119594.73
245741,161975,Sales,Supervisor,Morning,35637.33
245742,160243,Food & Beverage,Associate,Night,76038.99
245743,160692,Maintenance,Supervisor,Morning,141365.67
245744,161714,Sales,Technician,Night,152829.18
245745,161667,Housekeeping,Chef,Morning,35820.09
245746,160053,Housekeeping,Technician,Evening,40013.73
245747,161307,Maintenance,Manager,Morning,60643.52
245748,161162,Housekeeping,Manager,Morning,71605.46
245749,160323,Sales,Executive,Evening,35465.91
245750,160093,Maintenance,Manager,Night,177039.8
245751,160872,Housekeeping,Supervisor,Morning,150798.96
245752,160004,Sales,Associate,Morning,88137.7
245753,161944,Front Office,Chef,Morning,97033.63
245754,161274,Sales,Executive,Night,36887.43
245755,160916,Food & Beverage,Chef,Morning,87741.34
245756,161139,Front Office,Executive,Night,149415.43
245757,160771,Housekeeping,Executive,Evening,86886.47
245758,161426,Maintenance,Associate,Night,85290.69
245759,160278,Sales,Supervisor,Evening,141644.56
245760,161033,Front Office,Supervisor,Morning,157359.81
245761,160395,Food & Beverage,Chef,Morning,23968.24
245762,161014,Food & Beverage,Executive,Night,143568.53
245763,160453,Food & Beverage,Manager,Night,171686.43
245764,160844,Sales,Technician,Night,117706.25
245765,161049,Food & Beverage,Executive,Night,56644.65
245766,160107,Food & Beverage,Supervisor,Morning,116949.52
245767,161421,Housekeeping,Chef,Night,49271.66
245768,160726,Maintenance,Chef,Morning,172046.17
245769,160689,Sales,Chef,Morning,28301.01
245770,160422,Maintenance,Manager,Night,82323.29
245771,160550,Sales,Supervisor,Evening,83966.02
245772,160306,Housekeeping,Supervisor,Night,37764.54
245773,160489,Front Office,Chef,Morning,119903.83
245774,161896,Front Office,Associate,Evening,120852.72
245775,161543,Maintenance,Manager,Morning,47005.21
245776,160412,Food & Beverage,Associate,Night,103398.37
245777,161576,Sales,Manager,Morning,94699.76
245778,160559,Sales,Supervisor,Evening,99893.13
245779,160423,Sales,Supervisor,Evening,99811.96
245780,160684,Housekeeping,Technician,Night,29855.65
245781,161706,Housekeeping,Executive,Night,86779.74
245782,161196,Sales,Manager,Night,143453.42
245783,160816,Sales,Executive,Night,48110.33
245784,160701,Housekeeping,Chef,Night,129600.54
245785,160068,Food & Beverage,Supervisor,Evening,112798.66
245786,161813,Food & Beverage,Manager,Night,51640.44
245787,160224,Housekeeping,Supervisor,Night,68554.02
245788,160721,Housekeeping,Manager,Morning,174314.76
245789,161063,Sales,Technician,Morning,26551.84
245790,161436,Sales,Supervisor,Night,48935.79
245791,160111,Food & Beverage,Manager,Evening,24461.73
245792,161680,Front Office,Associate,Morning,88226.86
245793,160065,Sales,Chef,Evening,91289.45
245794,160020,Food & Beverage,Manager,Morning,34362.58
245795,161987,Front Office,Executive,Morning,24441.75
245796,161697,Sales,Associate,Evening,154791.09
245797,160029,Food & Beverage,Chef,Night,85861.48
245798,161482,Front Office,Associate,Morning,153088.45
245799,160322,Maintenance,Associate,Evening,51392.84
245800,161798,Maintenance,Chef,Night,60504.58
245801,160744,Sales,Technician,Morning,112479.51
245802,161081,Food & Beverage,Associate,Night,120002.43
245803,161265,Food & Beverage,Chef,Evening,73208.96
245804,161938,Sales,Executive,Night,135420.26
245805,161341,Sales,Associate,Night,155240.15
245806,160931,Sales,Supervisor,Evening,157794.28
245807,160846,Sales,Manager,Night,153553.2
245808,160782,Front Office,Supervisor,Night,28830.2
245809,160219,Maintenance,Manager,Morning,87262.09
245810,161153,Food & Beverage,Supervisor,Night,36879.89
245811,160247,Housekeeping,Technician,Evening,29297.04
245812,160176,Housekeeping,Executive,Night,96069.09
245813,161832,Food & Beverage,Chef,Morning,101213.53
245814,160107,Food & Beverage,Executive,Morning,24408.12
245815,161658,Maintenance,Associate,Night,65825.84
245816,161951,Food & Beverage,Technician,Morning,43833.86
245817,160262,Front Office,Manager,Night,79697.09
245818,160421,Housekeeping,Technician,Night,58675.94
245819,160200,Food & Beverage,Associate,Evening,102723.52
245820,161929,Food & Beverage,Supervisor,Morning,129444.64
245821,161511,Sales,Associate,Night,96925.06
245822,161923,Housekeeping,Executive,Morning,42209.08
245823,161166,Housekeeping,Manager,Night,87381.65
245824,160240,Front Office,Associate,Night,135825.27
245825,161267,Maintenance,Supervisor,Night,59033.91
245826,160500,Housekeeping,Executive,Morning,35449.01
245827,160871,Housekeeping,Associate,Night,85512.43
245828,160115,Front Office,Associate,Morning,99911.38
245829,160587,Maintenance,Executive,Evening,109724.42
245830,161565,Food & Beverage,Manager,Night,147364.22
245831,161105,Food & Beverage,Associate,Morning,42624.21
245832,160598,Sales,Executive,Morning,105160.21
245833,161714,Maintenance,Manager,Evening,102537.52
245834,161264,Front Office,Technician,Evening,33549.13
245835,160052,Maintenance,Chef,Morning,154187.88
245836,160057,Front Office,Executive,Evening,56620.04
245837,160814,Maintenance,Technician,Evening,20057.99
245838,161646,Food & Beverage,Manager,Evening,154783.72
245839,160098,Front Office,Executive,Night,90223.57
245840,161340,Food & Beverage,Associate,Evening,132454.27
245841,160155,Food & Beverage,Technician,Night,111310.2
245842,161616,Front Office,Manager,Morning,125767.91
245843,161228,Front Office,Chef,Night,152529.08
245844,160288,Front Office,Supervisor,Evening,98325.49
245845,161408,Housekeeping,Associate,Morning,58941.28
245846,160491,Front Office,Executive,Evening,76031.1
245847,160061,Food & Beverage,Chef,Night,55037.75
245848,160587,Food & Beverage,Manager,Night,112685.65
245849,160242,Housekeeping,Manager,Night,153394.68
245850,161362,Front Office,Associate,Morning,58949.41
245851,160950,Food & Beverage,Associate,Evening,92717.09
245852,161964,Maintenance,Manager,Night,140390.45
245853,161794,Housekeeping,Manager,Night,64823.25
245854,161275,Sales,Technician,Morning,67921.49
245855,161572,Food & Beverage,Technician,Evening,165390.16
245856,161065,Maintenance,Executive,Morning,57055.45
245857,160516,Maintenance,Executive,Evening,39339.15
245858,160208,Front Office,Technician,Morning,108049.26
245859,160514,Maintenance,Chef,Morning,81220.78
245860,161838,Maintenance,Chef,Evening,172436.3
245861,160899,Sales,Chef,Morning,97445.91
245862,160684,Sales,Manager,Night,90686.61
245863,160403,Food & Beverage,Executive,Evening,73267.1
245864,160443,Housekeeping,Executive,Evening,104257.44
245865,161441,Front Office,Technician,Evening,64256.97
245866,161656,Food & Beverage,Manager,Evening,49184.04
245867,160462,Front Office,Chef,Morning,159917.31
245868,161391,Maintenance,Associate,Evening,169843.91
245869,161982,Sales,Associate,Evening,30875.49
245870,161656,Sales,Manager,Evening,122339.7
245871,161745,Food & Beverage,Chef,Evening,100001.11
245872,160129,Sales,Manager,Night,95793.26
245873,161251,Maintenance,Associate,Morning,53967.3
245874,160543,Maintenance,Manager,Evening,28554.4
245875,160755,Food & Beverage,Supervisor,Night,103731.31
245876,161952,Food & Beverage,Chef,Evening,47252.39
245877,161084,Housekeeping,Technician,Morning,56241.1
245878,160819,Housekeeping,Supervisor,Evening,45801.8
245879,160507,Maintenance,Supervisor,Morning,71514.74
245880,160427,Housekeeping,Executive,Morning,56465.29
245881,161633,Housekeeping,Technician,Night,77690.03
245882,161850,Housekeeping,Executive,Morning,157783.44
245883,161986,Food & Beverage,Supervisor,Evening,130525.09
245884,161496,Sales,Associate,Evening,29874.5
245885,160029,Food & Beverage,Supervisor,Night,169426.87
245886,160360,Sales,Associate,Evening,65121.76
245887,160583,Front Office,Manager,Evening,107952.87
245888,160691,Housekeeping,Associate,Evening,133490.19
245889,161974,Sales,Supervisor,Evening,171966.4
245890,160188,Sales,Chef,Morning,152853.68
245891,160808,Food & Beverage,Executive,Night,104558.34
245892,161312,Sales,Chef,Evening,117479.44
245893,161351,Front Office,Executive,Morning,92247.14
245894,161150,Sales,Manager,Morning,113872.18
245895,160047,Maintenance,Chef,Night,162243.4
245896,160272,Housekeeping,Manager,Night,142367.83
245897,160580,Sales,Chef,Evening,73253.06
245898,161565,Food & Beverage,Manager,Evening,42199.19
245899,160554,Sales,Associate,Evening,145059.13
245900,161491,Housekeeping,Associate,Evening,102518.5
245901,160879,Housekeeping,Technician,Evening,124240.37
245902,161381,Front Office,Executive,Night,159476.75
245903,160898,Housekeeping,Chef,Night,71056.8
245904,161665,Housekeeping,Manager,Evening,87964.36
245905,160652,Food & Beverage,Technician,Night,109585.76
245906,161411,Front Office,Chef,Evening,172860.77
245907,160550,Food & Beverage,Associate,Morning,153010.68
245908,161326,Maintenance,Executive,Morning,98754.44
245909,160232,Maintenance,Associate,Evening,137217.0
245910,160026,Sales,Associate,Night,114873.73
245911,160618,Sales,Executive,Morning,148448.37
245912,161428,Food & Beverage,Associate,Morning,154215.12
245913,160608,Front Office,Technician,Evening,108325.86
245914,161306,Housekeeping,Manager,Night,123586.44
245915,161770,Front Office,Executive,Night,104286.29
245916,161502,Food & Beverage,Associate,Evening,123314.37
245917,161884,Maintenance,Executive,Evening,179735.88
245918,161222,Sales,Technician,Night,36694.89
245919,161891,Food & Beverage,Manager,Evening,143409.27
245920,160301,Sales,Supervisor,Night,113937.86
245921,161991,Sales,Chef,Morning,80549.7
245922,160316,Maintenance,Supervisor,Evening,57309.54
245923,161503,Maintenance,Supervisor,Night,84677.74
245924,160589,Front Office,Chef,Evening,169693.26
245925,160092,Sales,Associate,Night,87086.2
245926,160145,Housekeeping,Technician,Evening,171379.7
245927,160862,Maintenance,Manager,Night,144603.13
245928,161894,Food & Beverage,Executive,Evening,25950.99
245929,161912,Sales,Associate,Evening,23897.25
245930,160097,Sales,Chef,Morning,121604.94
245931,161040,Front Office,Executive,Night,179555.94
245932,161007,Sales,Associate,Evening,163470.0
245933,160048,Food & Beverage,Chef,Night,119332.5
245934,160927,Maintenance,Executive,Night,75404.45
245935,161870,Sales,Chef,Morning,45261.46
245936,160019,Housekeeping,Technician,Morning,62588.45
245937,160344,Front Office,Manager,Morning,178258.13
245938,161322,Food & Beverage,Supervisor,Morning,41772.94
245939,161025,Front Office,Supervisor,Evening,50525.59
245940,161729,Food & Beverage,Associate,Evening,114954.01
245941,161805,Maintenance,Executive,Morning,168452.7
245942,160918,Food & Beverage,Associate,Evening,169245.84
245943,160753,Food & Beverage,Executive,Night,112149.5
245944,160266,Food & Beverage,Executive,Morning,172202.12
245945,160887,Maintenance,Technician,Night,88449.44
245946,160912,Food & Beverage,Executive,Evening,89119.55
245947,160909,Sales,Manager,Night,28889.16
245948,160021,Housekeeping,Technician,Night,122475.4
245949,160396,Housekeeping,Technician,Night,95680.3
245950,161268,Front Office,Supervisor,Evening,175329.05
245951,160217,Sales,Chef,Night,63313.99
245952,161694,Food & Beverage,Associate,Night,63484.15
245953,160527,Housekeeping,Supervisor,Night,88035.48
245954,160291,Housekeeping,Executive,Night,172711.14
245955,161501,Sales,Chef,Morning,168355.43
245956,160955,Food & Beverage,Executive,Morning,25608.27
245957,160747,Maintenance,Associate,Morning,35820.73
245958,161541,Housekeeping,Manager,Night,167905.33
245959,160755,Front Office,Manager,Night,58706.76
245960,160672,Sales,Executive,Night,140726.81
245961,161121,Housekeeping,Technician,Evening,56830.62
245962,160243,Housekeeping,Chef,Evening,111479.95
245963,160536,Sales,Supervisor,Morning,106527.88
245964,161517,Sales,Technician,Morning,168883.47
245965,160382,Food & Beverage,Associate,Morning,88880.16
245966,160356,Sales,Chef,Evening,171030.52
245967,160348,Maintenance,Manager,Morning,70099.78
245968,161322,Front Office,Supervisor,Night,37119.22
245969,161681,Sales,Supervisor,Morning,158881.23
245970,160061,Maintenance,Associate,Morning,144582.32
245971,161112,Front Office,Associate,Night,108657.63
245972,161729,Food & Beverage,Executive,Morning,69421.92
245973,161288,Maintenance,Technician,Night,22597.25
245974,161427,Food & Beverage,Chef,Evening,52558.25
245975,160534,Food & Beverage,Manager,Morning,170938.47
245976,161658,Maintenance,Chef,Night,134973.98
245977,160355,Sales,Executive,Night,115036.04
245978,160774,Front Office,Manager,Evening,20618.75
245979,160832,Front Office,Supervisor,Morning,55763.66
245980,161673,Food & Beverage,Manager,Evening,154830.99
245981,160635,Food & Beverage,Associate,Morning,178005.73
245982,160280,Front Office,Executive,Morning,179745.69
245983,161282,Sales,Technician,Night,132489.57
245984,160654,Front Office,Technician,Night,35561.37
245985,161734,Food & Beverage,Associate,Morning,133644.11
245986,161625,Food & Beverage,Executive,Morning,125249.07
245987,161961,Sales,Chef,Evening,167466.98
245988,161697,Sales,Technician,Morning,172473.08
245989,160674,Food & Beverage,Technician,Evening,113567.1
245990,161308,Sales,Supervisor,Morning,133843.99
245991,160126,Housekeeping,Technician,Morning,175267.24
245992,160655,Food & Beverage,Technician,Evening,84626.74
245993,161480,Sales,Supervisor,Night,119413.92
245994,161029,Maintenance,Supervisor,Morning,21158.04
245995,161542,Maintenance,Executive,Morning,153883.46
245996,160780,Front Office,Executive,Evening,141366.44
245997,160863,Maintenance,Associate,Morning,160123.51
245998,160013,Housekeeping,Supervisor,Night,136247.03
245999,160115,Housekeeping,Manager,Morning,35236.62
246000,160751,Sales,Technician,Morning,72003.67
246001,161015,Food & Beverage,Manager,Morning,159607.07
246002,160948,Housekeeping,Manager,Morning,89564.92
246003,161995,Housekeeping,Supervisor,Night,71270.63
246004,160417,Maintenance,Executive,Night,40310.76
246005,161621,Sales,Supervisor,Night,23272.64
246006,160755,Maintenance,Executive,Morning,173572.64
246007,160909,Housekeeping,Associate,Morning,61777.72
246008,160162,Food & Beverage,Manager,Night,101664.04
246009,161441,Housekeeping,Chef,Night,68972.63
246010,161112,Food & Beverage,Associate,Morning,52344.81
246011,161279,Housekeeping,Associate,Morning,161894.69
246012,161765,Maintenance,Technician,Night,44224.19
246013,160326,Front Office,Executive,Evening,144880.84
246014,161500,Sales,Associate,Evening,86665.59
246015,160311,Housekeeping,Associate,Evening,133000.2
246016,160122,Sales,Technician,Night,99459.89
246017,160022,Front Office,Chef,Night,79832.57
246018,161970,Sales,Technician,Night,20407.64
246019,161196,Housekeeping,Manager,Morning,155364.19
246020,160408,Front Office,Supervisor,Night,57162.42
246021,160535,Food & Beverage,Supervisor,Morning,145379.71
246022,160441,Front Office,Manager,Evening,36148.44
246023,161803,Maintenance,Executive,Evening,160974.48
246024,160908,Housekeeping,Executive,Evening,155558.0
246025,161026,Front Office,Executive,Morning,137754.46
246026,161647,Housekeeping,Chef,Night,97292.98
246027,160061,Housekeeping,Manager,Morning,46018.67
246028,161086,Food & Beverage,Associate,Morning,75707.49
246029,160832,Maintenance,Technician,Night,25589.69
246030,160140,Maintenance,Associate,Morning,78187.65
246031,161092,Front Office,Manager,Night,51265.34
246032,160233,Maintenance,Chef,Morning,152111.14
246033,161630,Food & Beverage,Manager,Morning,112886.47
246034,160466,Front Office,Manager,Night,138468.81
246035,161305,Front Office,Executive,Evening,47348.48
246036,160948,Food & Beverage,Manager,Night,95199.71
246037,161383,Housekeeping,Manager,Night,81292.68
246038,160592,Food & Beverage,Supervisor,Morning,61020.97
246039,161240,Maintenance,Technician,Night,72976.03
246040,161782,Maintenance,Associate,Evening,37106.36
246041,161236,Maintenance,Manager,Evening,146349.18
246042,161499,Maintenance,Supervisor,Night,140607.98
246043,160694,Housekeeping,Chef,Evening,124848.43
246044,160655,Housekeeping,Supervisor,Night,19171.17
246045,161305,Maintenance,Associate,Morning,29206.87
246046,160927,Maintenance,Supervisor,Evening,165953.57
246047,160795,Food & Beverage,Technician,Morning,63134.28
246048,160718,Sales,Manager,Night,103834.99
246049,160001,Sales,Manager,Night,151611.78
246050,160854,Maintenance,Technician,Morning,77587.64
246051,161322,Front Office,Chef,Evening,74637.79
246052,160099,Sales,Supervisor,Evening,43161.73
246053,161987,Food & Beverage,Associate,Evening,60519.62
246054,160514,Front Office,Supervisor,Night,94804.22
246055,160106,Front Office,Supervisor,Morning,157230.51
246056,161122,Front Office,Chef,Evening,41836.73
246057,160538,Food & Beverage,Executive,Evening,120580.25
246058,161429,Sales,Technician,Evening,120939.8
246059,160932,Maintenance,Associate,Night,169688.13
246060,161786,Housekeeping,Chef,Night,88770.08
246061,161750,Housekeeping,Manager,Night,68597.74
246062,161127,Housekeeping,Executive,Night,105822.63
246063,161452,Sales,Supervisor,Night,32575.28
246064,160438,Food & Beverage,Associate,Evening,143283.3
246065,160754,Front Office,Manager,Evening,37720.06
246066,160015,Sales,Supervisor,Evening,53776.84
246067,160375,Front Office,Chef,Night,57015.06
246068,160544,Front Office,Technician,Morning,88182.24
246069,160499,Front Office,Executive,Night,38679.25
246070,161961,Food & Beverage,Supervisor,Night,73321.5
246071,160052,Housekeeping,Supervisor,Morning,92677.08
246072,161813,Maintenance,Technician,Evening,51765.12
246073,161740,Food & Beverage,Technician,Night,99320.3
246074,161660,Front Office,Supervisor,Evening,56708.21
246075,161260,Maintenance,Associate,Morning,93791.16
246076,161855,Maintenance,Manager,Evening,139440.01
246077,161507,Housekeeping,Technician,Morning,174639.94
246078,161707,Food & Beverage,Supervisor,Morning,22978.02
246079,161811,Maintenance,Associate,Night,62789.71
246080,160178,Housekeeping,Technician,Morning,105041.57
246081,160884,Maintenance,Chef,Evening,103020.38
246082,161998,Housekeeping,Supervisor,Night,36627.15
246083,161950,Housekeeping,Technician,Morning,110405.62
246084,161554,Sales,Technician,Morning,72089.02
246085,161012,Housekeeping,Technician,Morning,121641.32
246086,160352,Housekeeping,Associate,Evening,89200.87
246087,161445,Food & Beverage,Executive,Evening,45644.99
246088,161514,Front Office,Manager,Evening,89518.3
246089,160388,Front Office,Associate,Morning,61589.9
246090,160840,Front Office,Manager,Morning,122733.4
246091,161486,Front Office,Supervisor,Morning,148827.4
246092,160982,Maintenance,Chef,Night,84795.46
246093,161873,Food & Beverage,Technician,Evening,86249.65
246094,161774,Front Office,Supervisor,Night,153046.26
246095,160046,Food & Beverage,Technician,Evening,78152.29
246096,160565,Food & Beverage,Chef,Evening,117519.67
246097,160216,Food & Beverage,Supervisor,Morning,76974.92
246098,161405,Food & Beverage,Manager,Morning,58694.92
246099,160539,Housekeeping,Technician,Morning,89903.49
246100,160975,Front Office,Manager,Evening,65442.91
246101,161287,Food & Beverage,Supervisor,Morning,110616.8
246102,160214,Sales,Associate,Morning,122803.58
246103,161459,Front Office,Technician,Night,145724.62
246104,161089,Food & Beverage,Supervisor,Morning,102103.45
246105,160698,Food & Beverage,Technician,Morning,129519.37
246106,160213,Maintenance,Manager,Evening,19742.47
246107,160290,Housekeeping,Technician,Evening,33796.69
246108,161860,Maintenance,Executive,Evening,24488.7
246109,161044,Food & Beverage,Executive,Morning,140968.3
246110,161968,Food & Beverage,Associate,Morning,161280.75
246111,161708,Sales,Executive,Evening,56317.45
246112,160415,Maintenance,Technician,Morning,100121.71
246113,160608,Housekeeping,Supervisor,Morning,36625.05
246114,160569,Sales,Chef,Night,175771.78
246115,161240,Food & Beverage,Technician,Morning,108839.26
246116,160758,Food & Beverage,Technician,Night,119982.53
246117,160602,Maintenance,Chef,Night,105095.42
246118,160185,Housekeeping,Executive,Evening,106463.92
246119,160638,Maintenance,Associate,Evening,69088.25
246120,160654,Maintenance,Chef,Morning,60576.89
246121,161422,Front Office,Associate,Night,122156.92
246122,160018,Maintenance,Executive,Night,162849.83
246123,161926,Maintenance,Technician,Night,121593.36
246124,161380,Sales,Manager,Morning,83611.53
246125,161351,Food & Beverage,Supervisor,Morning,126093.57
246126,160932,Housekeeping,Associate,Night,142119.88
246127,160256,Housekeeping,Supervisor,Morning,95720.51
246128,161501,Maintenance,Manager,Evening,144809.89
246129,160894,Housekeeping,Technician,Morning,66076.19
246130,160368,Food & Beverage,Technician,Night,94991.15
246131,160437,Food & Beverage,Chef,Evening,93300.11
246132,160515,Maintenance,Manager,Morning,159570.19
246133,161524,Sales,Chef,Morning,35344.79
246134,161058,Front Office,Supervisor,Evening,24534.14
246135,160789,Housekeeping,Associate,Morning,25595.79
246136,160429,Housekeeping,Associate,Night,93606.84
246137,160901,Front Office,Associate,Morning,174720.69
246138,160333,Front Office,Supervisor,Evening,44386.04
246139,161495,Housekeeping,Chef,Evening,150318.72
246140,160571,Housekeeping,Associate,Night,164087.86
246141,161316,Maintenance,Technician,Morning,130205.39
246142,161713,Food & Beverage,Technician,Evening,32180.44
246143,160812,Food & Beverage,Executive,Night,52794.82
246144,161760,Maintenance,Manager,Evening,33483.92
246145,160059,Food & Beverage,Technician,Night,51988.48
246146,161932,Housekeeping,Manager,Morning,77716.7
246147,160975,Food & Beverage,Supervisor,Evening,55976.77
246148,161046,Food & Beverage,Supervisor,Morning,39635.47
246149,161786,Front Office,Supervisor,Night,91652.49
246150,161577,Sales,Supervisor,Evening,173812.59
246151,160959,Food & Beverage,Chef,Morning,159649.45
246152,160937,Sales,Executive,Night,89255.69
246153,160183,Housekeeping,Executive,Evening,139817.2
246154,161371,Housekeeping,Associate,Evening,31653.26
246155,161091,Housekeeping,Manager,Evening,137814.16
246156,160919,Front Office,Supervisor,Night,87834.49
246157,160780,Front Office,Executive,Morning,57556.22
246158,161178,Maintenance,Chef,Night,24653.62
246159,161611,Food & Beverage,Associate,Morning,98260.89
246160,160012,Housekeeping,Manager,Morning,137964.1
246161,161197,Front Office,Technician,Morning,73207.61
246162,160764,Food & Beverage,Associate,Evening,176341.02
246163,160092,Food & Beverage,Associate,Morning,115163.72
246164,161976,Sales,Supervisor,Evening,80850.92
246165,160139,Food & Beverage,Chef,Night,82514.56
246166,161331,Food & Beverage,Executive,Night,21430.05
246167,160445,Sales,Supervisor,Evening,67678.73
246168,161183,Food & Beverage,Supervisor,Night,163201.79
246169,161740,Housekeeping,Technician,Night,56720.96
246170,161079,Sales,Executive,Night,73474.39
246171,160726,Maintenance,Technician,Morning,156434.16
246172,160916,Sales,Chef,Night,174000.82
246173,161056,Maintenance,Supervisor,Night,145653.49
246174,160869,Food & Beverage,Supervisor,Night,62338.67
246175,161025,Food & Beverage,Manager,Morning,164428.03
246176,161862,Maintenance,Associate,Night,115295.32
246177,160449,Food & Beverage,Chef,Morning,105173.95
246178,161370,Housekeeping,Chef,Morning,37762.49
246179,160665,Front Office,Executive,Evening,45698.14
246180,160796,Food & Beverage,Chef,Evening,158745.73
246181,160424,Maintenance,Supervisor,Evening,154699.62
246182,161678,Sales,Supervisor,Night,152753.87
246183,160930,Housekeeping,Manager,Night,121886.44
246184,161789,Food & Beverage,Supervisor,Evening,120206.38
246185,160663,Maintenance,Supervisor,Night,43032.48
246186,160176,Front Office,Chef,Night,110733.54
246187,160553,Housekeeping,Supervisor,Evening,73315.34
246188,160980,Sales,Technician,Night,90988.14
246189,160782,Sales,Supervisor,Night,45640.41
246190,160375,Housekeeping,Associate,Night,138218.04
246191,161574,Food & Beverage,Associate,Night,152633.4
246192,160101,Maintenance,Executive,Night,162656.95
246193,161486,Food & Beverage,Manager,Night,83348.94
246194,161981,Front Office,Associate,Evening,68059.3
246195,160584,Housekeeping,Manager,Evening,134145.64
246196,160478,Front Office,Associate,Night,50363.81
246197,161292,Housekeeping,Supervisor,Night,136723.9
246198,160859,Sales,Technician,Night,67399.89
246199,161342,Food & Beverage,Associate,Evening,40664.4
246200,160601,Maintenance,Chef,Night,158014.21
246201,160778,Front Office,Executive,Morning,104386.63
246202,160197,Sales,Executive,Evening,71069.41
246203,160163,Housekeeping,Associate,Morning,121411.25
246204,161357,Maintenance,Associate,Evening,129093.99
246205,160933,Food & Beverage,Manager,Morning,171663.8
246206,160478,Food & Beverage,Executive,Evening,57356.81
246207,161567,Maintenance,Supervisor,Night,38426.1
246208,160844,Sales,Manager,Morning,153185.3
246209,160016,Sales,Associate,Morning,137193.9
246210,160843,Housekeeping,Executive,Evening,40676.34
246211,160929,Sales,Executive,Morning,120335.57
246212,160948,Food & Beverage,Supervisor,Evening,156545.62
246213,161183,Food & Beverage,Chef,Evening,152098.25
246214,160850,Maintenance,Supervisor,Night,89204.53
246215,160533,Housekeeping,Executive,Evening,132269.97
246216,161996,Sales,Manager,Evening,39742.6
246217,160093,Housekeeping,Technician,Morning,80070.54
246218,161062,Housekeeping,Chef,Morning,50914.22
246219,161913,Food & Beverage,Executive,Night,24708.33
246220,161928,Sales,Executive,Evening,55165.0
246221,161408,Maintenance,Executive,Evening,90171.72
246222,161851,Food & Beverage,Chef,Morning,86402.53
246223,160282,Housekeeping,Chef,Evening,128836.57
246224,161096,Sales,Executive,Evening,107150.43
246225,161058,Maintenance,Chef,Evening,24491.26
246226,161065,Sales,Associate,Morning,150686.74
246227,160573,Sales,Executive,Night,114574.01
246228,160653,Maintenance,Supervisor,Morning,51979.1
246229,160053,Food & Beverage,Supervisor,Night,82584.68
246230,160527,Front Office,Associate,Evening,44281.98
246231,161318,Maintenance,Chef,Night,148883.54
246232,161822,Front Office,Executive,Night,151921.44
246233,160268,Front Office,Executive,Evening,80220.87
246234,161901,Food & Beverage,Manager,Evening,47275.01
246235,161249,Food & Beverage,Supervisor,Evening,113367.25
246236,161876,Housekeeping,Chef,Morning,20128.01
246237,161573,Housekeeping,Executive,Morning,111049.89
246238,161705,Food & Beverage,Manager,Night,59928.36
246239,160489,Housekeeping,Manager,Morning,119465.58
246240,161644,Housekeeping,Manager,Morning,174055.83
246241,160228,Food & Beverage,Chef,Evening,65996.57
246242,160816,Sales,Chef,Night,83478.6
246243,160383,Housekeeping,Manager,Morning,70567.83
246244,161309,Food & Beverage,Chef,Night,98373.86
246245,160270,Sales,Executive,Morning,115516.4
246246,161381,Sales,Technician,Night,130936.34
246247,161492,Front Office,Supervisor,Morning,88603.49
246248,160580,Housekeeping,Chef,Morning,139753.75
246249,160745,Housekeeping,Associate,Night,106661.6
246250,161412,Maintenance,Supervisor,Morning,68742.19
246251,161076,Front Office,Manager,Morning,87578.73
246252,161057,Maintenance,Manager,Night,174738.7
246253,160815,Sales,Associate,Evening,57827.67
246254,161407,Front Office,Associate,Night,138652.24
246255,161074,Food & Beverage,Chef,Evening,112191.09
246256,161770,Maintenance,Executive,Morning,173040.32
246257,161244,Maintenance,Supervisor,Morning,168167.25
246258,160335,Sales,Technician,Evening,108169.99
246259,161811,Front Office,Supervisor,Evening,147690.39
246260,161868,Food & Beverage,Manager,Morning,174713.08
246261,161916,Housekeeping,Chef,Night,73901.67
246262,162000,Housekeeping,Supervisor,Morning,166822.87
246263,161006,Maintenance,Chef,Night,22759.42
246264,161433,Maintenance,Technician,Evening,36319.88
246265,161736,Maintenance,Supervisor,Night,59028.37
246266,161687,Front Office,Executive,Night,76157.56
246267,161470,Food & Beverage,Chef,Morning,78647.82
246268,161991,Front Office,Executive,Morning,90854.57
246269,160258,Front Office,Manager,Night,32587.14
246270,161848,Housekeeping,Executive,Morning,177223.88
246271,160606,Sales,Supervisor,Morning,135057.45
246272,160738,Housekeeping,Chef,Night,23030.43
246273,160612,Housekeeping,Technician,Evening,82860.44
246274,161387,Maintenance,Chef,Evening,143855.42
246275,161951,Front Office,Executive,Night,97282.44
246276,161053,Food & Beverage,Associate,Night,125066.03
246277,160975,Front Office,Executive,Night,115508.24
246278,160076,Housekeeping,Manager,Evening,131108.3
246279,161901,Maintenance,Associate,Evening,94433.71
246280,160979,Maintenance,Supervisor,Morning,121157.38
246281,160802,Front Office,Executive,Morning,136740.62
246282,161186,Maintenance,Executive,Evening,159226.54
246283,161081,Food & Beverage,Associate,Evening,139233.96
246284,160679,Maintenance,Manager,Evening,131753.19
246285,160763,Front Office,Manager,Evening,132512.72
246286,161731,Housekeeping,Supervisor,Evening,66351.98
246287,160719,Front Office,Associate,Night,112729.13
246288,161271,Maintenance,Chef,Night,36286.7
246289,160172,Housekeeping,Chef,Night,27378.01
246290,161647,Maintenance,Chef,Night,56437.33
246291,161260,Housekeeping,Chef,Evening,137187.2
246292,161594,Sales,Chef,Night,108221.24
246293,161974,Maintenance,Executive,Night,105125.15
246294,161703,Food & Beverage,Technician,Night,31608.18
246295,161380,Maintenance,Chef,Night,91543.71
246296,161269,Maintenance,Technician,Evening,87070.94
246297,161960,Front Office,Technician,Morning,136704.16
246298,161115,Front Office,Executive,Evening,62066.43
246299,160537,Front Office,Executive,Morning,36664.77
246300,161722,Maintenance,Supervisor,Night,54334.88
246301,161733,Housekeeping,Executive,Morning,31678.0
246302,161860,Food & Beverage,Associate,Night,94570.96
246303,160414,Housekeeping,Supervisor,Morning,132996.3
246304,161152,Food & Beverage,Executive,Morning,71220.2
246305,160336,Front Office,Chef,Evening,39640.95
246306,160586,Housekeeping,Manager,Evening,120230.75
246307,161598,Front Office,Executive,Morning,174165.11
246308,160408,Front Office,Manager,Morning,154548.14
246309,160698,Food & Beverage,Associate,Evening,115986.89
246310,161802,Maintenance,Technician,Morning,49121.0
246311,161767,Front Office,Associate,Night,172687.28
246312,161189,Sales,Manager,Morning,162466.12
246313,160077,Housekeeping,Manager,Morning,66935.06
246314,160310,Housekeeping,Manager,Morning,45356.27
246315,160378,Front Office,Chef,Evening,174913.49
246316,160048,Front Office,Associate,Evening,114465.01
246317,161747,Food & Beverage,Manager,Morning,130388.83
246318,161670,Front Office,Associate,Evening,20163.0
246319,160577,Housekeeping,Chef,Morning,173101.02
246320,160601,Sales,Supervisor,Night,66397.87
246321,160120,Maintenance,Manager,Night,60395.37
246322,160014,Sales,Manager,Evening,25734.31
246323,160933,Food & Beverage,Supervisor,Night,49321.44
246324,160543,Food & Beverage,Chef,Night,19735.38
246325,161398,Food & Beverage,Associate,Evening,110405.54
246326,160416,Front Office,Executive,Evening,176788.69
246327,160360,Maintenance,Supervisor,Evening,135622.73
246328,160992,Sales,Associate,Morning,171353.77
246329,160881,Maintenance,Supervisor,Night,83693.75
246330,161170,Food & Beverage,Chef,Morning,137430.63
246331,161463,Sales,Associate,Evening,24821.71
246332,161637,Food & Beverage,Chef,Evening,53489.52
246333,160015,Housekeeping,Manager,Morning,88744.95
246334,161862,Front Office,Technician,Morning,29738.6
246335,161913,Food & Beverage,Associate,Night,19868.67
246336,160438,Food & Beverage,Supervisor,Morning,89494.06
246337,161223,Housekeeping,Associate,Evening,69153.0
246338,161662,Food & Beverage,Supervisor,Morning,119850.51
246339,160725,Front Office,Associate,Morning,49589.1
246340,160750,Housekeeping,Chef,Night,146501.64
246341,160723,Front Office,Supervisor,Morning,31760.6
246342,161293,Sales,Associate,Evening,38431.46
246343,161479,Front Office,Executive,Night,109470.68
246344,161053,Housekeeping,Technician,Morning,109613.55
246345,161162,Front Office,Supervisor,Evening,151508.5
246346,160472,Maintenance,Chef,Morning,136525.24
246347,160034,Front Office,Supervisor,Morning,125358.29
246348,161681,Front Office,Supervisor,Night,178396.71
246349,161694,Sales,Technician,Night,112886.73
246350,160387,Sales,Chef,Morning,65189.55
246351,160086,Housekeeping,Manager,Night,26862.44
246352,161507,Maintenance,Technician,Evening,142747.02
246353,161709,Food & Beverage,Chef,Evening,20941.98
246354,160100,Housekeeping,Supervisor,Night,89702.4
246355,160680,Housekeeping,Executive,Night,40282.31
246356,161751,Sales,Associate,Night,124478.64
246357,160232,Maintenance,Manager,Evening,75082.47
246358,160713,Food & Beverage,Technician,Night,56796.31
246359,161233,Food & Beverage,Chef,Morning,133162.91
246360,161445,Maintenance,Chef,Night,54680.29
246361,161926,Front Office,Manager,Morning,25929.83
246362,160728,Sales,Technician,Morning,152751.65
246363,161584,Sales,Chef,Evening,55806.37
246364,160109,Housekeeping,Manager,Morning,153793.85
246365,161354,Housekeeping,Executive,Night,61985.5
246366,161474,Front Office,Chef,Morning,114302.26
246367,160175,Food & Beverage,Associate,Evening,159495.62
246368,160491,Front Office,Manager,Evening,52288.85
246369,161877,Maintenance,Supervisor,Night,88659.43
246370,161874,Housekeeping,Manager,Night,143395.35
246371,160109,Housekeeping,Executive,Night,124293.25
246372,160270,Food & Beverage,Supervisor,Morning,94473.17
246373,160405,Maintenance,Executive,Evening,164078.28
246374,161354,Food & Beverage,Manager,Evening,151977.34
246375,160589,Maintenance,Associate,Evening,78570.91
246376,160767,Front Office,Executive,Morning,79786.88
246377,160986,Food & Beverage,Chef,Night,94348.12
246378,161305,Sales,Executive,Morning,30696.03
246379,161973,Food & Beverage,Manager,Morning,53400.22
246380,160699,Sales,Chef,Evening,41267.42
246381,160077,Front Office,Executive,Morning,177112.03
246382,160775,Maintenance,Manager,Evening,26753.93
246383,160327,Front Office,Manager,Night,46010.13
246384,160332,Sales,Executive,Morning,150861.84
246385,161471,Maintenance,Executive,Morning,23680.07
246386,161292,Sales,Chef,Evening,87454.71
246387,161173,Front Office,Manager,Evening,162722.81
246388,161389,Sales,Associate,Morning,18721.17
246389,160938,Housekeeping,Manager,Night,40218.6
246390,160629,Sales,Technician,Morning,86754.95
246391,160434,Maintenance,Manager,Evening,77420.33
246392,161316,Housekeeping,Supervisor,Night,114339.61
246393,160156,Food & Beverage,Executive,Morning,167933.57
246394,160838,Food & Beverage,Supervisor,Night,89333.1
246395,160733,Front Office,Executive,Evening,164578.05
246396,160980,Maintenance,Chef,Morning,120848.67
246397,160535,Maintenance,Chef,Night,173791.25
246398,161510,Food & Beverage,Associate,Night,30965.39
246399,161698,Food & Beverage,Technician,Evening,73617.96
246400,160291,Maintenance,Supervisor,Morning,112463.85
246401,161180,Housekeeping,Associate,Evening,125010.86
246402,161013,Maintenance,Executive,Morning,117409.84
246403,160602,Front Office,Chef,Evening,131693.03
246404,160033,Maintenance,Supervisor,Morning,30083.93
246405,161349,Sales,Executive,Evening,104337.17
246406,161718,Front Office,Technician,Morning,146355.87
246407,161506,Front Office,Technician,Morning,33000.19
246408,160872,Maintenance,Chef,Morning,171510.84
246409,160045,Front Office,Associate,Evening,46538.63
246410,160308,Food & Beverage,Chef,Night,106808.17
246411,161924,Housekeeping,Executive,Morning,58184.97
246412,160863,Housekeeping,Associate,Night,124140.18
246413,160656,Housekeeping,Associate,Evening,18950.17
246414,161276,Sales,Supervisor,Evening,141224.98
246415,161405,Maintenance,Manager,Morning,133809.92
246416,161279,Food & Beverage,Supervisor,Evening,171994.63
246417,160307,Housekeeping,Associate,Morning,176425.49
246418,160623,Sales,Technician,Night,18554.15
246419,161341,Sales,Chef,Evening,146448.55
246420,160553,Front Office,Chef,Night,48821.8
246421,161856,Maintenance,Executive,Night,37174.68
246422,161906,Sales,Manager,Morning,80289.15
246423,161227,Front Office,Executive,Morning,77694.8
246424,161002,Sales,Chef,Morning,119204.34
246425,161102,Sales,Chef,Morning,146639.73
246426,161593,Maintenance,Supervisor,Evening,162389.8
246427,161087,Housekeeping,Executive,Morning,108272.9
246428,160676,Front Office,Supervisor,Night,135654.12
246429,161240,Sales,Associate,Evening,171263.22
246430,160946,Maintenance,Technician,Evening,25651.15
246431,160514,Housekeeping,Associate,Evening,35024.91
246432,161045,Food & Beverage,Chef,Morning,110364.81
246433,161161,Sales,Associate,Night,139350.94
246434,161503,Housekeeping,Chef,Evening,39180.17
246435,161597,Food & Beverage,Executive,Evening,31767.16
246436,161498,Housekeeping,Supervisor,Night,126417.47
246437,161474,Maintenance,Technician,Night,104501.19
246438,161408,Front Office,Supervisor,Night,135527.55
246439,161336,Food & Beverage,Chef,Night,147260.53
246440,160825,Front Office,Chef,Morning,130331.34
246441,161225,Sales,Associate,Morning,103209.73
246442,161348,Food & Beverage,Chef,Evening,55015.29
246443,161453,Food & Beverage,Supervisor,Night,135022.99
246444,160133,Housekeeping,Chef,Evening,53760.7
246445,160795,Food & Beverage,Supervisor,Night,38913.28
246446,161868,Food & Beverage,Chef,Morning,152553.41
246447,160736,Front Office,Technician,Night,163564.22
246448,160846,Housekeeping,Technician,Evening,132018.92
246449,161609,Sales,Manager,Morning,98194.37
246450,161282,Maintenance,Manager,Night,154834.2
246451,161105,Food & Beverage,Executive,Evening,173882.93
246452,160669,Front Office,Executive,Night,118523.98
246453,161178,Housekeeping,Supervisor,Morning,21858.26
246454,161254,Sales,Technician,Evening,92402.9
246455,161022,Housekeeping,Chef,Morning,178272.43
246456,161384,Housekeeping,Technician,Morning,106798.75
246457,161356,Food & Beverage,Technician,Morning,39162.35
246458,160746,Front Office,Supervisor,Morning,151555.11
246459,161855,Front Office,Associate,Morning,33572.7
246460,160070,Maintenance,Supervisor,Evening,123543.67
246461,160201,Housekeeping,Technician,Morning,96304.15
246462,160800,Food & Beverage,Supervisor,Evening,115757.49
246463,161423,Maintenance,Manager,Night,155383.9
246464,160446,Front Office,Chef,Evening,114219.57
246465,160159,Food & Beverage,Chef,Morning,22603.97
246466,160874,Front Office,Technician,Night,141642.85
246467,160633,Sales,Associate,Evening,38724.76
246468,160044,Front Office,Associate,Evening,154745.85
246469,160427,Front Office,Technician,Night,163822.1
246470,161020,Housekeeping,Manager,Morning,162412.43
246471,160526,Food & Beverage,Technician,Evening,34320.83
246472,160746,Maintenance,Supervisor,Morning,74611.22
246473,161713,Sales,Associate,Night,136433.81
246474,161204,Housekeeping,Chef,Evening,141915.29
246475,160699,Food & Beverage,Chef,Morning,89972.53
246476,160133,Housekeeping,Manager,Night,179114.42
246477,161287,Food & Beverage,Associate,Night,36310.7
246478,160938,Front Office,Associate,Morning,110321.67
246479,160081,Front Office,Chef,Morning,50203.68
246480,161761,Maintenance,Executive,Evening,97749.05
246481,160017,Front Office,Manager,Night,102024.29
246482,160612,Front Office,Associate,Morning,18034.62
246483,160919,Front Office,Supervisor,Morning,77667.36
246484,161378,Front Office,Associate,Evening,132853.66
246485,160036,Food & Beverage,Supervisor,Morning,176545.57
246486,161705,Front Office,Executive,Night,173901.47
246487,160391,Food & Beverage,Chef,Morning,44940.23
246488,160842,Housekeeping,Manager,Morning,128160.11
246489,161763,Housekeeping,Chef,Night,99480.45
246490,160527,Front Office,Chef,Evening,169551.7
246491,160117,Front Office,Associate,Night,42762.46
246492,160489,Front Office,Manager,Morning,138358.74
246493,160167,Front Office,Associate,Evening,93248.75
246494,161932,Housekeeping,Associate,Night,130860.78
246495,161563,Maintenance,Associate,Night,147332.73
246496,160260,Maintenance,Technician,Morning,87908.33
246497,161872,Maintenance,Supervisor,Evening,135059.09
246498,161476,Sales,Executive,Morning,115841.7
246499,161453,Maintenance,Technician,Evening,158039.99
246500,161342,Sales,Associate,Morning,62437.83
246501,160249,Maintenance,Chef,Morning,167830.58
246502,160078,Food & Beverage,Supervisor,Evening,128164.22
246503,160527,Sales,Associate,Evening,86391.67
246504,161481,Maintenance,Supervisor,Morning,52776.86
246505,160950,Food & Beverage,Associate,Morning,29504.44
246506,160151,Maintenance,Technician,Morning,35131.08
246507,161267,Front Office,Associate,Morning,163835.62
246508,160400,Maintenance,Associate,Night,122490.01
246509,161350,Food & Beverage,Technician,Morning,26650.5
246510,161749,Sales,Manager,Morning,45619.08
246511,160081,Food & Beverage,Chef,Evening,63182.63
246512,160356,Maintenance,Manager,Morning,34913.16
246513,160158,Food & Beverage,Associate,Night,59406.76
246514,161255,Maintenance,Manager,Morning,116179.63
246515,160571,Front Office,Associate,Night,52489.29
246516,161091,Maintenance,Executive,Morning,52972.97
246517,160924,Sales,Executive,Morning,141963.98
246518,161527,Housekeeping,Manager,Morning,69830.73
246519,160059,Front Office,Associate,Morning,132707.38
246520,161492,Sales,Executive,Morning,95756.35
246521,161661,Front Office,Technician,Morning,44729.1
246522,161942,Housekeeping,Supervisor,Night,157849.12
246523,160811,Maintenance,Executive,Morning,34988.24
246524,161709,Front Office,Supervisor,Night,147637.82
246525,161608,Front Office,Technician,Night,160699.82
246526,161279,Housekeeping,Manager,Morning,47795.05
246527,160090,Food & Beverage,Executive,Evening,130714.11
246528,160778,Maintenance,Chef,Morning,22446.14
246529,160165,Housekeeping,Associate,Morning,66355.3
246530,160026,Front Office,Manager,Evening,24249.24
246531,160928,Sales,Manager,Evening,80930.95
246532,161305,Food & Beverage,Associate,Evening,46460.67
246533,160689,Front Office,Technician,Morning,39343.77
246534,160921,Sales,Manager,Morning,116695.88
246535,160721,Food & Beverage,Technician,Night,99367.06
246536,160661,Maintenance,Executive,Night,142848.57
246537,160543,Front Office,Associate,Morning,166005.26
246538,161820,Sales,Executive,Morning,77327.49
246539,161241,Maintenance,Supervisor,Night,153706.67
246540,161695,Sales,Associate,Evening,148860.48
246541,160030,Food & Beverage,Associate,Night,32020.11
246542,160163,Sales,Manager,Night,82437.75
246543,161925,Food & Beverage,Associate,Evening,149618.64
246544,161536,Food & Beverage,Manager,Morning,150704.26
246545,161675,Food & Beverage,Manager,Night,41614.17
246546,160498,Food & Beverage,Supervisor,Night,97371.58
246547,161474,Food & Beverage,Associate,Evening,165614.38
246548,161701,Front Office,Technician,Night,50409.23
246549,160772,Front Office,Technician,Night,163217.83
246550,161227,Front Office,Executive,Evening,60905.82
246551,160760,Housekeeping,Chef,Evening,33825.68
246552,160704,Food & Beverage,Technician,Evening,51672.84
246553,161403,Sales,Chef,Night,72503.31
246554,161015,Housekeeping,Associate,Night,74129.08
246555,160364,Maintenance,Supervisor,Morning,40548.92
246556,160220,Housekeeping,Technician,Night,169541.74
246557,161074,Sales,Manager,Evening,96529.38
246558,161964,Food & Beverage,Associate,Morning,148154.17
246559,160516,Front Office,Associate,Evening,67728.61
246560,161494,Maintenance,Manager,Evening,51555.98
246561,161318,Maintenance,Supervisor,Morning,130793.52
246562,161313,Sales,Executive,Night,147569.87
246563,160644,Front Office,Executive,Morning,91745.9
246564,161568,Front Office,Manager,Morning,152536.61
246565,161123,Housekeeping,Technician,Evening,149565.13
246566,161859,Sales,Associate,Evening,66745.56
246567,160581,Sales,Associate,Night,19894.68
246568,161744,Food & Beverage,Executive,Night,108872.84
246569,160806,Maintenance,Associate,Evening,84691.6
246570,160540,Front Office,Technician,Morning,175545.76
246571,160448,Sales,Associate,Night,115591.17
246572,160192,Sales,Supervisor,Evening,127933.27
246573,160612,Maintenance,Executive,Night,55692.73
246574,161481,Front Office,Executive,Evening,46272.77
246575,161405,Sales,Chef,Morning,20657.11
246576,161213,Food & Beverage,Chef,Night,151477.63
246577,161147,Food & Beverage,Associate,Night,42959.13
246578,161562,Housekeeping,Supervisor,Evening,97886.88
246579,161343,Maintenance,Executive,Evening,19833.43
246580,161842,Maintenance,Chef,Morning,115398.01
246581,160293,Sales,Chef,Evening,177847.66
246582,161492,Housekeeping,Associate,Night,139052.09
246583,161674,Food & Beverage,Chef,Morning,138106.24
246584,161921,Food & Beverage,Manager,Evening,174134.64
246585,160489,Maintenance,Manager,Morning,62588.21
246586,161879,Sales,Executive,Evening,163397.09
246587,161081,Sales,Technician,Night,137862.5
246588,160762,Food & Beverage,Associate,Morning,70829.02
246589,160551,Maintenance,Associate,Morning,107147.32
246590,161406,Maintenance,Chef,Night,42915.16
246591,160235,Food & Beverage,Chef,Evening,106395.12
246592,160945,Food & Beverage,Supervisor,Morning,105252.24
246593,161155,Food & Beverage,Executive,Morning,122341.73
246594,160921,Maintenance,Supervisor,Evening,39763.46
246595,161190,Front Office,Manager,Evening,174532.99
246596,160459,Housekeeping,Manager,Evening,113786.71
246597,161038,Sales,Executive,Morning,64357.63
246598,161602,Sales,Chef,Night,91347.86
246599,160209,Housekeeping,Supervisor,Night,71701.71
246600,161769,Front Office,Supervisor,Morning,145732.75
246601,161478,Front Office,Technician,Morning,27933.39
246602,160782,Maintenance,Associate,Morning,109483.13
246603,160351,Food & Beverage,Associate,Evening,166626.16
246604,160866,Sales,Manager,Morning,93369.79
246605,161285,Food & Beverage,Technician,Evening,80115.63
246606,161239,Housekeeping,Supervisor,Morning,19445.57
246607,160964,Maintenance,Chef,Evening,39498.72
246608,161941,Housekeeping,Technician,Night,60709.32
246609,160443,Housekeeping,Manager,Evening,151693.2
246610,161260,Front Office,Technician,Night,135904.61
246611,161265,Housekeeping,Chef,Evening,87082.36
246612,161536,Front Office,Associate,Evening,177635.42
246613,161806,Maintenance,Technician,Morning,29873.68
246614,160319,Food & Beverage,Executive,Evening,108753.83
246615,161331,Sales,Executive,Evening,71845.42
246616,161476,Sales,Executive,Night,83679.58
246617,160723,Front Office,Supervisor,Night,118563.34
246618,160886,Food & Beverage,Executive,Night,24650.16
246619,160550,Sales,Chef,Night,148586.67
246620,160038,Housekeeping,Chef,Morning,101084.92
246621,160007,Sales,Supervisor,Morning,96481.56
246622,160744,Sales,Technician,Morning,82201.5
246623,161699,Maintenance,Technician,Morning,88629.16
246624,160899,Front Office,Chef,Night,119109.48
246625,161130,Sales,Technician,Night,49459.98
246626,160921,Front Office,Associate,Evening,130781.45
246627,161876,Maintenance,Supervisor,Evening,102536.23
246628,160751,Front Office,Chef,Night,66591.3
246629,161003,Housekeeping,Manager,Morning,18528.97
246630,161596,Food & Beverage,Executive,Night,34717.19
246631,161511,Maintenance,Manager,Evening,168813.45
246632,160432,Sales,Chef,Night,66957.04
246633,160593,Maintenance,Supervisor,Night,131079.88
246634,161623,Housekeeping,Associate,Night,122490.72
246635,161028,Front Office,Technician,Night,75845.7
246636,161235,Sales,Chef,Night,51532.59
246637,160178,Housekeeping,Manager,Evening,25733.9
246638,160615,Food & Beverage,Manager,Night,170723.12
246639,161464,Food & Beverage,Manager,Night,118468.0
246640,160971,Front Office,Technician,Morning,177665.35
246641,160820,Food & Beverage,Manager,Evening,66046.59
246642,160754,Maintenance,Executive,Morning,101045.65
246643,161722,Maintenance,Technician,Morning,92973.24
246644,160515,Sales,Supervisor,Night,38961.56
246645,161985,Front Office,Supervisor,Evening,67998.57
246646,161668,Front Office,Technician,Evening,123431.63
246647,160683,Maintenance,Associate,Morning,28071.86
246648,161485,Front Office,Associate,Night,48318.41
246649,161396,Housekeeping,Supervisor,Morning,60160.64
246650,161834,Maintenance,Technician,Night,49995.35
246651,161420,Sales,Executive,Morning,59862.55
246652,160703,Sales,Executive,Morning,90821.68
246653,160046,Maintenance,Executive,Night,20252.75
246654,161107,Food & Beverage,Technician,Morning,32695.88
246655,161913,Front Office,Associate,Night,98161.13
246656,160559,Sales,Technician,Evening,143186.28
246657,161757,Food & Beverage,Technician,Night,58813.88
246658,161253,Sales,Executive,Night,87540.94
246659,160679,Sales,Technician,Morning,131045.05
246660,160443,Maintenance,Chef,Evening,61600.91
246661,160230,Front Office,Executive,Morning,56982.48
246662,161480,Maintenance,Executive,Night,33363.32
246663,160897,Food & Beverage,Technician,Morning,122951.82
246664,160532,Front Office,Technician,Evening,76820.01
246665,160929,Housekeeping,Executive,Evening,150758.86
246666,160524,Front Office,Technician,Morning,55293.53
246667,160528,Maintenance,Manager,Morning,135350.16
246668,161863,Maintenance,Associate,Night,45978.7
246669,160562,Food & Beverage,Executive,Night,46697.47
246670,161005,Housekeeping,Supervisor,Morning,50502.89
246671,160319,Sales,Supervisor,Morning,82544.79
246672,160331,Food & Beverage,Manager,Night,103743.91
246673,161178,Maintenance,Chef,Evening,164740.23
246674,160573,Front Office,Supervisor,Morning,173120.02
246675,160276,Maintenance,Technician,Evening,20157.2
246676,161751,Housekeeping,Associate,Morning,88502.07
246677,161853,Housekeeping,Supervisor,Night,25049.61
246678,160886,Maintenance,Manager,Morning,41244.87
246679,161840,Maintenance,Associate,Night,145884.12
246680,160644,Front Office,Supervisor,Night,90124.06
246681,160094,Maintenance,Manager,Morning,24293.38
246682,161817,Housekeeping,Associate,Night,122377.84
246683,161011,Sales,Executive,Evening,31061.75
246684,160955,Maintenance,Supervisor,Evening,137761.27
246685,160479,Sales,Manager,Morning,72732.59
246686,160548,Food & Beverage,Supervisor,Morning,28798.94
246687,161874,Maintenance,Technician,Morning,35166.47
246688,161242,Front Office,Chef,Night,142977.65
246689,161085,Front Office,Executive,Evening,167761.7
246690,160495,Sales,Associate,Morning,31212.97
246691,160185,Maintenance,Technician,Evening,109199.99
246692,161493,Housekeeping,Technician,Evening,35173.98
246693,161843,Maintenance,Technician,Night,177619.2
246694,160628,Front Office,Associate,Evening,67240.68
246695,160442,Housekeeping,Chef,Evening,166362.38
246696,161624,Sales,Manager,Morning,54544.3
246697,161321,Maintenance,Executive,Evening,141889.27
246698,160801,Sales,Manager,Morning,52139.88
246699,161220,Housekeeping,Executive,Morning,145812.55
246700,161224,Maintenance,Executive,Morning,46726.39
246701,160692,Front Office,Chef,Morning,38404.91
246702,161464,Food & Beverage,Chef,Evening,165357.51
246703,160099,Maintenance,Chef,Morning,64836.28
246704,161190,Food & Beverage,Chef,Evening,41081.87
246705,161578,Food & Beverage,Manager,Night,112448.5
246706,160845,Food & Beverage,Supervisor,Night,133048.91
246707,161773,Sales,Chef,Morning,123794.2
246708,160258,Housekeeping,Manager,Night,126989.67
246709,161168,Housekeeping,Executive,Night,48045.73
246710,160007,Front Office,Chef,Morning,164423.09
246711,161518,Food & Beverage,Supervisor,Night,115704.14
246712,161325,Maintenance,Executive,Night,104679.44
246713,160814,Food & Beverage,Manager,Evening,122433.54
246714,161560,Front Office,Supervisor,Evening,123447.38
246715,161852,Food & Beverage,Associate,Night,105224.45
246716,161230,Food & Beverage,Chef,Evening,178512.11
246717,161352,Front Office,Chef,Night,175519.43
246718,160686,Food & Beverage,Associate,Evening,172246.72
246719,160505,Sales,Executive,Evening,42816.36
246720,160722,Food & Beverage,Chef,Evening,168585.69
246721,161693,Food & Beverage,Supervisor,Night,165921.52
246722,160949,Food & Beverage,Chef,Night,111542.09
246723,160742,Maintenance,Associate,Evening,43909.39
246724,160379,Housekeeping,Executive,Night,171825.0
246725,161784,Food & Beverage,Executive,Evening,66490.96
246726,160882,Food & Beverage,Supervisor,Night,28779.96
246727,161593,Sales,Manager,Morning,87094.22
246728,160563,Front Office,Supervisor,Morning,34096.96
246729,161257,Housekeeping,Executive,Evening,120344.17
246730,161948,Food & Beverage,Technician,Morning,155062.45
246731,161283,Maintenance,Manager,Night,89045.77
246732,161081,Front Office,Associate,Night,53368.86
246733,161390,Front Office,Executive,Night,166631.59
246734,160691,Front Office,Supervisor,Morning,42239.88
246735,161870,Maintenance,Technician,Morning,91139.18
246736,160391,Sales,Supervisor,Night,170451.52
246737,161895,Food & Beverage,Executive,Evening,44364.97
246738,160908,Front Office,Executive,Night,108716.53
246739,161659,Housekeeping,Manager,Evening,51885.37
246740,160750,Front Office,Executive,Morning,90970.51
246741,160781,Maintenance,Supervisor,Night,125231.54
246742,160428,Front Office,Associate,Evening,126649.57
246743,160068,Food & Beverage,Supervisor,Evening,21624.68
246744,161589,Food & Beverage,Manager,Evening,53921.62
246745,160942,Maintenance,Executive,Evening,26974.66
246746,160682,Food & Beverage,Chef,Night,43863.67
246747,160140,Front Office,Technician,Night,136292.53
246748,161622,Maintenance,Manager,Evening,93047.45
246749,161329,Maintenance,Supervisor,Morning,36036.1
246750,161786,Maintenance,Supervisor,Morning,76744.68
246751,160054,Sales,Executive,Night,95762.28
246752,160938,Housekeeping,Technician,Night,60468.54
246753,161712,Front Office,Technician,Night,144698.83
246754,161591,Sales,Technician,Evening,60131.24
246755,161847,Front Office,Supervisor,Morning,139463.14
246756,161081,Housekeeping,Chef,Night,90018.43
246757,160652,Maintenance,Chef,Morning,153622.39
246758,160872,Sales,Chef,Evening,139852.48
246759,161203,Sales,Technician,Evening,96439.18
246760,161788,Sales,Associate,Evening,110630.61
246761,161369,Maintenance,Chef,Evening,22966.36
246762,161890,Food & Beverage,Executive,Evening,170642.86
246763,160670,Housekeeping,Manager,Evening,178217.34
246764,160447,Front Office,Chef,Night,19163.39
246765,160801,Maintenance,Technician,Night,57159.26
246766,160689,Sales,Chef,Morning,93746.51
246767,161371,Housekeeping,Technician,Night,124143.86
246768,161763,Housekeeping,Technician,Night,140684.85
246769,161160,Front Office,Technician,Night,147253.38
246770,160846,Housekeeping,Manager,Night,95637.99
246771,160698,Front Office,Supervisor,Night,19319.46
246772,161946,Maintenance,Chef,Night,99638.88
246773,160485,Housekeeping,Supervisor,Morning,160647.51
246774,161709,Front Office,Supervisor,Night,76923.31
246775,160127,Maintenance,Technician,Evening,176158.56
246776,161806,Front Office,Executive,Night,133358.3
246777,160202,Housekeeping,Chef,Night,179305.78
246778,161770,Maintenance,Executive,Morning,21430.42
246779,160346,Sales,Associate,Evening,107811.06
246780,161529,Front Office,Associate,Night,68506.7
246781,160644,Front Office,Manager,Night,84736.05
246782,161412,Housekeeping,Executive,Morning,86068.34
246783,161814,Maintenance,Manager,Evening,125102.71
246784,160544,Food & Beverage,Chef,Night,155946.68
246785,161256,Housekeeping,Technician,Night,123165.03
246786,160385,Housekeeping,Manager,Morning,33431.03
246787,161643,Maintenance,Technician,Night,168172.43
246788,161241,Sales,Supervisor,Morning,60727.7
246789,161011,Sales,Chef,Night,142400.39
246790,161134,Front Office,Manager,Night,96095.09
246791,160732,Front Office,Technician,Morning,30335.98
246792,161873,Food & Beverage,Supervisor,Morning,30958.26
246793,161461,Front Office,Supervisor,Night,20128.57
246794,160375,Front Office,Supervisor,Night,173993.24
246795,161077,Maintenance,Technician,Evening,169397.67
246796,160340,Maintenance,Supervisor,Evening,99316.05
246797,161743,Housekeeping,Associate,Morning,37449.18
246798,161496,Housekeeping,Chef,Night,122483.26
246799,160661,Food & Beverage,Associate,Evening,132439.64
246800,160983,Front Office,Associate,Evening,82926.33
246801,160257,Maintenance,Manager,Morning,123652.36
246802,161374,Food & Beverage,Manager,Night,168907.01
246803,160070,Sales,Supervisor,Morning,160406.51
246804,160410,Housekeeping,Supervisor,Evening,46372.7
246805,161585,Maintenance,Supervisor,Morning,134785.38
246806,161844,Housekeeping,Associate,Evening,135797.41
246807,160637,Front Office,Chef,Evening,58224.9
246808,160968,Front Office,Manager,Evening,119698.87
246809,160982,Maintenance,Supervisor,Night,73628.8
246810,160401,Maintenance,Manager,Night,101262.07
246811,161565,Front Office,Associate,Evening,39916.24
246812,161473,Food & Beverage,Associate,Night,177076.04
246813,161572,Sales,Executive,Morning,171923.95
246814,161608,Front Office,Chef,Evening,63592.88
246815,160125,Food & Beverage,Chef,Night,135862.97
246816,161563,Sales,Chef,Morning,34383.13
246817,160914,Sales,Associate,Evening,139267.31
246818,160377,Front Office,Executive,Evening,97802.7
246819,161200,Maintenance,Manager,Morning,117608.26
246820,160572,Sales,Executive,Night,178953.67
246821,161208,Maintenance,Associate,Night,47206.74
246822,160801,Sales,Supervisor,Morning,68734.99
246823,160895,Front Office,Associate,Evening,139353.19
246824,161771,Sales,Technician,Night,78033.4
246825,160122,Housekeeping,Manager,Evening,57799.35
246826,160470,Sales,Manager,Morning,23087.0
246827,160586,Sales,Technician,Morning,46958.47
246828,161099,Housekeeping,Supervisor,Evening,90069.63
246829,160240,Maintenance,Associate,Morning,143589.61
246830,160636,Sales,Supervisor,Morning,135427.61
246831,160008,Food & Beverage,Technician,Morning,152526.02
246832,160452,Maintenance,Executive,Morning,156198.97
246833,160588,Maintenance,Technician,Night,63014.18
246834,160695,Food & Beverage,Manager,Night,26248.65
246835,161573,Front Office,Executive,Morning,131026.78
246836,160570,Food & Beverage,Executive,Evening,48183.45
246837,161867,Front Office,Chef,Evening,154504.15
246838,161823,Front Office,Manager,Morning,164092.82
246839,161940,Front Office,Chef,Evening,52203.82
246840,161856,Housekeeping,Supervisor,Night,95371.97
246841,160164,Maintenance,Technician,Morning,69439.38
246842,161382,Maintenance,Associate,Night,163548.35
246843,161682,Sales,Technician,Evening,152062.14
246844,160017,Front Office,Technician,Night,136336.1
246845,160966,Sales,Associate,Night,155692.3
246846,160691,Housekeeping,Executive,Evening,111708.14
246847,160479,Sales,Associate,Morning,114278.02
246848,161885,Housekeeping,Supervisor,Morning,77028.24
246849,160861,Maintenance,Technician,Night,93787.71
246850,161255,Housekeeping,Manager,Evening,27487.26
246851,160628,Maintenance,Supervisor,Morning,60407.84
246852,160724,Food & Beverage,Associate,Morning,91530.55
246853,160378,Food & Beverage,Executive,Morning,156624.59
246854,160677,Maintenance,Associate,Night,71705.76
246855,160052,Food & Beverage,Manager,Night,27423.77
246856,160273,Sales,Manager,Night,91694.77
246857,161276,Housekeeping,Associate,Evening,71923.98
246858,161091,Housekeeping,Associate,Evening,132545.04
246859,160093,Sales,Technician,Evening,55851.43
246860,160235,Sales,Associate,Night,28940.85
246861,160625,Maintenance,Manager,Morning,122535.12
246862,160625,Housekeeping,Executive,Morning,115893.83
246863,160932,Maintenance,Manager,Night,179214.73
246864,160378,Front Office,Manager,Evening,32481.86
246865,161568,Housekeeping,Associate,Night,44531.6
246866,161414,Food & Beverage,Supervisor,Night,85249.62
246867,160586,Sales,Technician,Morning,31628.08
246868,161851,Sales,Executive,Evening,159603.03
246869,160710,Food & Beverage,Technician,Night,47318.63
246870,161803,Sales,Technician,Evening,168100.86
246871,161953,Sales,Manager,Night,150838.0
246872,161441,Food & Beverage,Executive,Night,144440.02
246873,160626,Front Office,Chef,Evening,41081.41
246874,161269,Food & Beverage,Supervisor,Night,26781.29
246875,161984,Sales,Chef,Night,39464.98
246876,161844,Sales,Technician,Morning,118395.31
246877,160609,Food & Beverage,Associate,Night,46285.46
246878,161239,Food & Beverage,Supervisor,Morning,129030.63
246879,161509,Front Office,Supervisor,Morning,56089.83
246880,161310,Maintenance,Associate,Morning,117520.8
246881,161696,Sales,Chef,Morning,160493.01
246882,160908,Sales,Manager,Morning,127233.38
246883,161631,Sales,Technician,Morning,112672.73
246884,161533,Food & Beverage,Associate,Morning,118074.83
246885,161816,Maintenance,Supervisor,Night,74238.23
246886,161447,Housekeeping,Supervisor,Evening,75103.31
246887,160320,Food & Beverage,Associate,Night,147470.76
246888,160525,Sales,Associate,Morning,154043.66
246889,161267,Maintenance,Manager,Morning,178368.13
246890,160083,Front Office,Executive,Evening,130312.31
246891,160210,Housekeeping,Manager,Night,88549.35
246892,160264,Maintenance,Executive,Evening,164190.23
246893,160118,Housekeeping,Manager,Morning,116417.93
246894,160442,Maintenance,Technician,Morning,168968.86
246895,161006,Food & Beverage,Manager,Evening,61892.58
246896,161833,Housekeeping,Supervisor,Morning,41059.68
246897,161087,Maintenance,Manager,Night,135407.24
246898,160356,Food & Beverage,Executive,Morning,52231.28
246899,160473,Front Office,Associate,Morning,39027.9
246900,161918,Sales,Chef,Morning,32938.32
246901,160426,Sales,Chef,Night,32580.36
246902,161181,Housekeeping,Supervisor,Morning,88371.94
246903,161235,Sales,Associate,Morning,57465.97
246904,161204,Front Office,Manager,Night,119007.57
246905,161881,Maintenance,Manager,Morning,61925.86
246906,160565,Maintenance,Chef,Night,26827.35
246907,160678,Sales,Chef,Morning,170812.98
246908,161096,Sales,Associate,Morning,120896.49
246909,160959,Food & Beverage,Technician,Night,139452.49
246910,160532,Housekeeping,Manager,Morning,121105.66
246911,160850,Maintenance,Manager,Evening,136918.79
246912,161224,Front Office,Executive,Night,61948.87
246913,160051,Housekeeping,Executive,Night,142682.94
246914,160299,Front Office,Associate,Evening,97122.26
246915,160822,Front Office,Associate,Morning,154341.67
246916,160406,Housekeeping,Supervisor,Evening,66156.79
246917,161614,Food & Beverage,Manager,Night,116227.59
246918,160468,Front Office,Technician,Night,49189.54
246919,160906,Front Office,Chef,Night,85627.74
246920,161120,Food & Beverage,Chef,Morning,108208.49
246921,161540,Sales,Chef,Evening,50459.19
246922,160481,Food & Beverage,Technician,Morning,118158.78
246923,161913,Front Office,Manager,Night,46127.26
246924,160344,Front Office,Associate,Evening,178148.65
246925,160128,Housekeeping,Manager,Night,18012.88
246926,160694,Housekeeping,Supervisor,Evening,110930.32
246927,160969,Food & Beverage,Technician,Night,102705.35
246928,160659,Sales,Associate,Night,136409.16
246929,160854,Front Office,Technician,Night,148170.14
246930,161681,Front Office,Manager,Evening,49131.37
246931,161570,Food & Beverage,Chef,Night,122146.23
246932,161401,Sales,Supervisor,Night,144214.25
246933,160136,Front Office,Technician,Evening,118506.15
246934,160670,Food & Beverage,Technician,Evening,85718.4
246935,160188,Front Office,Associate,Evening,50167.54
246936,160967,Sales,Manager,Morning,91494.92
246937,161240,Sales,Manager,Night,67731.06
246938,161268,Front Office,Technician,Morning,76692.55
246939,160212,Sales,Supervisor,Morning,97706.89
246940,160135,Front Office,Chef,Evening,75808.6
246941,160190,Maintenance,Technician,Morning,68244.34
246942,160229,Food & Beverage,Executive,Night,178291.9
246943,160177,Housekeeping,Associate,Evening,40687.65
246944,160180,Maintenance,Executive,Evening,65676.27
246945,160705,Housekeeping,Technician,Evening,86539.31
246946,161124,Housekeeping,Associate,Night,144679.63
246947,160278,Sales,Supervisor,Morning,58942.27
246948,161485,Food & Beverage,Chef,Morning,47605.91
246949,161235,Food & Beverage,Manager,Night,46965.81
246950,160246,Sales,Supervisor,Morning,114769.54
246951,160074,Sales,Executive,Evening,20866.4
246952,161927,Housekeeping,Technician,Night,160728.91
246953,161341,Housekeeping,Manager,Night,117327.77
246954,160906,Maintenance,Technician,Morning,73815.54
246955,161187,Food & Beverage,Technician,Evening,137277.77
246956,161584,Housekeeping,Manager,Night,60719.72
246957,161151,Housekeeping,Executive,Morning,38599.74
246958,160932,Food & Beverage,Technician,Evening,51598.94
246959,160801,Housekeeping,Technician,Morning,78468.51
246960,160147,Sales,Technician,Evening,69159.01
246961,161476,Front Office,Chef,Morning,135511.64
246962,160960,Food & Beverage,Chef,Morning,22280.09
246963,160996,Maintenance,Supervisor,Evening,116932.78
246964,160405,Food & Beverage,Manager,Morning,101710.44
246965,160909,Food & Beverage,Technician,Evening,118967.62
246966,160976,Housekeeping,Executive,Night,93174.24
246967,161598,Maintenance,Manager,Morning,54579.65
246968,160340,Maintenance,Chef,Morning,129386.17
246969,160271,Maintenance,Chef,Evening,141099.58
246970,160093,Housekeeping,Technician,Evening,99133.7
246971,161375,Sales,Chef,Morning,127954.39
246972,160256,Front Office,Associate,Morning,140677.53
246973,161666,Front Office,Supervisor,Evening,27326.91
246974,161672,Maintenance,Technician,Night,24163.32
246975,161162,Sales,Supervisor,Evening,43286.52
246976,161218,Sales,Manager,Evening,55747.78
246977,161994,Maintenance,Executive,Morning,46646.76
246978,161879,Sales,Associate,Morning,144207.59
246979,160840,Maintenance,Associate,Night,159295.81
246980,161558,Maintenance,Manager,Night,112871.14
246981,161054,Housekeeping,Manager,Evening,26991.11
246982,161674,Food & Beverage,Executive,Night,38054.88
246983,161446,Food & Beverage,Chef,Morning,165452.57
246984,161402,Housekeeping,Associate,Evening,119035.15
246985,160304,Maintenance,Supervisor,Morning,160236.86
246986,161885,Food & Beverage,Chef,Night,20998.87
246987,161754,Food & Beverage,Manager,Evening,93381.3
246988,161697,Sales,Manager,Night,99284.05
246989,160540,Housekeeping,Supervisor,Night,56705.73
246990,161165,Maintenance,Technician,Morning,92392.87
246991,160959,Sales,Supervisor,Morning,53137.33
246992,160813,Housekeeping,Associate,Night,146306.24
246993,160163,Housekeeping,Associate,Night,150991.93
246994,161998,Housekeeping,Chef,Morning,33092.2
246995,161488,Housekeeping,Supervisor,Night,38588.15
246996,161253,Maintenance,Supervisor,Morning,151636.47
246997,160626,Food & Beverage,Associate,Evening,119633.15
246998,161356,Housekeeping,Associate,Night,161109.38
246999,160175,Housekeeping,Manager,Morning,57129.81
247000,161771,Maintenance,Technician,Evening,98970.25
247001,161654,Sales,Supervisor,Night,85763.24
247002,161833,Maintenance,Manager,Night,86713.82
247003,161308,Food & Beverage,Chef,Evening,99047.67
247004,160304,Housekeeping,Technician,Night,80080.92
247005,161723,Food & Beverage,Associate,Night,172541.26
247006,160858,Maintenance,Chef,Morning,116233.29
247007,161479,Housekeeping,Associate,Night,162197.31
247008,161001,Food & Beverage,Supervisor,Morning,125365.71
247009,161264,Sales,Chef,Morning,70374.11
247010,161056,Front Office,Associate,Night,114091.26
247011,160939,Sales,Manager,Morning,156876.04
247012,160295,Maintenance,Supervisor,Morning,73061.49
247013,160390,Housekeeping,Technician,Evening,138438.35
247014,160916,Front Office,Executive,Night,99826.38
247015,160609,Housekeeping,Associate,Evening,92208.51
247016,160287,Maintenance,Chef,Evening,49947.42
247017,161642,Front Office,Associate,Night,162989.55
247018,160587,Front Office,Executive,Morning,35218.93
247019,161124,Food & Beverage,Manager,Evening,174416.27
247020,161748,Maintenance,Supervisor,Evening,132860.78
247021,161960,Housekeeping,Chef,Morning,108739.31
247022,160376,Housekeeping,Executive,Evening,177059.01
247023,160283,Maintenance,Associate,Night,99250.17
247024,160036,Maintenance,Manager,Night,90322.5
247025,161443,Housekeeping,Executive,Night,120897.62
247026,161156,Housekeeping,Technician,Night,44892.88
247027,161315,Front Office,Technician,Evening,101097.33
247028,161419,Front Office,Chef,Evening,78596.92
247029,161403,Maintenance,Technician,Evening,113839.6
247030,161991,Sales,Supervisor,Morning,122952.24
247031,160090,Housekeeping,Technician,Morning,133287.67
247032,160845,Housekeeping,Executive,Evening,156498.62
247033,160100,Maintenance,Associate,Morning,35347.19
247034,160305,Front Office,Technician,Morning,73230.94
247035,161780,Food & Beverage,Supervisor,Evening,51825.83
247036,160305,Housekeeping,Executive,Evening,46513.63
247037,161753,Housekeeping,Technician,Night,127590.96
247038,160354,Housekeeping,Technician,Morning,152778.32
247039,161342,Maintenance,Supervisor,Night,56254.94
247040,160356,Sales,Chef,Morning,46904.87
247041,160957,Food & Beverage,Executive,Night,81343.84
247042,161689,Food & Beverage,Executive,Night,90198.13
247043,160143,Food & Beverage,Executive,Night,118704.6
247044,160426,Front Office,Supervisor,Evening,111905.92
247045,161896,Maintenance,Chef,Morning,167048.61
247046,160433,Front Office,Chef,Evening,35427.07
247047,160139,Food & Beverage,Associate,Evening,26656.33
247048,160782,Maintenance,Executive,Night,124085.47
247049,161999,Front Office,Associate,Evening,86347.73
247050,161276,Housekeeping,Supervisor,Morning,84989.45
247051,160810,Food & Beverage,Supervisor,Night,50249.97
247052,160993,Food & Beverage,Executive,Night,36240.58
247053,161931,Front Office,Chef,Evening,125637.23
247054,161018,Food & Beverage,Technician,Night,23087.12
247055,161073,Front Office,Supervisor,Morning,65367.8
247056,161914,Maintenance,Manager,Morning,143222.01
247057,161049,Food & Beverage,Chef,Morning,157634.7
247058,160598,Housekeeping,Associate,Night,36780.67
247059,161911,Food & Beverage,Executive,Evening,96041.71
247060,161785,Sales,Chef,Night,93264.85
247061,161678,Front Office,Associate,Evening,131100.25
247062,160606,Food & Beverage,Manager,Morning,105303.65
247063,161232,Sales,Executive,Morning,169682.42
247064,160374,Maintenance,Technician,Evening,101615.78
247065,161137,Front Office,Associate,Evening,77037.91
247066,161254,Food & Beverage,Supervisor,Evening,105535.58
247067,160506,Sales,Executive,Evening,43446.89
247068,161740,Maintenance,Associate,Morning,35770.61
247069,160352,Housekeeping,Technician,Night,101267.25
247070,161180,Housekeeping,Associate,Night,146026.54
247071,160752,Front Office,Manager,Evening,48624.93
247072,160518,Front Office,Supervisor,Morning,58900.28
247073,161681,Front Office,Chef,Evening,140716.02
247074,160293,Front Office,Technician,Evening,78591.95
247075,161700,Housekeeping,Associate,Night,72970.24
247076,160413,Food & Beverage,Executive,Night,59290.85
247077,160022,Sales,Chef,Morning,157324.19
247078,160843,Housekeeping,Executive,Evening,145792.39
247079,161867,Sales,Technician,Morning,23206.4
247080,161331,Food & Beverage,Technician,Evening,178479.63
247081,161759,Housekeeping,Technician,Night,90121.31
247082,160560,Sales,Chef,Morning,18279.6
247083,161215,Front Office,Supervisor,Evening,19174.95
247084,160314,Sales,Supervisor,Morning,101445.28
247085,161585,Sales,Supervisor,Night,102001.92
247086,161155,Food & Beverage,Chef,Morning,128565.83
247087,160052,Housekeeping,Chef,Morning,79786.13
247088,161333,Front Office,Manager,Night,58016.02
247089,160845,Housekeeping,Executive,Morning,113464.47
247090,161024,Front Office,Manager,Morning,108610.49
247091,160850,Sales,Supervisor,Morning,74707.11
247092,160914,Food & Beverage,Supervisor,Morning,86519.46
247093,161162,Housekeeping,Executive,Night,109562.77
247094,160264,Sales,Chef,Evening,145105.01
247095,161590,Housekeeping,Supervisor,Morning,124129.47
247096,160479,Housekeeping,Executive,Evening,56402.01
247097,161631,Food & Beverage,Manager,Evening,85938.64
247098,161360,Food & Beverage,Associate,Morning,156367.92
247099,161157,Maintenance,Chef,Night,19304.33
247100,160147,Front Office,Chef,Evening,145837.51
247101,161404,Food & Beverage,Associate,Morning,138211.85
247102,161875,Housekeeping,Technician,Morning,107710.51
247103,161662,Housekeeping,Chef,Evening,135785.38
247104,161484,Food & Beverage,Associate,Night,28316.16
247105,161626,Front Office,Associate,Night,56339.12
247106,160037,Maintenance,Chef,Evening,166965.54
247107,161573,Sales,Supervisor,Night,173069.9
247108,161295,Housekeeping,Associate,Night,40112.45
247109,160287,Food & Beverage,Associate,Morning,93555.34
247110,160023,Front Office,Chef,Morning,76120.6
247111,161288,Food & Beverage,Manager,Evening,143002.6
247112,161767,Food & Beverage,Manager,Morning,37146.02
247113,160866,Front Office,Executive,Evening,53264.01
247114,160640,Front Office,Manager,Night,44578.1
247115,160052,Housekeeping,Executive,Night,176671.4
247116,160973,Housekeeping,Chef,Evening,125369.2
247117,160829,Housekeeping,Technician,Evening,77065.15
247118,160058,Sales,Executive,Morning,163629.03
247119,160817,Housekeeping,Manager,Evening,118903.39
247120,160234,Housekeeping,Supervisor,Evening,156101.31
247121,160670,Housekeeping,Manager,Evening,25433.21
247122,160918,Housekeeping,Technician,Night,61311.83
247123,160390,Maintenance,Supervisor,Morning,80270.84
247124,160540,Maintenance,Chef,Night,134427.59
247125,161073,Maintenance,Chef,Night,62031.54
247126,161591,Housekeeping,Technician,Evening,128045.1
247127,160967,Front Office,Chef,Morning,55654.67
247128,161977,Housekeeping,Executive,Night,152353.16
247129,160802,Maintenance,Manager,Morning,48512.27
247130,160328,Food & Beverage,Manager,Evening,37068.12
247131,161389,Housekeeping,Chef,Morning,152880.47
247132,161255,Food & Beverage,Technician,Night,136187.02
247133,160110,Housekeeping,Associate,Night,25104.02
247134,161508,Front Office,Technician,Night,149343.47
247135,160381,Housekeeping,Chef,Morning,119982.37
247136,160178,Front Office,Manager,Night,116439.18
247137,161556,Sales,Executive,Evening,79703.5
247138,161675,Front Office,Technician,Night,94173.49
247139,161287,Housekeeping,Chef,Night,37642.07
247140,160866,Front Office,Supervisor,Night,129178.27
247141,161046,Sales,Associate,Morning,77084.02
247142,160958,Housekeeping,Technician,Morning,68402.45
247143,160482,Food & Beverage,Associate,Night,55435.9
247144,160782,Maintenance,Technician,Night,155417.47
247145,161993,Sales,Associate,Night,112361.84
247146,160217,Maintenance,Executive,Morning,21031.05
247147,161855,Housekeeping,Manager,Night,33491.1
247148,161619,Front Office,Technician,Evening,80356.91
247149,161702,Housekeeping,Associate,Morning,51645.55
247150,160158,Sales,Executive,Morning,37149.18
247151,161355,Sales,Executive,Evening,94549.21
247152,160986,Sales,Associate,Night,46359.46
247153,160030,Housekeeping,Executive,Evening,101760.36
247154,161464,Front Office,Chef,Evening,77897.93
247155,161535,Food & Beverage,Technician,Night,145438.5
247156,160072,Housekeeping,Executive,Night,66057.05
247157,161853,Sales,Supervisor,Night,137509.0
247158,161234,Sales,Supervisor,Night,50913.35
247159,161241,Sales,Chef,Night,73551.16
247160,161272,Sales,Executive,Night,41865.33
247161,160107,Front Office,Chef,Morning,122742.25
247162,160398,Maintenance,Associate,Morning,53505.22
247163,161307,Sales,Associate,Evening,40495.7
247164,161533,Food & Beverage,Associate,Night,144309.78
247165,160513,Front Office,Manager,Night,57185.36
247166,161867,Sales,Supervisor,Evening,119925.48
247167,160953,Maintenance,Chef,Night,71849.77
247168,160660,Housekeeping,Technician,Morning,73545.01
247169,161638,Sales,Chef,Evening,102185.29
247170,161427,Maintenance,Chef,Night,79337.22
247171,160087,Housekeeping,Executive,Evening,124479.58
247172,160342,Housekeeping,Chef,Evening,70461.07
247173,160274,Front Office,Supervisor,Morning,162341.99
247174,160553,Food & Beverage,Associate,Morning,98014.81
247175,160158,Housekeeping,Executive,Evening,50270.77
247176,160891,Sales,Executive,Night,125327.9
247177,160978,Sales,Executive,Night,59479.33
247178,161957,Housekeeping,Technician,Morning,98502.84
247179,160634,Sales,Supervisor,Evening,104908.89
247180,160044,Front Office,Chef,Morning,95987.79
247181,160116,Sales,Executive,Night,60527.92
247182,160920,Sales,Associate,Evening,145041.58
247183,160979,Front Office,Supervisor,Night,128398.9
247184,160171,Maintenance,Chef,Night,56051.04
247185,160941,Food & Beverage,Executive,Morning,166871.56
247186,161904,Front Office,Supervisor,Night,138839.78
247187,160301,Maintenance,Chef,Morning,79605.43
247188,160649,Housekeeping,Executive,Evening,139940.29
247189,160079,Housekeeping,Technician,Morning,143183.7
247190,160414,Maintenance,Associate,Night,113492.03
247191,160875,Food & Beverage,Manager,Night,177892.7
247192,161055,Sales,Supervisor,Evening,156696.29
247193,160003,Front Office,Chef,Night,86108.68
247194,160490,Front Office,Supervisor,Morning,45248.8
247195,161984,Food & Beverage,Technician,Morning,143899.31
247196,161303,Sales,Chef,Night,67050.96
247197,161854,Front Office,Technician,Evening,135194.49
247198,160976,Maintenance,Associate,Evening,111996.63
247199,161824,Food & Beverage,Associate,Evening,70122.18
247200,160532,Front Office,Associate,Night,78012.08
247201,161604,Housekeeping,Supervisor,Morning,44899.79
247202,160768,Sales,Chef,Night,83495.84
247203,160296,Sales,Manager,Morning,173859.76
247204,160064,Housekeeping,Manager,Night,138838.18
247205,160402,Maintenance,Manager,Evening,132769.21
247206,160544,Sales,Technician,Morning,143174.0
247207,160904,Sales,Supervisor,Night,39180.13
247208,161429,Front Office,Associate,Night,114497.16
247209,161023,Food & Beverage,Associate,Night,94174.94
247210,161924,Food & Beverage,Executive,Morning,140224.65
247211,161992,Maintenance,Chef,Night,56206.95
247212,161715,Housekeeping,Technician,Morning,100434.88
247213,161090,Front Office,Supervisor,Evening,126008.67
247214,161201,Housekeeping,Technician,Evening,150136.41
247215,160227,Sales,Executive,Evening,165461.67
247216,161965,Food & Beverage,Chef,Morning,50108.03
247217,160435,Food & Beverage,Executive,Morning,91606.02
247218,161761,Housekeeping,Chef,Night,38547.11
247219,160359,Front Office,Supervisor,Night,93397.12
247220,161677,Maintenance,Supervisor,Evening,173635.24
247221,160480,Maintenance,Executive,Morning,63363.1
247222,160041,Maintenance,Technician,Evening,127087.74
247223,161175,Housekeeping,Executive,Evening,101868.75
247224,161648,Housekeeping,Supervisor,Night,176213.61
247225,161054,Sales,Technician,Night,169288.29
247226,161669,Front Office,Associate,Morning,143478.49
247227,161042,Food & Beverage,Supervisor,Evening,136761.43
247228,160537,Housekeeping,Associate,Night,85512.8
247229,161708,Food & Beverage,Associate,Evening,78901.42
247230,161173,Food & Beverage,Associate,Evening,70187.71
247231,160548,Housekeeping,Associate,Morning,97371.93
247232,160003,Front Office,Supervisor,Night,178142.14
247233,160536,Food & Beverage,Chef,Evening,54115.61
247234,160411,Food & Beverage,Chef,Evening,50205.17
247235,161215,Food & Beverage,Executive,Night,71896.27
247236,161638,Food & Beverage,Chef,Night,28759.86
247237,160630,Maintenance,Technician,Evening,178821.17
247238,161580,Housekeeping,Manager,Morning,21665.0
247239,160454,Housekeeping,Technician,Evening,149657.03
247240,160067,Maintenance,Chef,Evening,63661.39
247241,161023,Maintenance,Associate,Morning,118204.58
247242,160937,Housekeeping,Manager,Evening,88273.84
247243,161860,Maintenance,Chef,Night,131488.53
247244,160711,Food & Beverage,Associate,Evening,141780.49
247245,160088,Food & Beverage,Associate,Morning,25483.66
247246,160839,Front Office,Chef,Evening,23784.84
247247,160692,Food & Beverage,Supervisor,Night,54197.45
247248,161519,Maintenance,Technician,Morning,157282.94
247249,160867,Food & Beverage,Chef,Morning,97122.61
247250,161840,Housekeeping,Chef,Evening,85714.3
247251,160208,Housekeeping,Supervisor,Morning,79749.08
247252,161431,Front Office,Manager,Evening,112735.27
247253,160853,Front Office,Executive,Evening,31452.22
247254,161620,Food & Beverage,Manager,Morning,117943.26
247255,161627,Food & Beverage,Technician,Morning,177179.46
247256,161214,Sales,Executive,Night,152412.74
247257,161707,Housekeeping,Technician,Night,120058.71
247258,160505,Sales,Chef,Morning,96397.38
247259,160579,Maintenance,Manager,Night,96432.08
247260,160997,Housekeeping,Manager,Evening,169555.03
247261,161327,Front Office,Executive,Morning,34201.68
247262,160302,Front Office,Manager,Morning,146468.23
247263,160571,Front Office,Technician,Evening,76258.05
247264,160505,Sales,Associate,Night,64581.6
247265,160700,Front Office,Supervisor,Morning,173689.44
247266,161343,Front Office,Manager,Morning,98297.95
247267,160201,Maintenance,Associate,Evening,52094.99
247268,161616,Maintenance,Associate,Night,104665.08
247269,160157,Housekeeping,Supervisor,Morning,103562.76
247270,160949,Sales,Executive,Morning,99637.58
247271,160376,Sales,Executive,Night,42213.93
247272,161442,Food & Beverage,Supervisor,Night,162734.99
247273,160139,Food & Beverage,Chef,Evening,160176.18
247274,160487,Housekeeping,Chef,Morning,25514.3
247275,161271,Front Office,Chef,Night,66070.34
247276,160353,Front Office,Executive,Evening,133103.95
247277,160522,Housekeeping,Chef,Morning,102938.28
247278,161800,Front Office,Chef,Morning,135835.97
247279,161373,Maintenance,Executive,Evening,144745.5
247280,161955,Food & Beverage,Manager,Evening,74718.14
247281,160334,Housekeeping,Executive,Evening,167668.74
247282,161254,Food & Beverage,Technician,Night,130707.8
247283,160880,Sales,Executive,Evening,92192.46
247284,160835,Sales,Manager,Morning,97736.88
247285,160549,Maintenance,Supervisor,Evening,115552.57
247286,160220,Sales,Executive,Night,132748.8
247287,161244,Sales,Chef,Night,142577.03
247288,161191,Housekeeping,Manager,Morning,29951.65
247289,161308,Sales,Executive,Morning,61218.18
247290,160115,Food & Beverage,Technician,Evening,97476.7
247291,161849,Sales,Supervisor,Morning,105313.05
247292,161512,Front Office,Technician,Evening,135050.86
247293,160373,Housekeeping,Chef,Night,148933.86
247294,161401,Food & Beverage,Chef,Morning,129212.79
247295,160482,Food & Beverage,Supervisor,Morning,158033.7
247296,160234,Front Office,Manager,Evening,72445.91
247297,161465,Front Office,Manager,Evening,109179.55
247298,161443,Front Office,Associate,Night,87599.24
247299,160984,Front Office,Technician,Night,78429.06
247300,161851,Front Office,Technician,Morning,139095.6
247301,160121,Maintenance,Manager,Night,81450.16
247302,160260,Front Office,Technician,Night,71613.32
247303,161525,Front Office,Executive,Morning,117734.82
247304,161389,Sales,Manager,Night,146924.07
247305,160214,Housekeeping,Chef,Evening,92256.84
247306,160238,Sales,Manager,Morning,62202.98
247307,161875,Housekeeping,Chef,Morning,150662.79
247308,160597,Food & Beverage,Supervisor,Night,43114.57
247309,161178,Housekeeping,Manager,Evening,107195.82
247310,160128,Sales,Technician,Evening,161945.11
247311,160555,Front Office,Technician,Night,68631.05
247312,161939,Front Office,Technician,Evening,23630.44
247313,160465,Sales,Manager,Evening,68351.81
247314,161475,Food & Beverage,Associate,Morning,132986.05
247315,160933,Food & Beverage,Associate,Evening,103400.12
247316,161722,Housekeeping,Chef,Morning,45142.26
247317,160799,Front Office,Supervisor,Evening,133126.37
247318,160154,Food & Beverage,Chef,Night,71709.51
247319,160383,Food & Beverage,Chef,Evening,59979.63
247320,160583,Sales,Chef,Evening,135859.04
247321,160248,Housekeeping,Technician,Morning,67077.69
247322,160718,Housekeeping,Chef,Morning,175993.91
247323,161227,Housekeeping,Associate,Morning,43957.6
247324,161954,Maintenance,Associate,Evening,162164.67
247325,160892,Sales,Manager,Morning,129195.45
247326,160948,Food & Beverage,Chef,Evening,155389.82
247327,161097,Sales,Executive,Evening,75696.78
247328,160589,Housekeeping,Associate,Night,100687.74
247329,161811,Food & Beverage,Manager,Morning,125545.66
247330,161619,Food & Beverage,Manager,Night,36914.99
247331,161700,Maintenance,Executive,Evening,138297.95
247332,161848,Food & Beverage,Associate,Evening,94159.58
247333,160945,Maintenance,Executive,Morning,178160.14
247334,160781,Sales,Manager,Night,82276.19
247335,161871,Food & Beverage,Supervisor,Morning,70207.56
247336,160926,Front Office,Associate,Night,64190.09
247337,161037,Sales,Supervisor,Morning,89236.5
247338,161588,Housekeeping,Manager,Night,105740.1
247339,160893,Maintenance,Supervisor,Night,45921.77
247340,161791,Maintenance,Technician,Morning,99204.96
247341,160610,Housekeeping,Supervisor,Night,88901.84
247342,161654,Food & Beverage,Chef,Evening,157275.34
247343,160754,Front Office,Technician,Night,120304.7
247344,161449,Maintenance,Chef,Morning,161863.3
247345,161224,Housekeeping,Supervisor,Night,43214.25
247346,160909,Sales,Supervisor,Evening,107529.01
247347,161776,Sales,Technician,Night,107793.25
247348,160442,Sales,Chef,Night,53668.73
247349,161382,Housekeeping,Technician,Morning,140755.27
247350,161292,Front Office,Chef,Morning,110730.65
247351,161015,Housekeeping,Technician,Evening,40105.94
247352,161603,Sales,Chef,Evening,18305.17
247353,160259,Maintenance,Technician,Night,149503.09
247354,160185,Front Office,Associate,Morning,114359.46
247355,161209,Maintenance,Supervisor,Evening,80388.49
247356,161158,Food & Beverage,Technician,Evening,72564.43
247357,160129,Sales,Executive,Morning,141386.76
247358,161387,Food & Beverage,Manager,Evening,94270.94
247359,160701,Food & Beverage,Technician,Evening,150744.37
247360,161464,Food & Beverage,Executive,Evening,130572.86
247361,160999,Sales,Associate,Morning,171497.46
247362,161034,Food & Beverage,Executive,Evening,133460.46
247363,160047,Food & Beverage,Technician,Evening,158255.98
247364,160801,Maintenance,Chef,Evening,134332.65
247365,161452,Food & Beverage,Executive,Morning,103837.73
247366,160217,Sales,Manager,Night,33036.41
247367,161167,Housekeeping,Technician,Night,162293.72
247368,160178,Food & Beverage,Executive,Evening,173711.12
247369,161910,Sales,Chef,Night,171525.62
247370,160705,Sales,Manager,Evening,172876.89
247371,160177,Front Office,Technician,Morning,27036.41
247372,160843,Maintenance,Technician,Night,62097.56
247373,160872,Housekeeping,Technician,Evening,112397.1
247374,161382,Food & Beverage,Executive,Night,126834.49
247375,161623,Front Office,Supervisor,Evening,143769.94
247376,161302,Housekeeping,Associate,Evening,162926.38
247377,160403,Sales,Manager,Evening,50914.3
247378,160418,Food & Beverage,Manager,Evening,40612.76
247379,160588,Food & Beverage,Chef,Evening,43654.73
247380,161656,Maintenance,Manager,Evening,136563.08
247381,161480,Food & Beverage,Supervisor,Morning,156424.22
247382,161839,Housekeeping,Manager,Night,48144.68
247383,160065,Front Office,Executive,Night,163968.32
247384,160208,Food & Beverage,Executive,Evening,150646.52
247385,161564,Sales,Chef,Morning,94439.3
247386,161392,Food & Beverage,Manager,Morning,29482.45
247387,161084,Maintenance,Executive,Night,81388.76
247388,160353,Maintenance,Technician,Morning,90021.34
247389,160355,Front Office,Technician,Morning,129465.0
247390,161114,Sales,Manager,Evening,135433.87
247391,161842,Housekeeping,Chef,Evening,136367.07
247392,161486,Maintenance,Chef,Evening,21631.56
247393,161982,Maintenance,Chef,Morning,105458.71
247394,160778,Food & Beverage,Supervisor,Morning,125875.47
247395,161220,Sales,Supervisor,Morning,50943.83
247396,160504,Housekeeping,Manager,Evening,137401.73
247397,160470,Sales,Executive,Evening,39284.35
247398,160404,Housekeeping,Supervisor,Morning,163348.58
247399,161406,Front Office,Manager,Night,88161.25
247400,160198,Front Office,Associate,Night,106081.72
247401,161046,Front Office,Supervisor,Morning,136192.65
247402,160741,Maintenance,Manager,Morning,52108.35
247403,160471,Maintenance,Manager,Night,75995.3
247404,161756,Housekeeping,Chef,Night,49695.69
247405,161867,Food & Beverage,Executive,Night,45153.8
247406,160908,Maintenance,Executive,Night,60206.71
247407,161826,Sales,Manager,Morning,22391.11
247408,160232,Maintenance,Technician,Morning,104399.86
247409,160003,Maintenance,Associate,Evening,49605.8
247410,160906,Sales,Associate,Night,42574.97
247411,160006,Food & Beverage,Executive,Night,144381.52
247412,161260,Sales,Associate,Evening,127945.31
247413,160975,Front Office,Supervisor,Evening,148067.15
247414,161164,Food & Beverage,Chef,Night,20832.21
247415,161564,Sales,Supervisor,Night,151008.05
247416,160224,Maintenance,Supervisor,Evening,87780.55
247417,160756,Front Office,Executive,Night,150881.22
247418,161138,Housekeeping,Executive,Morning,158197.68
247419,160529,Front Office,Executive,Morning,48514.38
247420,160423,Maintenance,Supervisor,Night,133214.51
247421,160238,Maintenance,Supervisor,Night,177859.62
247422,160864,Food & Beverage,Associate,Night,88451.37
247423,161678,Housekeeping,Associate,Morning,109914.25
247424,160824,Front Office,Chef,Evening,164651.14
247425,161434,Housekeeping,Associate,Night,25772.48
247426,161993,Housekeeping,Technician,Morning,115035.92
247427,160577,Maintenance,Technician,Morning,158487.86
247428,161822,Sales,Chef,Night,54618.16
247429,160525,Housekeeping,Technician,Night,26234.09
247430,161292,Sales,Executive,Evening,96223.94
247431,160476,Food & Beverage,Executive,Evening,45086.46
247432,161215,Maintenance,Manager,Morning,72864.8
247433,161496,Front Office,Associate,Evening,38792.22
247434,161590,Food & Beverage,Associate,Evening,59883.14
247435,160315,Front Office,Manager,Morning,159178.65
247436,160343,Front Office,Supervisor,Night,134791.23
247437,160153,Front Office,Chef,Night,31389.95
247438,161673,Sales,Chef,Night,143260.21
247439,160521,Food & Beverage,Associate,Morning,102601.87
247440,160003,Housekeeping,Associate,Evening,125065.42
247441,161415,Food & Beverage,Executive,Morning,130198.22
247442,161968,Front Office,Manager,Night,34968.8
247443,160387,Front Office,Manager,Night,97021.3
247444,160931,Maintenance,Technician,Evening,143320.6
247445,161348,Sales,Executive,Evening,58663.74
247446,160896,Sales,Chef,Morning,20205.86
247447,161773,Front Office,Chef,Morning,139918.24
247448,160527,Front Office,Associate,Evening,100933.57
247449,160535,Sales,Technician,Morning,66319.85
247450,161331,Sales,Associate,Night,176263.86
247451,161907,Maintenance,Supervisor,Evening,167130.36
247452,160840,Maintenance,Associate,Evening,86510.33
247453,160426,Housekeeping,Manager,Evening,52521.14
247454,161598,Sales,Supervisor,Morning,128135.4
247455,160985,Maintenance,Executive,Evening,61200.64
247456,160049,Housekeeping,Technician,Night,23650.37
247457,160296,Food & Beverage,Technician,Night,73877.39
247458,161547,Housekeeping,Executive,Evening,68205.25
247459,160092,Food & Beverage,Manager,Morning,122214.63
247460,161176,Sales,Supervisor,Morning,93217.78
247461,160060,Maintenance,Supervisor,Morning,168235.29
247462,161959,Sales,Chef,Night,97282.74
247463,160902,Food & Beverage,Chef,Evening,102419.29
247464,160291,Sales,Technician,Night,46658.72
247465,161763,Food & Beverage,Supervisor,Morning,29683.52
247466,160728,Food & Beverage,Associate,Night,109132.49
247467,160947,Sales,Technician,Evening,18344.51
247468,160010,Housekeeping,Technician,Night,144020.61
247469,160737,Sales,Associate,Evening,126618.23
247470,161281,Sales,Chef,Evening,100458.04
247471,160835,Sales,Supervisor,Morning,59640.71
247472,160490,Maintenance,Supervisor,Evening,135936.68
247473,160439,Food & Beverage,Executive,Morning,53651.75
247474,161234,Maintenance,Executive,Night,120166.36
247475,161935,Maintenance,Executive,Night,128926.08
247476,161358,Maintenance,Associate,Night,76088.81
247477,161906,Food & Beverage,Chef,Night,143691.54
247478,161653,Maintenance,Executive,Morning,73557.29
247479,160415,Maintenance,Executive,Night,51154.16
247480,160238,Housekeeping,Technician,Night,134770.01
247481,160899,Sales,Technician,Night,176575.02
247482,160431,Front Office,Executive,Morning,128370.21
247483,161420,Housekeeping,Chef,Evening,149522.4
247484,160111,Front Office,Supervisor,Evening,72916.52
247485,160586,Housekeeping,Executive,Morning,71800.48
247486,161392,Food & Beverage,Associate,Night,149458.3
247487,160464,Maintenance,Supervisor,Evening,108975.96
247488,161142,Front Office,Associate,Evening,20926.11
247489,160449,Housekeeping,Executive,Evening,155258.24
247490,160572,Food & Beverage,Associate,Evening,38122.69
247491,161656,Front Office,Associate,Evening,30778.79
247492,161132,Food & Beverage,Manager,Evening,18961.29
247493,160744,Front Office,Supervisor,Morning,91789.64
247494,160495,Maintenance,Manager,Morning,23819.32
247495,161341,Housekeeping,Manager,Evening,143028.43
247496,160526,Food & Beverage,Associate,Evening,118841.06
247497,160297,Housekeeping,Associate,Morning,176262.15
247498,161212,Maintenance,Associate,Evening,78839.52
247499,161846,Food & Beverage,Technician,Evening,43280.22
247500,160741,Sales,Executive,Morning,173505.68
247501,160164,Housekeeping,Manager,Evening,60555.52
247502,160587,Sales,Chef,Morning,157833.23
247503,161844,Maintenance,Technician,Evening,170115.87
247504,160138,Sales,Manager,Night,144799.7
247505,161054,Food & Beverage,Executive,Evening,168926.65
247506,161620,Maintenance,Chef,Morning,149860.36
247507,160671,Food & Beverage,Technician,Night,78673.48
247508,160306,Housekeeping,Technician,Night,85953.04
247509,160960,Sales,Technician,Evening,68914.54
247510,160465,Front Office,Executive,Night,155988.84
247511,160868,Housekeeping,Associate,Night,173478.18
247512,161639,Front Office,Manager,Morning,153674.56
247513,160988,Food & Beverage,Chef,Evening,173986.23
247514,161704,Housekeeping,Supervisor,Evening,40694.79
247515,161024,Housekeeping,Supervisor,Night,167617.51
247516,161185,Sales,Associate,Night,179974.02
247517,161382,Food & Beverage,Manager,Evening,98883.38
247518,161695,Front Office,Associate,Morning,165014.78
247519,161104,Housekeeping,Manager,Morning,33701.52
247520,161612,Maintenance,Technician,Evening,150940.39
247521,160147,Food & Beverage,Manager,Night,25100.88
247522,161784,Front Office,Associate,Morning,122097.02
247523,161714,Maintenance,Technician,Night,79848.24
247524,161437,Sales,Supervisor,Night,88534.19
247525,160105,Food & Beverage,Associate,Evening,48261.92
247526,161996,Sales,Manager,Night,125516.74
247527,160013,Housekeeping,Executive,Night,40783.99
247528,160413,Housekeeping,Associate,Morning,53511.53
247529,161421,Sales,Executive,Morning,87773.07
247530,161744,Sales,Executive,Morning,28099.5
247531,160779,Sales,Associate,Morning,177025.76
247532,160018,Maintenance,Technician,Night,58209.74
247533,160388,Food & Beverage,Executive,Night,138262.94
247534,160789,Housekeeping,Associate,Night,170432.36
247535,161197,Maintenance,Associate,Night,141814.29
247536,161680,Housekeeping,Supervisor,Evening,145764.11
247537,160274,Sales,Supervisor,Morning,175007.04
247538,161625,Sales,Associate,Night,123343.51
247539,160402,Maintenance,Technician,Evening,129854.82
247540,160677,Housekeeping,Chef,Morning,100304.0
247541,161274,Front Office,Chef,Morning,30276.53
247542,161802,Food & Beverage,Executive,Evening,63409.53
247543,160834,Front Office,Technician,Evening,99830.18
247544,160313,Sales,Associate,Evening,172975.81
247545,161122,Housekeeping,Supervisor,Night,45340.93
247546,161336,Housekeeping,Technician,Morning,41296.86
247547,160969,Food & Beverage,Manager,Morning,155127.19
247548,160026,Maintenance,Executive,Night,152853.55
247549,160031,Food & Beverage,Supervisor,Evening,95868.44
247550,161397,Front Office,Supervisor,Evening,148835.46
247551,160090,Maintenance,Chef,Evening,36223.32
247552,160724,Front Office,Technician,Morning,154479.02
247553,161738,Maintenance,Manager,Night,156031.52
247554,160869,Maintenance,Manager,Evening,55968.82
247555,161700,Maintenance,Supervisor,Morning,30792.7
247556,160735,Housekeeping,Supervisor,Night,159406.5
247557,161041,Maintenance,Manager,Evening,104954.57
247558,160298,Sales,Associate,Evening,150248.79
247559,161079,Food & Beverage,Associate,Evening,133286.13
247560,161634,Food & Beverage,Executive,Morning,162566.88
247561,161839,Sales,Associate,Morning,78595.47
247562,161205,Maintenance,Chef,Night,45244.0
247563,160996,Maintenance,Associate,Night,123719.57
247564,160559,Housekeeping,Technician,Morning,159995.03
247565,161736,Front Office,Executive,Morning,149903.16
247566,161154,Front Office,Associate,Night,104253.3
247567,161720,Maintenance,Manager,Evening,138541.22
247568,160382,Housekeeping,Executive,Evening,100624.31
247569,160816,Maintenance,Associate,Evening,135118.37
247570,161027,Sales,Chef,Night,34870.08
247571,161750,Sales,Technician,Morning,130093.87
247572,161581,Maintenance,Supervisor,Morning,146321.58
247573,160762,Maintenance,Manager,Morning,42117.31
247574,161172,Front Office,Executive,Night,89209.7
247575,161731,Food & Beverage,Manager,Night,154702.13
247576,161481,Food & Beverage,Executive,Morning,68558.06
247577,161144,Sales,Manager,Morning,131762.56
247578,160191,Front Office,Technician,Evening,45078.23
247579,160014,Food & Beverage,Technician,Night,73228.96
247580,160145,Front Office,Chef,Morning,120634.58
247581,160189,Sales,Technician,Evening,170218.48
247582,161135,Housekeeping,Supervisor,Night,134003.14
247583,161437,Front Office,Associate,Morning,136706.47
247584,160485,Housekeeping,Associate,Evening,103528.74
247585,161624,Maintenance,Chef,Night,101183.78
247586,160154,Front Office,Supervisor,Morning,22935.5
247587,160356,Front Office,Supervisor,Night,54419.13
247588,161084,Housekeeping,Manager,Morning,83762.54
247589,160511,Maintenance,Executive,Morning,104095.78
247590,160534,Maintenance,Associate,Night,135454.66
247591,160672,Maintenance,Executive,Evening,126851.11
247592,161660,Food & Beverage,Chef,Night,64177.98
247593,160861,Maintenance,Chef,Evening,178760.01
247594,160270,Sales,Manager,Evening,95797.83
247595,161430,Sales,Supervisor,Morning,136000.72
247596,161300,Housekeeping,Chef,Night,138702.52
247597,161298,Maintenance,Associate,Night,92597.15
247598,160668,Food & Beverage,Associate,Night,143238.16
247599,160091,Sales,Manager,Evening,52929.23
247600,161403,Food & Beverage,Associate,Night,93620.83
247601,160352,Housekeeping,Manager,Night,77247.04
247602,160855,Housekeeping,Technician,Morning,31644.34
247603,160588,Sales,Associate,Night,62704.66
247604,161720,Front Office,Chef,Morning,23930.85
247605,160817,Food & Beverage,Associate,Evening,67928.47
247606,160482,Food & Beverage,Manager,Morning,121745.53
247607,160300,Maintenance,Executive,Night,134993.31
247608,161213,Sales,Executive,Morning,46062.58
247609,161957,Sales,Associate,Morning,133285.48
247610,161682,Maintenance,Technician,Evening,43786.23
247611,160811,Front Office,Supervisor,Night,106675.8
247612,160085,Maintenance,Supervisor,Night,30582.08
247613,161453,Maintenance,Associate,Morning,159219.71
247614,160733,Front Office,Associate,Evening,117950.39
247615,161238,Sales,Associate,Morning,90132.18
247616,160239,Food & Beverage,Supervisor,Morning,108512.49
247617,161794,Front Office,Associate,Night,36074.03
247618,161709,Housekeeping,Associate,Night,160926.16
247619,160874,Maintenance,Technician,Night,170153.94
247620,161271,Front Office,Chef,Evening,151427.75
247621,161330,Front Office,Chef,Morning,179619.85
247622,160662,Housekeeping,Supervisor,Morning,49009.02
247623,161545,Housekeeping,Executive,Morning,147616.04
247624,161569,Housekeeping,Chef,Morning,64801.14
247625,160349,Maintenance,Supervisor,Morning,169162.42
247626,160387,Food & Beverage,Executive,Night,97701.97
247627,160642,Housekeeping,Supervisor,Night,159546.07
247628,161904,Housekeeping,Technician,Night,138273.34
247629,160399,Housekeeping,Executive,Night,101690.24
247630,161852,Food & Beverage,Manager,Night,115672.22
247631,161309,Maintenance,Associate,Night,36701.01
247632,161447,Front Office,Executive,Evening,72778.66
247633,160058,Front Office,Associate,Night,97080.02
247634,160680,Sales,Manager,Evening,158637.54
247635,160539,Sales,Technician,Night,146829.34
247636,160033,Front Office,Technician,Evening,113677.43
247637,160165,Food & Beverage,Technician,Night,49740.47
247638,160214,Food & Beverage,Technician,Morning,119620.29
247639,160999,Front Office,Supervisor,Evening,161962.75
247640,160842,Maintenance,Associate,Night,162055.52
247641,160858,Housekeeping,Chef,Morning,128399.54
247642,160841,Sales,Executive,Night,162635.29
247643,161818,Front Office,Supervisor,Morning,105248.17
247644,162000,Front Office,Supervisor,Evening,20192.94
247645,161358,Front Office,Manager,Morning,19615.1
247646,161163,Maintenance,Chef,Night,85790.9
247647,160604,Food & Beverage,Chef,Evening,152469.91
247648,160772,Maintenance,Supervisor,Evening,43751.63
247649,160726,Sales,Supervisor,Morning,121348.77
247650,160817,Sales,Associate,Morning,74459.81
247651,160666,Food & Beverage,Executive,Evening,87376.27
247652,160784,Front Office,Supervisor,Night,91599.83
247653,161884,Sales,Chef,Night,75840.52
247654,161200,Maintenance,Supervisor,Evening,146058.16
247655,160212,Housekeeping,Supervisor,Morning,158623.3
247656,161385,Food & Beverage,Associate,Evening,95139.61
247657,161141,Maintenance,Supervisor,Evening,138693.85
247658,161682,Maintenance,Executive,Morning,32218.62
247659,161522,Sales,Supervisor,Morning,141429.83
247660,161038,Sales,Chef,Night,157979.73
247661,161442,Housekeeping,Executive,Night,174625.5
247662,161040,Front Office,Executive,Evening,62657.44
247663,161278,Food & Beverage,Chef,Morning,120946.86
247664,160064,Food & Beverage,Technician,Evening,19941.02
247665,160301,Food & Beverage,Manager,Morning,173464.44
247666,161308,Front Office,Supervisor,Morning,100471.71
247667,161001,Front Office,Supervisor,Morning,129588.86
247668,160729,Front Office,Manager,Evening,22345.23
247669,161480,Food & Beverage,Technician,Morning,132782.95
247670,161691,Sales,Executive,Evening,26961.96
247671,161511,Front Office,Chef,Morning,29953.14
247672,161061,Front Office,Associate,Evening,147151.04
247673,160381,Food & Beverage,Technician,Evening,24111.41
247674,161722,Food & Beverage,Associate,Evening,79156.43
247675,161486,Housekeeping,Associate,Night,173729.84
247676,160202,Front Office,Manager,Morning,54520.44
247677,161372,Sales,Associate,Morning,81506.77
247678,161125,Maintenance,Executive,Morning,128886.41
247679,160593,Housekeeping,Chef,Morning,62909.81
247680,161906,Maintenance,Executive,Night,157219.59
247681,161160,Food & Beverage,Executive,Evening,52217.17
247682,160300,Sales,Technician,Morning,119240.03
247683,160286,Food & Beverage,Chef,Morning,86866.88
247684,160883,Maintenance,Supervisor,Morning,73912.9
247685,161173,Food & Beverage,Supervisor,Evening,61784.04
247686,161779,Front Office,Associate,Evening,120004.86
247687,160348,Front Office,Supervisor,Evening,122436.19
247688,160220,Housekeeping,Supervisor,Night,166792.95
247689,161814,Maintenance,Executive,Night,77109.96
247690,161615,Sales,Technician,Night,122795.78
247691,161492,Housekeeping,Associate,Night,42774.26
247692,161030,Maintenance,Chef,Morning,64213.5
247693,161969,Sales,Technician,Morning,53110.07
247694,160894,Sales,Manager,Night,76825.86
247695,161531,Front Office,Chef,Morning,59765.27
247696,161771,Food & Beverage,Technician,Evening,103458.37
247697,161354,Sales,Executive,Evening,153266.23
247698,160895,Front Office,Technician,Night,99859.43
247699,161205,Sales,Associate,Night,64171.04
247700,160406,Housekeeping,Technician,Evening,127535.2
247701,160237,Front Office,Chef,Morning,72761.01
247702,160376,Food & Beverage,Executive,Evening,77512.84
247703,161651,Front Office,Executive,Morning,68889.47
247704,161059,Food & Beverage,Chef,Morning,23591.01
247705,161970,Sales,Executive,Morning,51534.94
247706,161774,Maintenance,Technician,Morning,179478.2
247707,160305,Maintenance,Associate,Night,36119.08
247708,161754,Front Office,Supervisor,Morning,133694.06
247709,161945,Front Office,Executive,Evening,171040.1
247710,160400,Maintenance,Chef,Morning,87676.28
247711,161574,Sales,Technician,Morning,137768.41
247712,161315,Housekeeping,Supervisor,Morning,153009.82
247713,161108,Housekeeping,Chef,Evening,125108.53
247714,160010,Housekeeping,Executive,Night,53683.59
247715,160564,Maintenance,Technician,Evening,156358.2
247716,161337,Housekeeping,Supervisor,Morning,30246.11
247717,161664,Housekeeping,Technician,Evening,159444.81
247718,161370,Sales,Technician,Morning,26154.87
247719,160755,Front Office,Executive,Night,142202.86
247720,160255,Maintenance,Manager,Evening,99032.35
247721,160882,Front Office,Chef,Morning,54696.39
247722,161289,Maintenance,Associate,Morning,144665.65
247723,160694,Housekeeping,Associate,Morning,69301.71
247724,161319,Food & Beverage,Technician,Evening,49207.97
247725,161391,Sales,Manager,Evening,71750.88
247726,161009,Maintenance,Associate,Evening,78133.69
247727,161799,Sales,Associate,Night,132408.75
247728,160379,Housekeeping,Manager,Night,20829.2
247729,161724,Housekeeping,Manager,Night,149688.37
247730,160880,Housekeeping,Supervisor,Morning,130908.9
247731,161827,Housekeeping,Supervisor,Morning,155853.79
247732,161700,Maintenance,Manager,Night,174439.91
247733,161639,Food & Beverage,Associate,Evening,24312.46
247734,160675,Housekeeping,Chef,Night,19835.53
247735,161454,Housekeeping,Technician,Night,53723.71
247736,161665,Housekeeping,Associate,Night,50414.84
247737,160676,Food & Beverage,Technician,Morning,98414.06
247738,161116,Maintenance,Chef,Night,142088.99
247739,160281,Food & Beverage,Executive,Morning,30798.46
247740,160346,Food & Beverage,Chef,Night,68644.87
247741,160277,Food & Beverage,Executive,Night,160570.56
247742,161914,Food & Beverage,Manager,Night,156242.35
247743,160770,Housekeeping,Supervisor,Evening,26778.62
247744,161804,Sales,Supervisor,Evening,169739.76
247745,161317,Housekeeping,Technician,Morning,178847.43
247746,161519,Sales,Associate,Evening,133754.18
247747,160560,Front Office,Chef,Night,176025.98
247748,160946,Maintenance,Technician,Night,106352.08
247749,160078,Maintenance,Supervisor,Morning,153295.33
247750,160150,Sales,Technician,Morning,102305.38
247751,161668,Food & Beverage,Technician,Evening,30237.72
247752,160072,Maintenance,Associate,Night,118775.13
247753,160897,Housekeeping,Technician,Morning,23157.69
247754,161334,Food & Beverage,Supervisor,Morning,92939.41
247755,161379,Food & Beverage,Chef,Evening,84271.32
247756,160726,Front Office,Associate,Evening,167903.42
247757,160472,Sales,Executive,Evening,45846.43
247758,160801,Sales,Technician,Evening,94071.42
247759,161808,Housekeeping,Supervisor,Morning,136996.97
247760,160904,Food & Beverage,Chef,Evening,73168.1
247761,160787,Front Office,Technician,Morning,112787.15
247762,161053,Food & Beverage,Technician,Evening,106001.86
247763,160410,Food & Beverage,Manager,Night,151269.68
247764,160276,Maintenance,Executive,Morning,155924.6
247765,160422,Maintenance,Associate,Morning,117728.63
247766,161258,Maintenance,Technician,Evening,163798.96
247767,160151,Front Office,Executive,Evening,105863.8
247768,160009,Maintenance,Manager,Night,44576.39
247769,160611,Housekeeping,Manager,Morning,74016.99
247770,161883,Sales,Manager,Morning,37129.67
247771,161697,Maintenance,Supervisor,Morning,131538.65
247772,160058,Front Office,Executive,Night,78123.03
247773,161490,Food & Beverage,Associate,Night,71432.25
247774,160334,Food & Beverage,Chef,Evening,131623.93
247775,160040,Food & Beverage,Supervisor,Evening,150947.88
247776,160900,Sales,Technician,Night,154318.29
247777,161762,Maintenance,Manager,Morning,113707.44
247778,160057,Sales,Supervisor,Morning,128160.17
247779,160660,Front Office,Supervisor,Night,145643.52
247780,160193,Sales,Executive,Night,114113.05
247781,160721,Front Office,Manager,Night,98582.86
247782,160324,Front Office,Executive,Night,152814.36
247783,160471,Front Office,Chef,Night,47726.12
247784,161215,Front Office,Executive,Morning,29197.53
247785,161081,Front Office,Technician,Night,121645.59
247786,160122,Housekeeping,Executive,Night,93646.42
247787,160326,Maintenance,Associate,Evening,160758.53
247788,160926,Front Office,Executive,Morning,112990.98
247789,160291,Food & Beverage,Executive,Evening,175138.68
247790,161912,Sales,Technician,Night,26234.77
247791,161599,Maintenance,Chef,Evening,178690.45
247792,161053,Food & Beverage,Associate,Night,94073.28
247793,160513,Front Office,Chef,Night,54375.13
247794,161002,Front Office,Chef,Morning,27302.44
247795,160633,Housekeeping,Technician,Evening,179497.27
247796,160917,Food & Beverage,Technician,Night,162658.86
247797,160795,Sales,Executive,Morning,100053.8
247798,161964,Sales,Manager,Evening,158869.44
247799,161606,Housekeeping,Chef,Evening,74733.56
247800,161455,Food & Beverage,Supervisor,Night,33584.04
247801,160974,Food & Beverage,Manager,Evening,152635.99
247802,160458,Food & Beverage,Executive,Evening,126757.21
247803,160070,Housekeeping,Chef,Evening,143435.81
247804,161886,Sales,Supervisor,Evening,122008.64
247805,161634,Food & Beverage,Chef,Evening,77097.95
247806,161401,Food & Beverage,Chef,Night,99834.99
247807,160130,Maintenance,Technician,Morning,152576.14
247808,161243,Front Office,Supervisor,Morning,55522.96
247809,160073,Housekeeping,Manager,Evening,63354.91
247810,160561,Sales,Supervisor,Night,96873.28
247811,160342,Housekeeping,Supervisor,Night,167319.56
247812,160697,Maintenance,Manager,Night,18212.11
247813,160312,Front Office,Chef,Night,61933.43
247814,161287,Food & Beverage,Supervisor,Morning,63978.69
247815,161869,Food & Beverage,Executive,Night,99369.58
247816,160358,Housekeeping,Executive,Morning,98669.56
247817,161227,Maintenance,Associate,Night,109594.13
247818,161956,Maintenance,Chef,Night,142662.57
247819,161017,Sales,Associate,Night,63995.47
247820,160176,Sales,Chef,Evening,119308.89
247821,160705,Front Office,Technician,Morning,153758.01
247822,161292,Sales,Manager,Evening,151888.62
247823,160085,Housekeeping,Chef,Night,63515.53
247824,160887,Maintenance,Chef,Night,150840.18
247825,161664,Front Office,Technician,Morning,99420.79
247826,160455,Front Office,Manager,Morning,29653.33
247827,161347,Housekeeping,Technician,Evening,107393.36
247828,161971,Front Office,Executive,Evening,66934.2
247829,160402,Front Office,Chef,Evening,140857.8
247830,160239,Sales,Manager,Evening,83244.32
247831,160371,Housekeeping,Associate,Night,60589.16
247832,161971,Sales,Associate,Evening,23311.86
247833,160429,Front Office,Supervisor,Night,102007.24
247834,161348,Sales,Supervisor,Evening,128023.33
247835,160059,Maintenance,Associate,Night,97910.27
247836,161741,Maintenance,Executive,Morning,89018.52
247837,161367,Front Office,Technician,Night,69107.46
247838,161986,Housekeeping,Executive,Night,123426.71
247839,161050,Housekeeping,Supervisor,Night,18608.36
247840,161020,Housekeeping,Chef,Evening,56483.85
247841,161808,Food & Beverage,Supervisor,Evening,67482.4
247842,161650,Food & Beverage,Associate,Night,125492.17
247843,160457,Maintenance,Chef,Morning,153661.33
247844,161480,Sales,Manager,Night,46970.18
247845,161976,Food & Beverage,Executive,Night,55441.27
247846,161968,Front Office,Executive,Morning,153559.59
247847,161850,Front Office,Executive,Night,54667.79
247848,161463,Sales,Chef,Morning,152067.72
247849,160454,Front Office,Chef,Night,28274.81
247850,161350,Housekeeping,Associate,Evening,61135.68
247851,161804,Sales,Supervisor,Evening,139642.58
247852,161365,Housekeeping,Associate,Morning,89364.37
247853,160436,Housekeeping,Supervisor,Evening,159283.34
247854,161447,Sales,Technician,Morning,95430.83
247855,161476,Housekeeping,Chef,Night,40788.35
247856,160665,Maintenance,Associate,Night,96862.21
247857,160491,Sales,Technician,Morning,115159.13
247858,160237,Front Office,Chef,Evening,47893.36
247859,161350,Front Office,Executive,Evening,45694.67
247860,161489,Front Office,Executive,Morning,94037.96
247861,161365,Maintenance,Executive,Evening,86192.76
247862,161890,Sales,Manager,Morning,134832.45
247863,161694,Maintenance,Technician,Morning,143003.38
247864,161917,Housekeeping,Technician,Evening,90978.68
247865,161824,Housekeeping,Chef,Evening,79478.41
247866,161153,Front Office,Supervisor,Night,76519.54
247867,161834,Food & Beverage,Associate,Morning,111287.07
247868,160987,Sales,Chef,Morning,117851.51
247869,160178,Sales,Associate,Night,29815.3
247870,161963,Front Office,Manager,Night,86290.05
247871,160403,Maintenance,Chef,Morning,175000.83
247872,161625,Front Office,Manager,Evening,41322.72
247873,161016,Housekeeping,Supervisor,Morning,173509.83
247874,161872,Housekeeping,Technician,Morning,144564.65
247875,161001,Sales,Technician,Morning,165419.54
247876,160885,Front Office,Executive,Evening,65114.0
247877,160177,Maintenance,Associate,Evening,37392.45
247878,161818,Front Office,Manager,Morning,61353.21
247879,160631,Housekeeping,Executive,Morning,133367.49
247880,160542,Housekeeping,Chef,Night,164529.05
247881,161734,Maintenance,Chef,Morning,97656.76
247882,160059,Housekeeping,Executive,Morning,147392.5
247883,160736,Food & Beverage,Associate,Evening,113155.8
247884,161716,Front Office,Technician,Night,65574.54
247885,161008,Maintenance,Associate,Evening,32093.15
247886,161200,Maintenance,Supervisor,Morning,70729.68
247887,160064,Housekeeping,Technician,Night,169606.65
247888,161491,Food & Beverage,Executive,Evening,133764.0
247889,160064,Housekeeping,Associate,Night,61610.18
247890,160499,Maintenance,Manager,Night,143845.47
247891,161352,Sales,Executive,Evening,86551.2
247892,161998,Front Office,Associate,Evening,157359.46
247893,160859,Maintenance,Supervisor,Night,155948.39
247894,160132,Maintenance,Supervisor,Evening,164139.89
247895,160808,Food & Beverage,Manager,Morning,147795.1
247896,160276,Housekeeping,Technician,Evening,170975.47
247897,161794,Sales,Supervisor,Night,81071.18
247898,161182,Food & Beverage,Executive,Morning,152525.14
247899,160523,Maintenance,Associate,Night,164681.56
247900,161676,Housekeeping,Associate,Morning,99856.65
247901,160749,Food & Beverage,Supervisor,Morning,150834.05
247902,161905,Housekeeping,Chef,Evening,135455.75
247903,160340,Maintenance,Manager,Morning,150657.21
247904,161558,Front Office,Chef,Morning,72369.32
247905,161800,Maintenance,Manager,Evening,85668.19
247906,161392,Food & Beverage,Executive,Evening,124846.17
247907,160184,Food & Beverage,Associate,Morning,137798.2
247908,160023,Front Office,Technician,Morning,105613.09
247909,161030,Front Office,Supervisor,Night,98978.75
247910,161280,Front Office,Supervisor,Evening,45999.94
247911,160703,Sales,Manager,Morning,130490.25
247912,160146,Food & Beverage,Technician,Evening,122494.63
247913,160799,Housekeeping,Executive,Morning,72806.42
247914,160108,Food & Beverage,Executive,Evening,162035.97
247915,161924,Food & Beverage,Associate,Morning,108352.02
247916,161357,Sales,Associate,Morning,41657.75
247917,161331,Maintenance,Executive,Morning,60860.4
247918,161493,Maintenance,Chef,Morning,106476.53
247919,160053,Maintenance,Technician,Morning,134174.51
247920,161334,Food & Beverage,Technician,Night,178262.58
247921,160029,Front Office,Associate,Night,165568.88
247922,161290,Housekeeping,Manager,Morning,171911.73
247923,160177,Sales,Associate,Night,161488.43
247924,160991,Maintenance,Chef,Morning,40510.49
247925,160507,Housekeeping,Technician,Morning,30868.05
247926,160775,Sales,Associate,Morning,161770.71
247927,160470,Food & Beverage,Manager,Night,29947.55
247928,160410,Front Office,Manager,Evening,144321.8
247929,161387,Sales,Chef,Morning,52433.02
247930,160326,Food & Beverage,Executive,Evening,124063.49
247931,161358,Housekeeping,Supervisor,Night,30320.96
247932,160537,Sales,Technician,Evening,132213.26
247933,160023,Sales,Executive,Morning,130080.83
247934,161800,Maintenance,Manager,Evening,95354.62
247935,161858,Maintenance,Chef,Evening,19521.62
247936,161438,Housekeeping,Technician,Evening,87051.74
247937,161922,Maintenance,Technician,Night,21005.65
247938,161256,Maintenance,Supervisor,Morning,26616.18
247939,160091,Maintenance,Associate,Morning,35535.36
247940,161615,Food & Beverage,Associate,Evening,162624.84
247941,160061,Front Office,Executive,Evening,55706.91
247942,161763,Food & Beverage,Manager,Night,132012.69
247943,161555,Sales,Technician,Morning,165161.05
247944,160268,Maintenance,Executive,Morning,103951.71
247945,160273,Maintenance,Supervisor,Evening,178862.15
247946,161478,Maintenance,Chef,Evening,161665.82
247947,161909,Sales,Associate,Morning,26240.74
247948,161749,Sales,Manager,Night,145494.03
247949,160921,Sales,Executive,Night,36114.35
247950,160268,Sales,Technician,Night,27778.64
247951,161525,Maintenance,Supervisor,Morning,93136.55
247952,161889,Sales,Executive,Morning,102168.92
247953,160010,Housekeeping,Associate,Morning,46447.12
247954,160132,Front Office,Supervisor,Evening,128958.43
247955,161661,Sales,Supervisor,Night,142234.62
247956,161413,Food & Beverage,Technician,Night,152884.18
247957,160413,Housekeeping,Technician,Night,105146.17
247958,160952,Housekeeping,Executive,Evening,107585.61
247959,161302,Sales,Manager,Morning,111587.82
247960,161225,Maintenance,Executive,Night,68510.86
247961,160611,Housekeeping,Supervisor,Evening,158339.32
247962,160381,Front Office,Supervisor,Night,75353.46
247963,161546,Maintenance,Chef,Morning,131217.56
247964,160021,Housekeeping,Manager,Morning,107970.56
247965,161270,Maintenance,Technician,Morning,44270.92
247966,160084,Food & Beverage,Technician,Night,85006.39
247967,160010,Front Office,Chef,Morning,101840.05
247968,161801,Maintenance,Supervisor,Morning,118768.72
247969,160823,Housekeeping,Supervisor,Evening,29830.49
247970,161776,Front Office,Manager,Night,50790.11
247971,161840,Sales,Technician,Night,100414.61
247972,161457,Front Office,Associate,Evening,82988.76
247973,160025,Front Office,Technician,Morning,126628.83
247974,160492,Maintenance,Chef,Morning,57184.11
247975,161440,Maintenance,Associate,Morning,173418.49
247976,160506,Front Office,Technician,Morning,146991.06
247977,160611,Maintenance,Supervisor,Evening,177682.7
247978,160926,Front Office,Supervisor,Morning,75857.25
247979,161005,Sales,Chef,Night,45554.33
247980,160297,Housekeeping,Technician,Morning,66085.22
247981,160476,Food & Beverage,Chef,Night,81247.29
247982,161734,Food & Beverage,Executive,Evening,32086.45
247983,161938,Sales,Associate,Night,176906.09
247984,160155,Housekeeping,Supervisor,Night,119424.89
247985,160053,Sales,Manager,Night,172250.37
247986,160015,Housekeeping,Associate,Night,44016.8
247987,160733,Maintenance,Associate,Evening,83962.01
247988,161218,Maintenance,Chef,Night,153795.98
247989,161362,Housekeeping,Technician,Night,158566.16
247990,160892,Housekeeping,Technician,Morning,22250.7
247991,160450,Maintenance,Chef,Night,75740.64
247992,160370,Food & Beverage,Associate,Morning,170128.12
247993,161395,Housekeeping,Supervisor,Morning,47286.67
247994,160700,Sales,Executive,Morning,110072.98
247995,160897,Housekeeping,Supervisor,Evening,102975.65
247996,161629,Front Office,Technician,Morning,119927.05
247997,161539,Front Office,Associate,Night,166465.45
247998,161386,Food & Beverage,Manager,Morning,173998.46
247999,161850,Maintenance,Manager,Evening,27998.91
248000,160400,Maintenance,Chef,Night,23712.14
248001,160706,Food & Beverage,Chef,Night,55471.27
248002,161079,Sales,Manager,Night,152654.94
248003,160840,Maintenance,Manager,Evening,66279.13
248004,161195,Front Office,Executive,Night,132117.05
248005,161676,Housekeeping,Associate,Night,94323.04
248006,161358,Front Office,Manager,Evening,161294.73
248007,161042,Sales,Associate,Night,88752.65
248008,160115,Housekeeping,Manager,Evening,99887.68
248009,160848,Maintenance,Supervisor,Morning,65972.53
248010,160421,Food & Beverage,Chef,Morning,103798.06
248011,160926,Sales,Chef,Morning,160658.45
248012,161608,Food & Beverage,Supervisor,Morning,32397.09
248013,160812,Food & Beverage,Chef,Evening,50578.23
248014,160119,Maintenance,Associate,Morning,31096.47
248015,160225,Front Office,Manager,Evening,49861.33
248016,160104,Food & Beverage,Executive,Night,96459.19
248017,160040,Housekeeping,Chef,Night,139122.93
248018,160139,Maintenance,Technician,Morning,69156.57
248019,160672,Front Office,Associate,Night,125993.88
248020,160742,Food & Beverage,Manager,Evening,57174.25
248021,160155,Maintenance,Manager,Evening,29884.83
248022,160410,Housekeeping,Supervisor,Morning,166494.68
248023,160095,Maintenance,Technician,Morning,114190.69
248024,161762,Food & Beverage,Executive,Morning,50180.27
248025,161974,Front Office,Executive,Evening,113761.94
248026,160432,Maintenance,Manager,Night,48710.35
248027,160898,Maintenance,Chef,Night,75757.8
248028,161698,Front Office,Supervisor,Morning,132278.0
248029,160930,Food & Beverage,Supervisor,Night,113392.49
248030,161016,Sales,Executive,Evening,57850.37
248031,160014,Food & Beverage,Technician,Evening,119451.47
248032,161278,Food & Beverage,Associate,Morning,152666.64
248033,161304,Front Office,Supervisor,Morning,71312.54
248034,160603,Food & Beverage,Supervisor,Evening,57694.68
248035,160962,Housekeeping,Executive,Night,40961.6
248036,161156,Front Office,Chef,Night,164944.42
248037,160036,Front Office,Supervisor,Evening,163394.07
248038,160751,Food & Beverage,Technician,Night,126927.37
248039,161498,Housekeeping,Associate,Evening,97082.35
248040,160324,Housekeeping,Chef,Night,148948.0
248041,160633,Housekeeping,Executive,Morning,21534.47
248042,160611,Housekeeping,Associate,Evening,57236.08
248043,160758,Maintenance,Technician,Morning,52599.66
248044,160034,Sales,Executive,Evening,98001.95
248045,160402,Food & Beverage,Executive,Night,84996.39
248046,161462,Front Office,Supervisor,Morning,131862.86
248047,161385,Housekeeping,Executive,Night,98756.64
248048,160555,Housekeeping,Technician,Morning,107165.86
248049,160508,Maintenance,Associate,Night,18435.27
248050,160155,Front Office,Executive,Morning,28908.67
248051,160718,Housekeeping,Manager,Morning,124405.34
248052,160988,Housekeeping,Executive,Night,128337.93
248053,160111,Maintenance,Manager,Morning,150676.02
248054,160133,Front Office,Technician,Evening,87233.92
248055,161750,Maintenance,Associate,Evening,93785.34
248056,161178,Sales,Associate,Evening,40615.2
248057,161533,Maintenance,Technician,Night,104312.21
248058,161205,Sales,Technician,Morning,176079.68
248059,161122,Housekeeping,Chef,Evening,26148.2
248060,160962,Maintenance,Executive,Morning,175960.48
248061,160508,Maintenance,Chef,Night,94269.07
248062,160335,Housekeeping,Executive,Evening,80092.66
248063,160607,Food & Beverage,Manager,Evening,132455.5
248064,161525,Front Office,Technician,Night,72315.67
248065,161722,Maintenance,Associate,Night,102682.32
248066,160010,Housekeeping,Associate,Night,179128.08
248067,160911,Front Office,Chef,Night,100693.88
248068,161197,Maintenance,Chef,Evening,93553.42
248069,161793,Maintenance,Chef,Evening,160182.65
248070,161703,Sales,Associate,Evening,149426.31
248071,160720,Food & Beverage,Supervisor,Morning,82402.73
248072,160962,Maintenance,Manager,Night,107433.98
248073,160302,Food & Beverage,Technician,Evening,105278.02
248074,161130,Housekeeping,Manager,Night,170600.99
248075,160906,Food & Beverage,Chef,Morning,167052.95
248076,160805,Food & Beverage,Supervisor,Night,26072.94
248077,160219,Front Office,Executive,Night,134615.17
248078,161969,Housekeeping,Supervisor,Night,93719.16
248079,160294,Food & Beverage,Chef,Evening,138949.45
248080,160282,Food & Beverage,Executive,Evening,115971.79
248081,160028,Housekeeping,Technician,Morning,132617.43
248082,160134,Housekeeping,Associate,Morning,129101.24
248083,161138,Sales,Associate,Night,150824.35
248084,160075,Food & Beverage,Chef,Evening,140493.27
248085,160984,Food & Beverage,Associate,Evening,157487.24
248086,160137,Sales,Chef,Evening,76051.33
248087,161352,Housekeeping,Manager,Morning,125174.09
248088,160853,Food & Beverage,Associate,Night,154006.72
248089,160192,Food & Beverage,Executive,Evening,24985.92
248090,160076,Housekeeping,Chef,Night,24038.88
248091,160618,Housekeeping,Supervisor,Night,77588.37
248092,161072,Front Office,Executive,Night,141061.49
248093,161397,Sales,Executive,Evening,79104.38
248094,161311,Front Office,Technician,Night,29058.92
248095,161434,Food & Beverage,Manager,Night,18868.4
248096,160406,Housekeeping,Technician,Morning,91959.49
248097,161032,Maintenance,Supervisor,Night,139261.28
248098,161347,Front Office,Technician,Morning,91353.9
248099,161210,Food & Beverage,Executive,Morning,132260.09
248100,160142,Maintenance,Technician,Evening,75591.43
248101,160649,Front Office,Associate,Night,91306.65
248102,161529,Sales,Supervisor,Morning,37175.9
248103,160144,Maintenance,Technician,Evening,71014.14
248104,161458,Maintenance,Supervisor,Morning,166486.49
248105,161425,Sales,Supervisor,Morning,109577.88
248106,161549,Food & Beverage,Technician,Morning,78635.18
248107,161137,Front Office,Supervisor,Evening,44505.55
248108,161190,Food & Beverage,Technician,Morning,119135.39
248109,161830,Front Office,Supervisor,Evening,133170.88
248110,160834,Sales,Supervisor,Night,33429.72
248111,160414,Maintenance,Chef,Evening,29305.82
248112,161008,Food & Beverage,Chef,Morning,19379.92
248113,161400,Front Office,Chef,Night,42376.65
248114,160229,Sales,Executive,Morning,114706.82
248115,160204,Maintenance,Manager,Morning,42607.43
248116,160926,Food & Beverage,Associate,Morning,95924.18
248117,161967,Sales,Chef,Evening,133662.32
248118,160861,Housekeeping,Manager,Evening,37111.54
248119,160680,Maintenance,Executive,Morning,59457.3
248120,160854,Maintenance,Associate,Morning,138299.79
248121,161490,Maintenance,Supervisor,Morning,55063.41
248122,160688,Front Office,Manager,Morning,147805.49
248123,161629,Sales,Chef,Evening,112954.3
248124,161627,Front Office,Chef,Night,34571.06
248125,160140,Maintenance,Technician,Night,163840.37
248126,160778,Housekeeping,Executive,Night,168797.41
248127,160892,Maintenance,Associate,Evening,47260.45
248128,160823,Maintenance,Chef,Morning,89124.9
248129,160947,Housekeeping,Manager,Night,144742.71
248130,161574,Sales,Associate,Night,132075.14
248131,160989,Front Office,Technician,Morning,65999.85
248132,160097,Housekeeping,Supervisor,Morning,104318.38
248133,160867,Front Office,Technician,Night,146007.66
248134,160055,Front Office,Associate,Night,123324.22
248135,160728,Front Office,Executive,Evening,57556.28
248136,160360,Food & Beverage,Supervisor,Evening,134602.83
248137,160907,Front Office,Manager,Evening,167145.55
248138,160657,Sales,Supervisor,Evening,150187.69
248139,160224,Front Office,Associate,Evening,67758.69
248140,161904,Front Office,Executive,Evening,144238.6
248141,160404,Maintenance,Manager,Morning,20271.2
248142,160358,Maintenance,Executive,Morning,116897.8
248143,161536,Maintenance,Manager,Evening,122903.92
248144,160794,Front Office,Technician,Evening,163826.89
248145,160100,Maintenance,Technician,Evening,34592.81
248146,161901,Housekeeping,Technician,Morning,55588.03
248147,160962,Housekeeping,Associate,Evening,28192.01
248148,161307,Sales,Chef,Night,127347.9
248149,161173,Sales,Technician,Morning,56111.6
248150,160315,Sales,Chef,Night,176862.56
248151,161235,Maintenance,Chef,Evening,22738.04
248152,160674,Front Office,Chef,Evening,68763.63
248153,160021,Housekeeping,Manager,Evening,48134.75
248154,161163,Housekeeping,Supervisor,Evening,94735.69
248155,161101,Housekeeping,Executive,Morning,178793.08
248156,161776,Sales,Associate,Morning,40724.16
248157,160961,Maintenance,Manager,Evening,70704.63
248158,161511,Food & Beverage,Manager,Morning,124558.5
248159,161829,Sales,Chef,Night,115666.41
248160,160599,Housekeeping,Manager,Evening,123936.65
248161,161669,Maintenance,Manager,Morning,124318.44
248162,161162,Food & Beverage,Executive,Evening,87056.73
248163,160952,Maintenance,Technician,Night,149639.05
248164,160539,Housekeeping,Technician,Evening,147579.77
248165,160124,Sales,Associate,Morning,176432.32
248166,160692,Sales,Manager,Evening,141052.4
248167,160460,Food & Beverage,Associate,Evening,101253.66
248168,161729,Maintenance,Executive,Morning,88258.87
248169,160257,Maintenance,Manager,Morning,107822.78
248170,160403,Front Office,Manager,Morning,146185.62
248171,161547,Maintenance,Executive,Morning,67901.23
248172,160002,Front Office,Technician,Night,74262.72
248173,160397,Maintenance,Executive,Evening,130278.96
248174,160694,Food & Beverage,Executive,Evening,22463.41
248175,160790,Food & Beverage,Manager,Night,85866.36
248176,160888,Food & Beverage,Associate,Night,76130.15
248177,161600,Food & Beverage,Manager,Morning,105918.04
248178,161921,Maintenance,Associate,Evening,165757.41
248179,160492,Front Office,Supervisor,Night,59957.47
248180,160139,Sales,Technician,Night,158714.03
248181,161801,Maintenance,Associate,Evening,108823.87
248182,161663,Front Office,Manager,Morning,133817.37
248183,160011,Maintenance,Supervisor,Evening,21168.13
248184,161618,Front Office,Associate,Evening,149312.93
248185,160540,Front Office,Supervisor,Morning,175056.62
248186,161085,Maintenance,Supervisor,Morning,54745.98
248187,161525,Housekeeping,Executive,Night,40735.86
248188,160252,Sales,Technician,Evening,31440.4
248189,160607,Housekeeping,Chef,Evening,61497.86
248190,160792,Housekeeping,Chef,Night,100716.58
248191,160747,Housekeeping,Supervisor,Morning,72373.88
248192,160464,Maintenance,Associate,Morning,52521.15
248193,161686,Food & Beverage,Supervisor,Night,103904.67
248194,160796,Housekeeping,Manager,Evening,136039.34
248195,160787,Sales,Associate,Night,145531.01
248196,161618,Front Office,Associate,Evening,150174.3
248197,160085,Housekeeping,Supervisor,Night,145491.56
248198,161787,Maintenance,Associate,Morning,115480.74
248199,160559,Front Office,Supervisor,Morning,40405.99
248200,161990,Front Office,Technician,Night,100941.67
248201,161005,Front Office,Associate,Night,42951.89
248202,160725,Maintenance,Technician,Night,31625.08
248203,161213,Housekeeping,Supervisor,Night,88650.21
248204,161417,Food & Beverage,Supervisor,Night,134253.04
248205,160114,Maintenance,Executive,Night,110517.42
248206,160796,Food & Beverage,Executive,Night,21171.64
248207,160112,Front Office,Executive,Evening,19281.08
248208,161229,Front Office,Executive,Morning,166951.18
248209,160961,Maintenance,Associate,Evening,157505.12
248210,161548,Front Office,Supervisor,Night,124987.14
248211,160285,Maintenance,Associate,Morning,34396.65
248212,161976,Food & Beverage,Associate,Night,26230.21
248213,161315,Front Office,Executive,Morning,113156.83
248214,161165,Maintenance,Technician,Morning,69593.36
248215,161758,Food & Beverage,Executive,Morning,112423.68
248216,160603,Front Office,Supervisor,Morning,126019.49
248217,160598,Sales,Executive,Night,153169.94
248218,161960,Maintenance,Technician,Night,125628.67
248219,161934,Front Office,Supervisor,Evening,107910.11
248220,161836,Food & Beverage,Chef,Evening,155468.16
248221,161443,Sales,Executive,Morning,161792.43
248222,160847,Maintenance,Associate,Evening,106518.3
248223,160503,Housekeeping,Chef,Morning,115014.46
248224,161349,Front Office,Manager,Morning,42536.55
248225,160935,Housekeeping,Manager,Evening,173168.52
248226,161940,Food & Beverage,Technician,Morning,63545.02
248227,161382,Sales,Technician,Morning,78243.96
248228,161697,Sales,Supervisor,Evening,62413.91
248229,160947,Maintenance,Supervisor,Evening,114008.17
248230,160786,Sales,Manager,Night,58736.36
248231,160870,Sales,Supervisor,Morning,58125.42
248232,160816,Sales,Executive,Night,85780.4
248233,160454,Housekeeping,Supervisor,Evening,104057.66
248234,161733,Front Office,Technician,Evening,89038.47
248235,161165,Front Office,Associate,Night,175465.32
248236,160998,Front Office,Executive,Morning,22068.63
248237,161599,Sales,Chef,Night,82497.67
248238,161757,Food & Beverage,Executive,Morning,158872.52
248239,161446,Maintenance,Technician,Evening,69600.27
248240,160738,Front Office,Executive,Evening,124681.91
248241,161533,Food & Beverage,Supervisor,Evening,113572.09
248242,161789,Front Office,Associate,Evening,72750.95
248243,160077,Food & Beverage,Technician,Morning,156913.43
248244,161307,Maintenance,Chef,Evening,60529.3
248245,160606,Food & Beverage,Chef,Evening,33394.41
248246,160715,Housekeeping,Chef,Evening,18520.53
248247,160678,Food & Beverage,Associate,Morning,150276.11
248248,161485,Sales,Supervisor,Evening,33153.97
248249,161123,Front Office,Manager,Morning,42463.51
248250,161055,Sales,Technician,Morning,123270.32
248251,161650,Front Office,Chef,Night,135322.63
248252,161705,Maintenance,Executive,Morning,120525.96
248253,160525,Food & Beverage,Executive,Evening,168830.84
248254,161174,Food & Beverage,Technician,Evening,52559.43
248255,161093,Front Office,Manager,Evening,128768.57
248256,161998,Housekeeping,Associate,Night,119056.19
248257,160885,Housekeeping,Supervisor,Evening,55748.6
248258,160294,Food & Beverage,Manager,Night,113826.48
248259,160692,Maintenance,Executive,Evening,57061.78
248260,160960,Sales,Manager,Evening,51462.78
248261,160969,Food & Beverage,Executive,Evening,179667.99
248262,160709,Housekeeping,Technician,Night,39374.66
248263,161089,Front Office,Supervisor,Morning,81225.45
248264,161563,Front Office,Associate,Morning,129896.7
248265,160090,Maintenance,Executive,Morning,99535.95
248266,160175,Housekeeping,Supervisor,Night,103573.31
248267,161812,Sales,Supervisor,Night,48857.11
248268,161834,Sales,Supervisor,Morning,169908.68
248269,161812,Food & Beverage,Chef,Morning,43480.44
248270,161727,Sales,Executive,Evening,40630.19
248271,160383,Sales,Supervisor,Night,55486.45
248272,161705,Housekeeping,Executive,Morning,86056.81
248273,160619,Maintenance,Manager,Morning,60505.38
248274,160395,Maintenance,Supervisor,Evening,33352.57
248275,161127,Food & Beverage,Chef,Evening,60546.99
248276,160246,Sales,Executive,Evening,167397.06
248277,160123,Front Office,Manager,Morning,131940.68
248278,160016,Food & Beverage,Associate,Night,85951.6
248279,160590,Food & Beverage,Technician,Night,127108.42
248280,160889,Maintenance,Associate,Evening,84010.77
248281,160301,Housekeeping,Associate,Night,61359.89
248282,161862,Front Office,Chef,Evening,61943.36
248283,160902,Maintenance,Technician,Evening,74064.32
248284,160665,Maintenance,Executive,Evening,19991.07
248285,160605,Food & Beverage,Executive,Evening,33327.52
248286,161641,Housekeeping,Associate,Night,107760.39
248287,160183,Food & Beverage,Supervisor,Evening,124324.21
248288,160359,Food & Beverage,Technician,Morning,153757.38
248289,160228,Sales,Technician,Evening,167550.33
248290,160387,Housekeeping,Supervisor,Evening,104108.65
248291,160554,Housekeeping,Supervisor,Evening,113544.21
248292,160135,Food & Beverage,Manager,Evening,108845.33
248293,161558,Sales,Manager,Night,160393.67
248294,161257,Front Office,Executive,Night,81203.61
248295,161099,Maintenance,Supervisor,Morning,48640.0
248296,160090,Front Office,Technician,Night,87197.11
248297,160440,Front Office,Associate,Night,60673.71
248298,160861,Front Office,Chef,Evening,48080.7
248299,160174,Front Office,Manager,Evening,96414.61
248300,161811,Sales,Associate,Night,80222.5
248301,161326,Maintenance,Technician,Morning,62474.4
248302,161784,Housekeeping,Executive,Night,176160.19
248303,161302,Sales,Associate,Night,79707.1
248304,161919,Food & Beverage,Associate,Morning,67792.44
248305,160561,Food & Beverage,Supervisor,Morning,161534.01
248306,161989,Maintenance,Associate,Evening,85013.89
248307,160825,Front Office,Executive,Evening,107251.68
248308,161596,Sales,Chef,Morning,126858.62
248309,161877,Front Office,Associate,Night,165070.37
248310,161889,Housekeeping,Associate,Evening,21297.46
248311,161965,Sales,Executive,Evening,77716.23
248312,160445,Housekeeping,Technician,Evening,93721.27
248313,160148,Maintenance,Manager,Night,142065.37
248314,160255,Front Office,Chef,Night,75209.73
248315,161255,Maintenance,Supervisor,Night,60176.94
248316,161072,Housekeeping,Supervisor,Evening,126325.16
248317,161716,Sales,Supervisor,Morning,134050.17
248318,161802,Maintenance,Technician,Night,165570.55
248319,161574,Front Office,Technician,Morning,171799.48
248320,161804,Front Office,Chef,Night,70300.75
248321,160555,Maintenance,Chef,Morning,48715.86
248322,160616,Food & Beverage,Supervisor,Evening,38843.28
248323,161339,Maintenance,Manager,Evening,162787.51
248324,161890,Front Office,Executive,Night,64146.24
248325,160419,Food & Beverage,Chef,Night,68319.31
248326,161313,Sales,Executive,Night,82452.28
248327,160768,Maintenance,Executive,Morning,59717.56
248328,161704,Front Office,Technician,Evening,144877.78
248329,160085,Maintenance,Supervisor,Night,138086.63
248330,161300,Sales,Chef,Evening,177228.76
248331,161521,Sales,Manager,Night,124784.54
248332,160619,Food & Beverage,Executive,Morning,26276.46
248333,161444,Housekeeping,Executive,Morning,123974.89
248334,161686,Maintenance,Chef,Night,41946.72
248335,161607,Maintenance,Chef,Evening,179342.81
248336,161974,Housekeeping,Technician,Morning,178935.72
248337,160256,Sales,Chef,Night,108467.46
248338,160051,Maintenance,Supervisor,Evening,124916.56
248339,161396,Sales,Supervisor,Evening,135990.06
248340,160178,Sales,Executive,Night,20613.8
248341,161928,Front Office,Associate,Morning,171310.25
248342,161940,Maintenance,Supervisor,Night,127621.09
248343,161910,Sales,Associate,Morning,75428.08
248344,160220,Sales,Technician,Night,69301.85
248345,161485,Front Office,Manager,Morning,132518.93
248346,161732,Housekeeping,Technician,Night,149325.86
248347,161246,Sales,Technician,Night,151831.05
248348,161299,Maintenance,Supervisor,Evening,36186.63
248349,160859,Housekeeping,Supervisor,Night,111128.29
248350,161216,Front Office,Associate,Morning,80977.61
248351,160549,Front Office,Supervisor,Evening,133949.07
248352,161324,Sales,Chef,Morning,153039.36
248353,161847,Sales,Chef,Evening,46043.31
248354,160597,Food & Beverage,Chef,Morning,25306.23
248355,160819,Housekeeping,Executive,Morning,69341.51
248356,161997,Sales,Manager,Morning,143643.32
248357,160156,Food & Beverage,Supervisor,Morning,106743.41
248358,160953,Food & Beverage,Chef,Morning,42765.93
248359,160153,Sales,Chef,Morning,135082.05
248360,160510,Food & Beverage,Supervisor,Night,38333.55
248361,160404,Sales,Technician,Night,90685.24
248362,160350,Maintenance,Associate,Evening,65572.63
248363,161087,Front Office,Associate,Morning,82535.26
248364,160898,Housekeeping,Associate,Evening,107212.45
248365,161710,Maintenance,Technician,Morning,66547.69
248366,161787,Maintenance,Technician,Night,115612.62
248367,160491,Housekeeping,Technician,Morning,68996.35
248368,161359,Maintenance,Executive,Morning,137549.45
248369,161509,Housekeeping,Supervisor,Evening,159458.34
248370,160060,Front Office,Technician,Night,22522.64
248371,161077,Food & Beverage,Executive,Evening,124986.46
248372,161334,Housekeeping,Chef,Evening,115677.3
248373,161450,Housekeeping,Executive,Night,104917.53
248374,160526,Maintenance,Technician,Evening,116120.66
248375,161619,Maintenance,Supervisor,Evening,166659.76
248376,161827,Food & Beverage,Associate,Evening,157483.51
248377,160330,Front Office,Chef,Evening,120755.39
248378,160350,Food & Beverage,Manager,Evening,43006.62
248379,161282,Front Office,Executive,Night,133194.09
248380,161748,Sales,Executive,Morning,80077.59
248381,160511,Front Office,Associate,Night,28660.0
248382,161892,Housekeeping,Supervisor,Morning,117455.73
248383,160121,Food & Beverage,Supervisor,Evening,87370.83
248384,160452,Front Office,Manager,Night,55125.49
248385,160761,Sales,Chef,Morning,155135.26
248386,161323,Front Office,Chef,Night,113082.46
248387,161986,Housekeeping,Associate,Night,74588.98
248388,161399,Food & Beverage,Technician,Night,69102.37
248389,160343,Maintenance,Technician,Morning,28027.25
248390,160753,Housekeeping,Supervisor,Morning,55514.96
248391,161910,Front Office,Manager,Night,113695.48
248392,161440,Sales,Manager,Morning,44106.85
248393,161504,Food & Beverage,Associate,Night,73746.76
248394,160826,Front Office,Chef,Evening,32295.07
248395,161053,Housekeeping,Supervisor,Night,179702.63
248396,160643,Housekeeping,Associate,Morning,123263.04
248397,160144,Food & Beverage,Chef,Evening,97881.26
248398,161494,Front Office,Manager,Night,38319.61
248399,161116,Front Office,Chef,Night,123315.09
248400,161076,Housekeeping,Executive,Night,114210.43
248401,161922,Sales,Associate,Morning,55623.33
248402,160254,Sales,Supervisor,Night,152661.67
248403,161605,Food & Beverage,Manager,Night,146527.99
248404,161759,Front Office,Supervisor,Morning,154914.47
248405,161045,Food & Beverage,Chef,Evening,72707.64
248406,161615,Sales,Executive,Evening,78690.36
248407,161094,Sales,Manager,Morning,57534.53
248408,160272,Food & Beverage,Technician,Night,107188.43
248409,160554,Sales,Technician,Evening,76943.7
248410,161149,Food & Beverage,Executive,Evening,114084.13
248411,161960,Housekeeping,Supervisor,Night,101187.47
248412,160854,Maintenance,Technician,Morning,64190.59
248413,161078,Front Office,Technician,Evening,51671.14
248414,160618,Sales,Manager,Evening,128771.08
248415,160201,Sales,Supervisor,Morning,147702.15
248416,160616,Maintenance,Supervisor,Morning,65067.84
248417,160815,Food & Beverage,Chef,Morning,54811.54
248418,160863,Sales,Supervisor,Morning,31991.31
248419,161281,Front Office,Technician,Evening,177124.69
248420,160502,Maintenance,Supervisor,Morning,142100.7
248421,161899,Food & Beverage,Executive,Morning,108785.76
248422,160301,Food & Beverage,Associate,Morning,20847.45
248423,160770,Sales,Technician,Evening,108915.65
248424,161752,Front Office,Chef,Night,101806.62
248425,160922,Maintenance,Executive,Morning,115246.1
248426,160591,Maintenance,Manager,Morning,179875.93
248427,161144,Maintenance,Supervisor,Night,110674.36
248428,161379,Food & Beverage,Supervisor,Evening,144230.33
248429,161446,Maintenance,Executive,Night,81340.28
248430,161364,Front Office,Supervisor,Night,130388.3
248431,161432,Sales,Executive,Night,93990.77
248432,161430,Sales,Supervisor,Morning,122073.87
248433,160809,Maintenance,Technician,Morning,27555.96
248434,160533,Front Office,Manager,Evening,168810.45
248435,161534,Front Office,Manager,Evening,114792.11
248436,160929,Food & Beverage,Associate,Morning,116318.44
248437,161103,Front Office,Associate,Evening,177216.07
248438,161637,Maintenance,Manager,Morning,150385.27
248439,161722,Maintenance,Executive,Night,150421.53
248440,161148,Maintenance,Executive,Night,40945.32
248441,161013,Maintenance,Chef,Evening,156030.77
248442,160337,Front Office,Manager,Night,114929.39
248443,161943,Food & Beverage,Chef,Morning,111548.07
248444,160735,Sales,Chef,Night,109132.8
248445,161232,Sales,Manager,Evening,68817.22
248446,161205,Sales,Technician,Morning,133302.51
248447,160122,Food & Beverage,Supervisor,Evening,31297.99
248448,161125,Front Office,Technician,Night,56645.83
248449,161306,Housekeeping,Associate,Morning,95498.95
248450,161565,Housekeeping,Technician,Morning,80163.75
248451,161203,Food & Beverage,Executive,Night,36754.34
248452,161617,Front Office,Technician,Morning,139322.77
248453,161678,Food & Beverage,Supervisor,Evening,171076.68
248454,160670,Front Office,Associate,Evening,177474.19
248455,160546,Food & Beverage,Executive,Evening,179625.41
248456,161352,Sales,Technician,Morning,146359.75
248457,160259,Housekeeping,Chef,Night,92054.38
248458,161660,Front Office,Manager,Night,38596.37
248459,160982,Food & Beverage,Technician,Night,107817.18
248460,161174,Maintenance,Executive,Evening,147328.21
248461,160677,Front Office,Manager,Evening,49853.06
248462,160807,Sales,Manager,Morning,172126.51
248463,161924,Food & Beverage,Executive,Evening,23804.95
248464,160159,Food & Beverage,Associate,Morning,20487.41
248465,160895,Housekeeping,Associate,Night,163678.45
248466,160872,Maintenance,Chef,Night,167847.47
248467,161024,Housekeeping,Chef,Night,156495.45
248468,161638,Maintenance,Manager,Evening,22418.16
248469,161339,Maintenance,Supervisor,Morning,78240.35
248470,160273,Front Office,Supervisor,Night,109245.36
248471,161242,Food & Beverage,Associate,Night,37818.57
248472,160756,Sales,Executive,Evening,32646.5
248473,160313,Maintenance,Chef,Night,94591.51
248474,161235,Sales,Manager,Night,128819.8
248475,160307,Front Office,Executive,Evening,169241.81
248476,161934,Sales,Supervisor,Night,55940.16
248477,161069,Maintenance,Executive,Evening,64861.26
248478,161724,Sales,Executive,Morning,85281.52
248479,161345,Housekeeping,Executive,Morning,23882.73
248480,160135,Sales,Chef,Night,96750.54
248481,161440,Food & Beverage,Technician,Evening,136968.9
248482,161462,Sales,Technician,Morning,161367.05
248483,160011,Food & Beverage,Supervisor,Morning,98972.42
248484,161874,Sales,Technician,Morning,126526.52
248485,161803,Housekeeping,Chef,Morning,53675.34
248486,161398,Maintenance,Executive,Night,152157.7
248487,161065,Maintenance,Supervisor,Evening,174460.01
248488,160273,Food & Beverage,Executive,Evening,155092.0
248489,160921,Food & Beverage,Associate,Morning,31565.57
248490,160262,Maintenance,Associate,Night,59090.9
248491,161925,Maintenance,Supervisor,Evening,76387.48
248492,161029,Housekeeping,Technician,Morning,97963.63
248493,161511,Front Office,Executive,Evening,102630.02
248494,160492,Maintenance,Executive,Night,18028.09
248495,161464,Sales,Chef,Night,137407.02
248496,161655,Food & Beverage,Supervisor,Night,65880.37
248497,160078,Front Office,Supervisor,Evening,34709.04
248498,160641,Maintenance,Supervisor,Night,132454.23
248499,161985,Housekeeping,Associate,Evening,55729.83
248500,161535,Food & Beverage,Associate,Night,145989.38
248501,160139,Sales,Chef,Morning,103662.23
248502,161083,Front Office,Executive,Evening,70494.43
248503,161836,Front Office,Technician,Morning,50074.37
248504,161354,Maintenance,Supervisor,Morning,104483.23
248505,160129,Housekeeping,Technician,Morning,171918.58
248506,161884,Front Office,Technician,Morning,80811.4
248507,161606,Front Office,Supervisor,Morning,54082.16
248508,161027,Housekeeping,Executive,Morning,170095.75
248509,160495,Maintenance,Associate,Morning,84929.29
248510,160494,Front Office,Executive,Morning,41525.01
248511,161369,Housekeeping,Technician,Night,150501.37
248512,161682,Sales,Technician,Night,127034.06
248513,160743,Food & Beverage,Executive,Morning,55914.03
248514,161397,Maintenance,Supervisor,Morning,87022.34
248515,160901,Housekeeping,Executive,Evening,41808.87
248516,160055,Housekeeping,Associate,Night,123829.15
248517,160994,Sales,Technician,Night,73457.85
248518,160161,Front Office,Chef,Evening,97577.22
248519,160644,Housekeeping,Executive,Evening,130947.32
248520,161866,Maintenance,Supervisor,Night,117394.09
248521,161287,Sales,Associate,Night,75819.51
248522,161808,Food & Beverage,Technician,Night,165190.3
248523,161331,Food & Beverage,Executive,Night,153543.73
248524,160331,Maintenance,Technician,Night,176407.56
248525,160999,Front Office,Technician,Evening,174067.6
248526,161660,Front Office,Technician,Morning,67677.75
248527,160829,Housekeeping,Manager,Morning,145126.35
248528,160416,Housekeeping,Technician,Morning,152602.36
248529,161104,Front Office,Technician,Night,67376.31
248530,161213,Front Office,Supervisor,Evening,104654.79
248531,160676,Front Office,Chef,Morning,133918.66
248532,160120,Maintenance,Supervisor,Evening,84236.59
248533,161958,Front Office,Manager,Morning,51880.74
248534,160209,Sales,Supervisor,Morning,93353.59
248535,160834,Housekeeping,Manager,Night,137395.04
248536,161957,Sales,Chef,Morning,109939.64
248537,160411,Sales,Associate,Morning,29455.8
248538,160197,Food & Beverage,Chef,Morning,173787.8
248539,161434,Food & Beverage,Manager,Morning,102476.32
248540,160028,Food & Beverage,Technician,Evening,97359.15
248541,160750,Front Office,Chef,Morning,124956.28
248542,161309,Food & Beverage,Associate,Evening,28192.99
248543,160060,Housekeeping,Executive,Morning,24106.65
248544,161076,Food & Beverage,Chef,Evening,51182.77
248545,160335,Food & Beverage,Supervisor,Morning,133002.19
248546,161019,Housekeeping,Executive,Night,126282.42
248547,160378,Front Office,Associate,Evening,95839.27
248548,160359,Sales,Chef,Night,35001.94
248549,160528,Food & Beverage,Associate,Morning,106475.2
248550,161493,Food & Beverage,Executive,Evening,120532.76
248551,161796,Sales,Technician,Morning,96763.0
248552,160083,Front Office,Supervisor,Night,127190.48
248553,161776,Sales,Chef,Morning,81482.51
248554,161798,Food & Beverage,Executive,Night,112419.55
248555,161416,Sales,Technician,Evening,74334.48
248556,161850,Front Office,Supervisor,Night,88671.71
248557,161399,Food & Beverage,Associate,Night,156195.7
248558,160368,Sales,Chef,Evening,162648.85
248559,161995,Sales,Associate,Morning,111125.82
248560,160721,Housekeeping,Executive,Evening,149212.32
248561,161336,Housekeeping,Associate,Night,119476.93
248562,161956,Food & Beverage,Supervisor,Night,23058.21
248563,160907,Food & Beverage,Executive,Evening,29795.59
248564,160548,Maintenance,Associate,Night,152567.8
248565,160041,Housekeeping,Manager,Evening,177338.83
248566,161945,Front Office,Supervisor,Evening,95635.24
248567,161497,Sales,Chef,Night,115153.6
248568,161852,Front Office,Associate,Morning,57235.72
248569,160705,Front Office,Executive,Morning,42996.28
248570,160921,Food & Beverage,Chef,Night,53187.24
248571,160177,Maintenance,Supervisor,Evening,27825.69
248572,160844,Maintenance,Manager,Morning,89994.63
248573,160087,Food & Beverage,Chef,Evening,76033.36
248574,160707,Food & Beverage,Chef,Night,82674.12
248575,160503,Sales,Manager,Morning,135411.56
248576,160954,Sales,Manager,Evening,43318.71
248577,161895,Food & Beverage,Technician,Morning,89512.53
248578,161223,Maintenance,Executive,Morning,164268.49
248579,160528,Housekeeping,Manager,Morning,23201.03
248580,161738,Front Office,Associate,Night,39175.51
248581,160762,Food & Beverage,Chef,Night,146896.91
248582,160910,Sales,Technician,Morning,77153.65
248583,160405,Maintenance,Supervisor,Morning,165444.74
248584,161521,Front Office,Supervisor,Morning,152165.97
248585,160453,Food & Beverage,Associate,Evening,93367.94
248586,161997,Sales,Technician,Night,43241.18
248587,160020,Front Office,Executive,Evening,107618.33
248588,161310,Maintenance,Technician,Night,67307.61
248589,161673,Maintenance,Executive,Evening,18743.12
248590,160425,Maintenance,Chef,Night,99843.54
248591,161113,Sales,Supervisor,Morning,61810.95
248592,160002,Sales,Technician,Night,23136.88
248593,160535,Front Office,Executive,Night,140739.81
248594,160634,Housekeeping,Manager,Night,19394.99
248595,161095,Maintenance,Supervisor,Evening,113093.07
248596,161775,Maintenance,Executive,Morning,157831.1
248597,160876,Food & Beverage,Chef,Night,172306.93
248598,160612,Maintenance,Technician,Night,72138.97
248599,161565,Food & Beverage,Technician,Night,99610.43
248600,160077,Food & Beverage,Associate,Night,173045.77
248601,160995,Maintenance,Technician,Evening,105848.4
248602,161170,Housekeeping,Executive,Night,158086.17
248603,160106,Maintenance,Technician,Morning,126801.88
248604,160752,Sales,Executive,Evening,96366.58
248605,160659,Food & Beverage,Supervisor,Evening,108785.68
248606,160575,Housekeeping,Chef,Evening,77325.14
248607,161386,Maintenance,Supervisor,Evening,169122.17
248608,160735,Food & Beverage,Associate,Morning,56950.9
248609,161735,Front Office,Associate,Evening,93982.06
248610,161981,Housekeeping,Executive,Evening,75196.87
248611,161409,Housekeeping,Manager,Evening,173697.49
248612,161715,Food & Beverage,Technician,Night,73078.22
248613,160520,Housekeeping,Executive,Morning,54305.98
248614,161495,Food & Beverage,Executive,Morning,163218.65
248615,160864,Housekeeping,Technician,Evening,165920.34
248616,161982,Housekeeping,Manager,Evening,75023.88
248617,160351,Sales,Manager,Night,34692.07
248618,161380,Food & Beverage,Associate,Night,47798.63
248619,160929,Housekeeping,Chef,Night,20486.9
248620,160100,Sales,Supervisor,Night,132652.05
248621,161292,Food & Beverage,Technician,Evening,77383.37
248622,161986,Housekeeping,Manager,Night,34784.72
248623,161361,Front Office,Executive,Morning,19223.27
248624,160890,Food & Beverage,Executive,Morning,33063.9
248625,161339,Sales,Associate,Evening,85429.47
248626,160347,Food & Beverage,Chef,Evening,39533.98
248627,161725,Sales,Chef,Night,177650.32
248628,160349,Maintenance,Manager,Morning,127674.68
248629,160197,Housekeeping,Associate,Evening,68328.36
248630,160096,Housekeeping,Manager,Morning,135878.76
248631,160966,Front Office,Associate,Evening,68598.2
248632,160128,Maintenance,Manager,Night,94675.02
248633,160600,Maintenance,Manager,Evening,34997.08
248634,160428,Sales,Manager,Night,135474.05
248635,161780,Food & Beverage,Supervisor,Evening,20661.77
248636,160907,Housekeeping,Executive,Morning,36209.62
248637,161419,Sales,Chef,Evening,30269.41
248638,161257,Maintenance,Executive,Night,74959.59
248639,160969,Food & Beverage,Supervisor,Evening,151654.48
248640,160436,Sales,Chef,Morning,109391.68
248641,160726,Sales,Chef,Evening,77258.93
248642,160001,Sales,Technician,Evening,52436.35
248643,161876,Maintenance,Technician,Evening,90463.94
248644,160709,Maintenance,Manager,Morning,174685.69
248645,161715,Housekeeping,Technician,Morning,129482.99
248646,161386,Sales,Supervisor,Night,97376.19
248647,161316,Sales,Manager,Night,19358.33
248648,161944,Food & Beverage,Supervisor,Night,120540.2
248649,160546,Housekeeping,Technician,Evening,46527.96
248650,161451,Maintenance,Associate,Evening,50114.27
248651,160700,Maintenance,Associate,Morning,175251.54
248652,160408,Sales,Manager,Night,166238.34
248653,160174,Sales,Executive,Night,144699.45
248654,161953,Housekeeping,Supervisor,Night,121099.59
248655,160788,Maintenance,Executive,Morning,72877.3
248656,160209,Sales,Manager,Evening,165755.68
248657,161709,Front Office,Executive,Morning,42666.43
248658,160868,Food & Beverage,Technician,Evening,42663.27
248659,160131,Food & Beverage,Technician,Evening,101448.03
248660,160677,Sales,Executive,Night,75094.19
248661,161897,Maintenance,Technician,Night,39629.96
248662,160388,Food & Beverage,Manager,Night,100065.96
248663,161424,Food & Beverage,Associate,Morning,155380.59
248664,160840,Maintenance,Executive,Evening,87367.18
248665,160693,Food & Beverage,Manager,Evening,52679.46
248666,160662,Sales,Manager,Night,138058.66
248667,160254,Front Office,Supervisor,Evening,55537.71
248668,160227,Front Office,Technician,Evening,99588.39
248669,161074,Front Office,Manager,Morning,173921.59
248670,160507,Maintenance,Executive,Evening,110196.57
248671,161457,Food & Beverage,Executive,Evening,87701.78
248672,160892,Front Office,Technician,Evening,73641.32
248673,160561,Front Office,Supervisor,Morning,109651.65
248674,161449,Food & Beverage,Chef,Morning,90695.21
248675,161109,Housekeeping,Technician,Evening,35358.32
248676,161014,Maintenance,Technician,Evening,59669.9
248677,161473,Sales,Technician,Evening,157417.92
248678,160313,Food & Beverage,Chef,Morning,44809.51
248679,160421,Front Office,Associate,Morning,112357.1
248680,160877,Front Office,Executive,Morning,124933.48
248681,160623,Maintenance,Technician,Evening,162642.66
248682,160375,Maintenance,Supervisor,Evening,101434.81
248683,161814,Maintenance,Executive,Night,28562.79
248684,161515,Housekeeping,Associate,Morning,83890.72
248685,160112,Sales,Supervisor,Night,38207.92
248686,160577,Food & Beverage,Executive,Evening,88876.55
248687,161629,Housekeeping,Manager,Morning,44061.65
248688,161421,Housekeeping,Supervisor,Evening,148379.29
248689,161289,Housekeeping,Supervisor,Morning,18433.88
248690,161233,Housekeeping,Chef,Night,43611.72
248691,161571,Sales,Executive,Morning,18837.67
248692,160535,Sales,Technician,Morning,102967.27
248693,161719,Front Office,Manager,Evening,83283.75
248694,161475,Front Office,Supervisor,Morning,100550.08
248695,160343,Sales,Supervisor,Morning,129136.11
248696,160491,Maintenance,Associate,Evening,50205.72
248697,160702,Sales,Supervisor,Night,71576.68
248698,160336,Front Office,Chef,Evening,47048.18
248699,161580,Front Office,Executive,Morning,55039.93
248700,160693,Sales,Manager,Night,141317.72
248701,160051,Housekeeping,Associate,Morning,71928.21
248702,160563,Housekeeping,Associate,Morning,21626.02
248703,161505,Housekeeping,Chef,Morning,38223.11
248704,161808,Food & Beverage,Manager,Night,77278.12
248705,160284,Front Office,Chef,Morning,77214.96
248706,160616,Food & Beverage,Technician,Evening,127390.67
248707,161662,Maintenance,Supervisor,Evening,156656.77
248708,161456,Front Office,Supervisor,Morning,154806.83
248709,161721,Front Office,Technician,Night,97851.42
248710,160494,Housekeeping,Chef,Evening,147203.02
248711,160215,Food & Beverage,Technician,Morning,24952.71
248712,161114,Front Office,Associate,Evening,21258.82
248713,160494,Maintenance,Technician,Night,125534.11
248714,161412,Housekeeping,Executive,Morning,94117.23
248715,161027,Front Office,Executive,Night,121872.52
248716,160339,Housekeeping,Supervisor,Morning,57443.75
248717,160461,Sales,Chef,Evening,21428.67
248718,160677,Food & Beverage,Technician,Night,101173.36
248719,161694,Sales,Executive,Evening,62523.55
248720,161943,Sales,Technician,Night,46498.36
248721,160479,Front Office,Manager,Morning,29512.87
248722,160989,Front Office,Executive,Morning,40068.75
248723,161853,Sales,Technician,Night,151286.7
248724,161085,Front Office,Associate,Morning,42228.11
248725,161072,Maintenance,Manager,Night,71831.9
248726,160822,Housekeeping,Chef,Morning,75111.02
248727,160531,Food & Beverage,Manager,Evening,179467.74
248728,160655,Food & Beverage,Associate,Evening,135853.65
248729,160208,Food & Beverage,Executive,Evening,81251.52
248730,161314,Maintenance,Executive,Night,24199.23
248731,160502,Housekeeping,Supervisor,Night,35478.67
248732,161928,Maintenance,Chef,Morning,131246.82
248733,160805,Maintenance,Technician,Night,61046.47
248734,160477,Food & Beverage,Executive,Morning,133107.45
248735,160378,Food & Beverage,Associate,Night,28473.97
248736,160426,Front Office,Supervisor,Morning,172480.52
248737,160534,Front Office,Technician,Evening,66824.97
248738,161975,Maintenance,Associate,Morning,73741.77
248739,160416,Housekeeping,Manager,Night,77807.53
248740,160204,Maintenance,Chef,Evening,161868.88
248741,161123,Housekeeping,Chef,Morning,76102.08
248742,160902,Housekeeping,Chef,Evening,161881.44
248743,160213,Food & Beverage,Technician,Night,118279.98
248744,160983,Food & Beverage,Technician,Evening,134887.14
248745,160177,Front Office,Associate,Morning,123161.82
248746,160980,Food & Beverage,Associate,Night,100548.25
248747,160458,Housekeeping,Supervisor,Morning,99528.18
248748,161096,Maintenance,Associate,Night,40492.46
248749,160777,Sales,Manager,Morning,144527.27
248750,160169,Front Office,Associate,Night,110977.68
248751,160626,Food & Beverage,Executive,Evening,21257.1
248752,160717,Housekeeping,Associate,Morning,104923.3
248753,160775,Housekeeping,Associate,Morning,125431.17
248754,161182,Food & Beverage,Technician,Evening,140846.6
248755,160209,Maintenance,Executive,Morning,76521.29
248756,161451,Front Office,Executive,Evening,78874.61
248757,160172,Housekeeping,Chef,Night,30462.66
248758,161181,Food & Beverage,Executive,Morning,113941.58
248759,160428,Housekeeping,Chef,Night,173402.15
248760,160450,Maintenance,Technician,Evening,178691.67
248761,160410,Maintenance,Technician,Morning,170067.34
248762,160675,Food & Beverage,Executive,Morning,115849.7
248763,160992,Sales,Associate,Evening,85623.18
248764,160289,Maintenance,Associate,Night,150839.41
248765,161998,Maintenance,Associate,Evening,172853.05
248766,160270,Maintenance,Manager,Night,159369.55
248767,160832,Sales,Manager,Night,99646.44
248768,160736,Maintenance,Supervisor,Night,148742.65
248769,161167,Maintenance,Supervisor,Evening,77978.26
248770,160116,Food & Beverage,Manager,Evening,70024.92
248771,160136,Sales,Associate,Evening,146412.97
248772,161568,Maintenance,Executive,Morning,85941.24
248773,160293,Sales,Technician,Evening,91739.03
248774,160516,Front Office,Executive,Morning,104575.23
248775,161797,Sales,Associate,Evening,170496.47
248776,160016,Sales,Chef,Night,56563.51
248777,161611,Housekeeping,Associate,Night,150838.55
248778,160224,Maintenance,Chef,Morning,92921.21
248779,160369,Front Office,Chef,Morning,31915.92
248780,160679,Sales,Chef,Evening,117831.28
248781,160360,Maintenance,Technician,Evening,129083.22
248782,161325,Food & Beverage,Associate,Morning,21979.44
248783,160205,Food & Beverage,Manager,Evening,57474.17
248784,160593,Food & Beverage,Technician,Morning,104105.11
248785,160381,Maintenance,Executive,Night,69092.6
248786,161122,Front Office,Manager,Morning,65096.3
248787,160947,Housekeeping,Chef,Evening,113788.77
248788,161969,Housekeeping,Chef,Morning,116837.78
248789,161846,Maintenance,Technician,Morning,63955.5
248790,160613,Sales,Manager,Morning,94395.97
248791,160170,Food & Beverage,Technician,Evening,73353.12
248792,161091,Housekeeping,Associate,Evening,178550.75
248793,161683,Housekeeping,Technician,Morning,94572.25
248794,161693,Front Office,Technician,Night,72111.41
248795,161961,Housekeeping,Supervisor,Night,51559.1
248796,160197,Maintenance,Supervisor,Morning,125592.03
248797,161328,Maintenance,Chef,Evening,30218.55
248798,161030,Maintenance,Manager,Evening,75741.08
248799,161539,Sales,Supervisor,Night,139451.29
248800,160410,Food & Beverage,Technician,Night,114715.42
248801,160764,Housekeeping,Chef,Night,30788.29
248802,161614,Sales,Chef,Night,109253.77
248803,160097,Maintenance,Manager,Evening,42623.61
248804,161299,Maintenance,Associate,Morning,87710.9
248805,161516,Sales,Associate,Morning,68351.76
248806,160506,Maintenance,Technician,Evening,72245.63
248807,160989,Front Office,Technician,Morning,152950.77
248808,161443,Housekeeping,Technician,Evening,99610.98
248809,160719,Sales,Chef,Evening,66498.79
248810,160812,Maintenance,Chef,Morning,91029.91
248811,161701,Housekeeping,Associate,Evening,106627.54
248812,160155,Sales,Supervisor,Morning,138287.06
248813,161685,Maintenance,Technician,Night,142613.5
248814,161652,Maintenance,Manager,Night,152543.06
248815,160004,Housekeeping,Supervisor,Evening,138353.14
248816,160281,Housekeeping,Associate,Evening,70050.97
248817,161210,Sales,Executive,Night,100333.59
248818,160655,Maintenance,Associate,Evening,63766.99
248819,160153,Housekeeping,Chef,Night,45724.91
248820,161177,Sales,Executive,Morning,92049.19
248821,161767,Front Office,Manager,Evening,107287.03
248822,161526,Front Office,Executive,Night,94930.52
248823,160647,Sales,Technician,Evening,40437.71
248824,160249,Food & Beverage,Chef,Morning,47329.31
248825,160781,Housekeeping,Supervisor,Night,43463.11
248826,161179,Maintenance,Manager,Evening,152166.94
248827,161392,Housekeeping,Chef,Evening,121444.22
248828,160200,Sales,Executive,Night,118873.0
248829,161614,Front Office,Manager,Morning,63733.85
248830,161997,Front Office,Executive,Evening,95952.68
248831,161739,Food & Beverage,Associate,Night,32405.79
248832,160327,Maintenance,Executive,Evening,88711.78
248833,161203,Sales,Manager,Night,152900.42
248834,160718,Front Office,Executive,Night,147199.93
248835,161032,Front Office,Supervisor,Night,51732.64
248836,160056,Housekeeping,Chef,Night,72661.51
248837,160243,Front Office,Technician,Night,79909.72
248838,161869,Sales,Executive,Evening,135699.87
248839,160419,Food & Beverage,Technician,Evening,91990.6
248840,160463,Food & Beverage,Associate,Night,142960.68
248841,161581,Housekeeping,Associate,Morning,82215.97
248842,160573,Front Office,Manager,Morning,118671.45
248843,161739,Housekeeping,Manager,Evening,23331.51
248844,161319,Maintenance,Technician,Morning,159127.48
248845,160893,Maintenance,Chef,Morning,57314.48
248846,160295,Housekeeping,Executive,Morning,99525.21
248847,160145,Housekeeping,Associate,Evening,107875.61
248848,160258,Sales,Chef,Night,147895.75
248849,161613,Sales,Supervisor,Morning,166909.77
248850,160816,Front Office,Technician,Morning,135850.95
248851,161073,Housekeeping,Supervisor,Night,161890.31
248852,161575,Food & Beverage,Technician,Evening,81849.56
248853,160736,Food & Beverage,Supervisor,Night,125639.88
248854,160882,Front Office,Executive,Morning,72310.65
248855,160969,Sales,Supervisor,Morning,61135.6
248856,160119,Maintenance,Executive,Evening,47285.07
248857,161009,Food & Beverage,Technician,Night,146918.05
248858,161794,Housekeeping,Technician,Evening,24713.95
248859,160148,Maintenance,Chef,Morning,136594.03
248860,160589,Maintenance,Manager,Morning,123715.54
248861,160661,Maintenance,Associate,Morning,164065.96
248862,160255,Maintenance,Technician,Night,152488.6
248863,160906,Front Office,Associate,Evening,137251.79
248864,161502,Food & Beverage,Technician,Morning,71210.77
248865,161322,Front Office,Technician,Evening,76766.59
248866,160963,Food & Beverage,Manager,Evening,169428.53
248867,161578,Housekeeping,Supervisor,Evening,58162.37
248868,161965,Sales,Associate,Night,55123.96
248869,161520,Front Office,Manager,Evening,103023.53
248870,161729,Housekeeping,Manager,Evening,92735.88
248871,160577,Front Office,Supervisor,Morning,85310.41
248872,161813,Maintenance,Chef,Night,82313.33
248873,161112,Housekeeping,Executive,Night,87892.25
248874,160205,Sales,Chef,Night,46955.17
248875,160661,Sales,Executive,Morning,101117.65
248876,161267,Sales,Manager,Morning,52495.58
248877,160613,Housekeeping,Associate,Evening,20934.7
248878,160953,Food & Beverage,Associate,Night,139950.55
248879,161953,Front Office,Associate,Night,64668.85
248880,161546,Maintenance,Supervisor,Evening,83861.36
248881,160824,Maintenance,Supervisor,Night,99325.46
248882,161056,Front Office,Executive,Morning,22375.55
248883,160948,Maintenance,Manager,Night,57819.34
248884,160272,Food & Beverage,Executive,Morning,108568.63
248885,160383,Sales,Executive,Morning,164480.96
248886,161561,Front Office,Manager,Night,65617.22
248887,161725,Sales,Associate,Night,21578.44
248888,160090,Maintenance,Chef,Morning,42345.41
248889,161512,Front Office,Manager,Morning,137100.38
248890,161773,Sales,Chef,Night,179174.73
248891,160496,Front Office,Supervisor,Evening,24949.69
248892,161233,Sales,Executive,Night,42883.6
248893,161979,Sales,Manager,Evening,22479.17
248894,160811,Front Office,Executive,Evening,48935.96
248895,161933,Front Office,Manager,Evening,112078.01
248896,160385,Food & Beverage,Executive,Night,135981.67
248897,160178,Food & Beverage,Technician,Evening,98853.64
248898,160540,Front Office,Manager,Evening,93841.57
248899,160062,Front Office,Executive,Night,166920.05
248900,160428,Front Office,Executive,Evening,130436.86
248901,161535,Front Office,Associate,Morning,130091.29
248902,161176,Food & Beverage,Chef,Night,167764.45
248903,161048,Food & Beverage,Technician,Night,104060.39
248904,161272,Sales,Technician,Evening,48019.89
248905,161948,Housekeeping,Associate,Morning,141795.16
248906,160148,Sales,Associate,Morning,140980.51
248907,160692,Maintenance,Associate,Evening,88633.35
248908,160361,Front Office,Chef,Morning,48302.78
248909,161843,Front Office,Executive,Night,92510.0
248910,160600,Maintenance,Executive,Evening,134388.51
248911,160942,Food & Beverage,Manager,Night,103301.43
248912,161395,Front Office,Chef,Morning,44562.02
248913,160785,Front Office,Chef,Morning,177732.87
248914,160723,Housekeeping,Executive,Evening,161652.75
248915,161483,Food & Beverage,Associate,Evening,34005.08
248916,160283,Housekeeping,Executive,Morning,137950.65
248917,161382,Front Office,Associate,Night,119434.78
248918,161722,Food & Beverage,Chef,Evening,79980.25
248919,160322,Housekeeping,Associate,Night,162308.26
248920,160980,Front Office,Associate,Evening,34187.53
248921,161078,Sales,Executive,Night,112445.67
248922,160857,Food & Beverage,Associate,Morning,96957.52
248923,161008,Front Office,Supervisor,Night,179965.27
248924,161673,Sales,Executive,Evening,113676.11
248925,161165,Housekeeping,Manager,Night,101705.03
248926,160264,Housekeeping,Manager,Evening,173993.6
248927,160506,Sales,Chef,Night,110104.72
248928,161133,Sales,Associate,Night,160919.58
248929,161267,Front Office,Manager,Evening,109973.78
248930,160476,Front Office,Executive,Morning,64987.01
248931,160430,Maintenance,Manager,Night,86173.15
248932,160346,Food & Beverage,Supervisor,Morning,87634.95
248933,160278,Front Office,Supervisor,Morning,132907.4
248934,160766,Housekeeping,Supervisor,Evening,29501.57
248935,161060,Maintenance,Chef,Evening,126567.78
248936,161285,Maintenance,Associate,Night,69876.38
248937,160906,Housekeeping,Manager,Morning,148111.35
248938,161853,Maintenance,Technician,Night,34446.24
248939,160447,Sales,Manager,Morning,92043.28
248940,160950,Sales,Supervisor,Night,43402.0
248941,160886,Sales,Associate,Morning,40665.84
248942,160040,Sales,Technician,Night,74987.66
248943,160427,Front Office,Associate,Night,131945.16
248944,160081,Sales,Technician,Morning,152895.67
248945,161739,Front Office,Supervisor,Night,58665.82
248946,160983,Sales,Executive,Evening,74015.53
248947,160900,Maintenance,Executive,Morning,26434.61
248948,160138,Food & Beverage,Technician,Evening,38953.65
248949,160719,Sales,Chef,Morning,30258.87
248950,160002,Front Office,Technician,Evening,58976.02
248951,160471,Food & Beverage,Technician,Morning,90834.04
248952,160834,Front Office,Chef,Morning,72475.4
248953,160447,Housekeeping,Technician,Morning,114289.52
248954,161615,Sales,Manager,Morning,119840.02
248955,160834,Food & Beverage,Executive,Evening,88803.24
248956,161262,Maintenance,Manager,Evening,19612.2
248957,161458,Sales,Chef,Night,102163.1
248958,160527,Front Office,Executive,Evening,29658.55
248959,161848,Food & Beverage,Manager,Morning,131406.92
248960,161269,Maintenance,Associate,Morning,63684.25
248961,161439,Sales,Manager,Morning,19741.0
248962,160011,Front Office,Supervisor,Evening,62897.11
248963,160613,Sales,Technician,Night,175524.23
248964,161316,Housekeeping,Supervisor,Night,131828.5
248965,160538,Front Office,Supervisor,Night,85887.3
248966,161319,Maintenance,Associate,Morning,104535.61
248967,160276,Maintenance,Chef,Morning,155088.06
248968,160557,Front Office,Technician,Morning,27687.92
248969,161286,Sales,Supervisor,Evening,143234.17
248970,160176,Housekeeping,Technician,Evening,87529.35
248971,161838,Sales,Supervisor,Night,101328.16
248972,161217,Housekeeping,Technician,Night,30857.45
248973,160209,Maintenance,Technician,Morning,57035.43
248974,161242,Maintenance,Technician,Morning,102273.52
248975,161655,Maintenance,Chef,Night,36667.09
248976,161714,Sales,Supervisor,Morning,24222.78
248977,161719,Food & Beverage,Chef,Evening,79707.09
248978,160683,Maintenance,Manager,Evening,21200.62
248979,160251,Sales,Executive,Evening,74090.42
248980,160304,Food & Beverage,Associate,Night,132500.76
248981,161848,Front Office,Associate,Morning,38764.55
248982,161760,Sales,Manager,Morning,54833.65
248983,161100,Sales,Executive,Night,38205.71
248984,161540,Housekeeping,Supervisor,Evening,116820.46
248985,161971,Front Office,Supervisor,Morning,64599.21
248986,160067,Front Office,Technician,Morning,172743.25
248987,161221,Maintenance,Supervisor,Evening,86300.33
248988,161226,Front Office,Supervisor,Evening,86920.35
248989,161679,Food & Beverage,Manager,Night,135961.57
248990,161141,Maintenance,Technician,Night,62152.93
248991,160133,Sales,Associate,Evening,124079.26
248992,161436,Housekeeping,Chef,Morning,127153.42
248993,160293,Food & Beverage,Manager,Night,167718.44
248994,161340,Food & Beverage,Chef,Morning,27070.05
248995,160107,Food & Beverage,Executive,Morning,66664.55
248996,161707,Front Office,Chef,Night,64583.98
248997,161200,Housekeeping,Manager,Evening,68572.98
248998,160803,Maintenance,Supervisor,Evening,38585.02
248999,160843,Housekeeping,Technician,Night,90115.11
249000,160154,Housekeeping,Manager,Morning,80602.89
249001,160059,Food & Beverage,Executive,Evening,83309.98
249002,161577,Food & Beverage,Supervisor,Night,171139.8
249003,161554,Food & Beverage,Associate,Morning,142059.1
249004,160943,Housekeeping,Associate,Morning,115266.74
249005,160463,Front Office,Supervisor,Evening,132359.61
249006,160957,Sales,Technician,Night,74001.07
249007,160275,Maintenance,Technician,Night,132397.23
249008,161881,Front Office,Manager,Evening,78437.88
249009,160432,Sales,Technician,Morning,42476.92
249010,160280,Maintenance,Manager,Night,71124.76
249011,160456,Food & Beverage,Technician,Evening,143890.6
249012,160898,Food & Beverage,Chef,Morning,36393.47
249013,160028,Housekeeping,Chef,Morning,147630.59
249014,160611,Food & Beverage,Chef,Evening,165550.79
249015,161798,Sales,Executive,Evening,123174.27
249016,160088,Front Office,Executive,Night,165348.24
249017,160623,Front Office,Executive,Night,90948.84
249018,160206,Sales,Supervisor,Evening,70126.81
249019,160431,Maintenance,Associate,Morning,126882.92
249020,161383,Sales,Technician,Evening,126169.59
249021,160510,Front Office,Supervisor,Night,88579.44
249022,160538,Sales,Executive,Morning,162462.14
249023,161652,Front Office,Manager,Morning,50572.18
249024,160281,Sales,Associate,Night,52666.97
249025,161114,Maintenance,Executive,Night,58597.78
249026,161505,Housekeeping,Manager,Evening,82547.39
249027,160832,Sales,Executive,Evening,124793.54
249028,160381,Housekeeping,Executive,Morning,101393.53
249029,160881,Front Office,Executive,Morning,91573.94
249030,161896,Housekeeping,Associate,Night,49902.05
249031,161815,Sales,Chef,Morning,22901.85
249032,160846,Sales,Technician,Evening,146587.42
249033,160197,Front Office,Technician,Evening,94416.45
249034,160054,Housekeeping,Supervisor,Evening,123674.65
249035,161738,Front Office,Technician,Evening,169364.33
249036,161191,Maintenance,Associate,Night,100288.85
249037,160458,Food & Beverage,Executive,Night,150918.71
249038,160734,Front Office,Technician,Night,62468.67
249039,161450,Housekeeping,Associate,Night,52623.2
249040,161047,Front Office,Chef,Morning,99053.15
249041,161354,Sales,Executive,Morning,29061.18
249042,161325,Sales,Supervisor,Morning,170421.1
249043,161640,Sales,Manager,Night,178030.67
249044,160402,Front Office,Supervisor,Morning,172197.75
249045,160770,Sales,Manager,Morning,97278.54
249046,160587,Sales,Executive,Night,57460.81
249047,160239,Front Office,Executive,Night,116920.56
249048,161373,Front Office,Executive,Morning,38569.61
249049,161520,Sales,Executive,Evening,162469.78
249050,161507,Maintenance,Executive,Evening,153405.05
249051,161769,Housekeeping,Technician,Morning,41843.78
249052,161742,Maintenance,Technician,Night,135988.32
249053,161429,Food & Beverage,Executive,Morning,107479.8
249054,160457,Food & Beverage,Supervisor,Evening,115160.6
249055,160424,Front Office,Chef,Evening,156100.28
249056,160679,Sales,Associate,Evening,26110.73
249057,160551,Maintenance,Manager,Evening,114200.33
249058,161693,Front Office,Supervisor,Evening,137260.31
249059,160309,Sales,Executive,Night,177255.98
249060,160063,Food & Beverage,Technician,Morning,65820.79
249061,160561,Maintenance,Supervisor,Morning,56060.35
249062,161944,Food & Beverage,Technician,Evening,26172.42
249063,161430,Maintenance,Manager,Night,107055.84
249064,161903,Maintenance,Manager,Night,53691.67
249065,160584,Maintenance,Executive,Morning,67333.89
249066,160661,Food & Beverage,Associate,Morning,20453.56
249067,160215,Maintenance,Technician,Morning,155691.54
249068,160921,Front Office,Technician,Night,112302.34
249069,160682,Maintenance,Executive,Night,164139.22
249070,161206,Food & Beverage,Associate,Night,21630.8
249071,161650,Housekeeping,Chef,Night,127547.79
249072,161916,Housekeeping,Manager,Morning,153643.43
249073,161605,Maintenance,Executive,Morning,134494.09
249074,161264,Maintenance,Chef,Night,173424.81
249075,161088,Sales,Technician,Morning,154523.32
249076,161124,Sales,Executive,Night,39869.36
249077,160357,Sales,Manager,Morning,130384.92
249078,161407,Food & Beverage,Supervisor,Morning,170929.97
249079,161545,Housekeeping,Associate,Morning,108841.87
249080,160602,Sales,Technician,Night,165489.53
249081,160104,Housekeeping,Executive,Night,175129.69
249082,160473,Food & Beverage,Supervisor,Night,95990.6
249083,161904,Sales,Executive,Evening,37898.76
249084,161570,Front Office,Manager,Night,45865.17
249085,161032,Front Office,Chef,Morning,18558.07
249086,160542,Maintenance,Technician,Evening,142435.69
249087,160303,Sales,Manager,Night,82512.14
249088,160323,Housekeeping,Technician,Evening,143507.87
249089,161296,Housekeeping,Technician,Morning,23235.3
249090,160108,Maintenance,Technician,Evening,36573.19
249091,161092,Housekeeping,Supervisor,Evening,168683.95
249092,161548,Maintenance,Supervisor,Evening,19772.9
249093,160854,Sales,Associate,Night,23858.6
249094,161993,Sales,Chef,Night,160293.03
249095,160832,Front Office,Supervisor,Evening,80731.47
249096,161193,Maintenance,Technician,Night,112811.81
249097,161876,Food & Beverage,Technician,Morning,122416.77
249098,161618,Sales,Executive,Morning,142469.67
249099,160303,Maintenance,Chef,Morning,94583.5
249100,161123,Housekeeping,Associate,Evening,146651.05
249101,161760,Sales,Manager,Morning,152894.33
249102,160970,Food & Beverage,Executive,Evening,142435.42
249103,160424,Front Office,Supervisor,Night,176373.53
249104,160568,Housekeeping,Associate,Morning,168883.73
249105,160223,Front Office,Supervisor,Night,148944.13
249106,161409,Housekeeping,Technician,Evening,133736.29
249107,161413,Housekeeping,Chef,Morning,43312.21
249108,160803,Sales,Supervisor,Night,133665.6
249109,160229,Sales,Technician,Morning,48282.5
249110,161663,Maintenance,Associate,Evening,173124.97
249111,160596,Front Office,Executive,Morning,166113.92
249112,161792,Front Office,Executive,Night,159481.67
249113,161817,Housekeeping,Associate,Morning,28345.39
249114,160556,Maintenance,Supervisor,Morning,25529.83
249115,161688,Housekeeping,Technician,Evening,175543.22
249116,160929,Food & Beverage,Executive,Night,82081.32
249117,161330,Front Office,Supervisor,Night,79115.0
249118,160164,Sales,Manager,Night,165315.24
249119,160602,Maintenance,Supervisor,Morning,122141.8
249120,160660,Sales,Technician,Morning,141666.45
249121,161392,Front Office,Chef,Night,152156.6
249122,161170,Housekeeping,Associate,Morning,83061.85
249123,161370,Housekeeping,Supervisor,Morning,109360.81
249124,160643,Sales,Executive,Night,156042.38
249125,161353,Housekeeping,Chef,Morning,127347.69
249126,160408,Front Office,Associate,Night,135725.17
249127,160095,Food & Beverage,Supervisor,Night,165738.27
249128,161629,Sales,Associate,Night,141807.97
249129,160696,Maintenance,Technician,Morning,58346.17
249130,160315,Maintenance,Technician,Morning,174424.9
249131,160056,Sales,Manager,Morning,66010.02
249132,160634,Housekeeping,Executive,Night,153888.12
249133,161475,Food & Beverage,Supervisor,Morning,46386.13
249134,160018,Front Office,Executive,Night,91273.25
249135,160002,Food & Beverage,Supervisor,Night,104108.74
249136,161167,Front Office,Associate,Night,43652.53
249137,160672,Sales,Supervisor,Night,117533.34
249138,160076,Food & Beverage,Manager,Night,41363.52
249139,160031,Sales,Chef,Evening,168385.75
249140,160083,Maintenance,Technician,Evening,97355.37
249141,161526,Sales,Executive,Night,103808.98
249142,160165,Maintenance,Executive,Night,76357.47
249143,161073,Maintenance,Chef,Night,34759.06
249144,160072,Maintenance,Technician,Night,158790.06
249145,161880,Housekeeping,Chef,Morning,72533.44
249146,160248,Sales,Associate,Night,106354.53
249147,161191,Housekeeping,Technician,Morning,103239.4
249148,161333,Food & Beverage,Associate,Evening,168291.26
249149,161635,Sales,Manager,Evening,110523.26
249150,160827,Food & Beverage,Technician,Night,86845.47
249151,160979,Housekeeping,Executive,Morning,31347.33
249152,161845,Sales,Manager,Night,45024.87
249153,161790,Food & Beverage,Chef,Morning,62057.48
249154,160143,Maintenance,Supervisor,Morning,119773.95
249155,161946,Front Office,Chef,Morning,171963.99
249156,160556,Maintenance,Technician,Evening,97762.86
249157,161079,Sales,Executive,Night,97874.08
249158,161276,Food & Beverage,Supervisor,Night,151524.1
249159,160324,Food & Beverage,Supervisor,Evening,88232.63
249160,161382,Housekeeping,Technician,Night,108722.27
249161,161156,Maintenance,Chef,Morning,18671.57
249162,161349,Front Office,Manager,Evening,93363.74
249163,161274,Sales,Technician,Morning,129196.92
249164,161031,Front Office,Supervisor,Night,92692.34
249165,161059,Sales,Executive,Morning,40440.96
249166,160865,Housekeeping,Associate,Evening,163672.77
249167,160427,Food & Beverage,Executive,Evening,63802.46
249168,161446,Sales,Executive,Night,129912.08
249169,161444,Sales,Executive,Morning,24661.4
249170,160296,Food & Beverage,Supervisor,Night,71589.5
249171,161831,Sales,Chef,Evening,99555.69
249172,161294,Front Office,Associate,Evening,26132.63
249173,160179,Housekeeping,Supervisor,Morning,135820.09
249174,160986,Front Office,Supervisor,Evening,26212.71
249175,160686,Maintenance,Technician,Night,172362.73
249176,161879,Food & Beverage,Supervisor,Night,146364.81
249177,160689,Maintenance,Supervisor,Morning,33297.6
249178,160943,Maintenance,Technician,Night,48664.29
249179,161770,Maintenance,Executive,Morning,82237.08
249180,161596,Sales,Associate,Evening,174710.09
249181,160452,Housekeeping,Technician,Morning,133079.86
249182,161735,Front Office,Chef,Morning,83325.02
249183,161763,Housekeeping,Technician,Evening,175361.29
249184,161696,Front Office,Manager,Morning,102926.42
249185,160479,Housekeeping,Associate,Evening,35897.09
249186,161437,Food & Beverage,Manager,Evening,170115.76
249187,160225,Maintenance,Chef,Morning,113560.32
249188,161231,Maintenance,Associate,Night,143890.2
249189,160889,Maintenance,Associate,Morning,21067.81
249190,160490,Front Office,Manager,Evening,27530.42
249191,161292,Food & Beverage,Supervisor,Morning,128155.6
249192,161409,Food & Beverage,Supervisor,Night,82125.0
249193,160630,Front Office,Associate,Morning,21316.31
249194,160376,Sales,Chef,Night,105108.76
249195,160330,Maintenance,Executive,Evening,177315.55
249196,161425,Front Office,Manager,Night,46842.31
249197,161255,Front Office,Supervisor,Evening,163962.34
249198,160438,Food & Beverage,Manager,Night,18110.6
249199,160583,Sales,Technician,Night,59739.8
249200,160270,Housekeeping,Technician,Night,19955.63
249201,161273,Front Office,Chef,Evening,157508.24
249202,161240,Sales,Manager,Night,166166.09
249203,161917,Food & Beverage,Associate,Morning,37404.81
249204,161401,Housekeeping,Associate,Evening,158914.66
249205,160517,Housekeeping,Executive,Evening,34010.14
249206,161886,Sales,Supervisor,Morning,22514.79
249207,161588,Front Office,Chef,Night,58549.34
249208,160496,Food & Beverage,Supervisor,Night,154899.65
249209,161312,Sales,Technician,Morning,165309.4
249210,160757,Sales,Technician,Night,25169.77
249211,161772,Housekeeping,Manager,Evening,166783.4
249212,161592,Maintenance,Technician,Evening,71667.82
249213,161763,Housekeeping,Technician,Evening,170127.94
249214,160639,Front Office,Executive,Morning,76523.73
249215,161907,Food & Beverage,Executive,Morning,98713.0
249216,160381,Sales,Associate,Night,151670.9
249217,160937,Housekeeping,Supervisor,Morning,43834.77
249218,160473,Housekeeping,Supervisor,Evening,155665.07
249219,161126,Front Office,Chef,Evening,81926.93
249220,160303,Food & Beverage,Supervisor,Night,152418.38
249221,160008,Food & Beverage,Technician,Evening,114045.98
249222,161232,Sales,Supervisor,Evening,30557.8
249223,161515,Food & Beverage,Executive,Evening,147921.65
249224,160333,Sales,Technician,Night,159975.1
249225,161466,Food & Beverage,Executive,Night,31881.72
249226,161251,Front Office,Executive,Morning,46735.47
249227,161062,Housekeeping,Chef,Evening,64339.26
249228,161749,Housekeeping,Supervisor,Evening,139398.28
249229,160775,Front Office,Executive,Night,87364.44
249230,161754,Food & Beverage,Executive,Morning,94695.46
249231,160293,Food & Beverage,Technician,Night,50034.73
249232,161856,Maintenance,Supervisor,Evening,125369.75
249233,161879,Maintenance,Associate,Night,114688.64
249234,161073,Front Office,Supervisor,Evening,47531.38
249235,160966,Front Office,Supervisor,Night,99212.63
249236,161067,Sales,Manager,Night,24541.55
249237,161710,Housekeeping,Supervisor,Evening,175652.98
249238,160875,Food & Beverage,Technician,Night,99140.86
249239,160588,Front Office,Executive,Morning,46506.59
249240,160817,Sales,Chef,Morning,37257.88
249241,160123,Housekeeping,Associate,Evening,83553.65
249242,160972,Housekeeping,Technician,Evening,28229.56
249243,160550,Front Office,Supervisor,Evening,42816.01
249244,160558,Sales,Executive,Evening,76959.51
249245,160377,Housekeeping,Supervisor,Morning,132082.68
249246,161620,Maintenance,Chef,Night,143140.28
249247,160088,Front Office,Manager,Morning,19217.93
249248,160359,Maintenance,Supervisor,Morning,173914.36
249249,160249,Food & Beverage,Executive,Evening,40080.23
249250,161845,Maintenance,Associate,Evening,159500.07
249251,161284,Housekeeping,Associate,Evening,37491.94
249252,160853,Maintenance,Technician,Morning,117457.2
249253,161346,Maintenance,Executive,Night,85226.35
249254,161111,Maintenance,Manager,Morning,128091.96
249255,161328,Housekeeping,Technician,Evening,56042.66
249256,160985,Maintenance,Technician,Morning,132634.46
249257,161310,Sales,Supervisor,Evening,87851.56
249258,160587,Housekeeping,Executive,Night,144072.97
249259,160423,Housekeeping,Manager,Night,128047.37
249260,161615,Front Office,Technician,Evening,31111.43
249261,161660,Food & Beverage,Manager,Evening,135632.75
249262,161222,Maintenance,Executive,Night,29709.99
249263,161419,Housekeeping,Supervisor,Evening,148704.07
249264,160961,Food & Beverage,Executive,Evening,157332.48
249265,160485,Food & Beverage,Technician,Morning,21980.26
249266,161838,Housekeeping,Manager,Morning,25385.72
249267,160486,Sales,Chef,Morning,46625.41
249268,160937,Front Office,Associate,Night,156030.87
249269,160694,Sales,Technician,Morning,134831.08
249270,161917,Maintenance,Technician,Evening,131197.25
249271,161390,Housekeeping,Associate,Evening,84065.81
249272,160248,Sales,Chef,Evening,95929.18
249273,160034,Food & Beverage,Chef,Evening,115898.3
249274,160063,Sales,Manager,Morning,60453.31
249275,161462,Food & Beverage,Associate,Morning,135699.81
249276,160685,Sales,Supervisor,Morning,91414.53
249277,160631,Food & Beverage,Executive,Evening,142253.26
249278,160335,Food & Beverage,Technician,Morning,165109.24
249279,161835,Sales,Executive,Evening,81529.37
249280,161753,Housekeeping,Executive,Evening,100025.21
249281,160299,Maintenance,Supervisor,Morning,18647.04
249282,160986,Sales,Technician,Morning,133924.4
249283,161125,Sales,Executive,Night,40878.2
249284,160390,Maintenance,Executive,Evening,151019.18
249285,161014,Housekeeping,Supervisor,Evening,33487.54
249286,161263,Food & Beverage,Associate,Evening,152445.88
249287,160349,Front Office,Technician,Morning,135159.9
249288,161148,Housekeeping,Chef,Night,92688.81
249289,160252,Food & Beverage,Technician,Morning,71400.45
249290,160819,Housekeeping,Chef,Night,72194.29
249291,161114,Sales,Chef,Morning,127848.08
249292,160749,Food & Beverage,Technician,Evening,162786.67
249293,161377,Food & Beverage,Manager,Morning,18455.16
249294,161458,Food & Beverage,Associate,Evening,79972.01
249295,160420,Housekeeping,Manager,Evening,60610.87
249296,160307,Sales,Chef,Evening,148695.39
249297,161718,Front Office,Executive,Morning,52948.05
249298,161718,Food & Beverage,Manager,Morning,144997.53
249299,161029,Food & Beverage,Executive,Morning,63844.7
249300,160833,Housekeeping,Supervisor,Evening,91598.61
249301,160392,Food & Beverage,Manager,Night,86261.13
249302,160199,Maintenance,Associate,Evening,101269.69
249303,161372,Maintenance,Manager,Night,89032.5
249304,161179,Front Office,Manager,Evening,49553.79
249305,161767,Maintenance,Manager,Evening,64041.8
249306,160266,Front Office,Executive,Morning,24211.76
249307,160918,Housekeeping,Chef,Evening,31847.22
249308,160388,Maintenance,Associate,Evening,130563.47
249309,161554,Maintenance,Supervisor,Morning,146282.52
249310,160896,Food & Beverage,Supervisor,Morning,97248.25
249311,160889,Maintenance,Technician,Evening,118960.13
249312,160174,Food & Beverage,Supervisor,Night,42411.98
249313,160292,Housekeeping,Manager,Morning,36256.25
249314,160386,Sales,Chef,Night,101108.13
249315,161346,Housekeeping,Associate,Morning,80237.68
249316,161452,Food & Beverage,Supervisor,Evening,32542.76
249317,160741,Housekeeping,Supervisor,Evening,37992.58
249318,160055,Sales,Associate,Evening,82741.1
249319,161435,Maintenance,Supervisor,Evening,71779.74
249320,160480,Housekeeping,Associate,Evening,131990.26
249321,160500,Maintenance,Technician,Night,67129.64
249322,160621,Housekeeping,Chef,Night,103444.81
249323,160488,Maintenance,Associate,Night,152704.53
249324,160842,Food & Beverage,Manager,Morning,178536.28
249325,160075,Maintenance,Manager,Morning,161536.07
249326,160066,Sales,Executive,Evening,128021.84
249327,160103,Food & Beverage,Manager,Night,118819.88
249328,161608,Food & Beverage,Technician,Night,146850.26
249329,161988,Maintenance,Chef,Night,116339.09
249330,161564,Maintenance,Supervisor,Night,158430.35
249331,160968,Front Office,Technician,Night,154784.35
249332,160772,Front Office,Technician,Morning,48456.34
249333,161355,Food & Beverage,Associate,Evening,63062.01
249334,160380,Housekeeping,Associate,Morning,93067.52
249335,160864,Maintenance,Associate,Morning,127882.89
249336,161738,Maintenance,Technician,Evening,176808.9
249337,160724,Front Office,Associate,Night,33123.92
249338,160854,Sales,Executive,Morning,21105.45
249339,161930,Front Office,Technician,Night,65664.06
249340,161864,Food & Beverage,Manager,Morning,122368.66
249341,160743,Housekeeping,Technician,Evening,33028.58
249342,161869,Sales,Executive,Night,22170.64
249343,161060,Maintenance,Chef,Night,117769.12
249344,160478,Housekeeping,Executive,Evening,35111.1
249345,160996,Front Office,Chef,Morning,142225.97
249346,160987,Front Office,Associate,Morning,80507.72
249347,161102,Sales,Executive,Morning,35936.31
249348,160313,Food & Beverage,Technician,Morning,117632.38
249349,161332,Housekeeping,Executive,Morning,113902.53
249350,160813,Sales,Technician,Evening,88456.4
249351,161958,Front Office,Manager,Morning,179196.0
249352,161817,Food & Beverage,Technician,Morning,78484.51
249353,160421,Housekeeping,Technician,Morning,161620.71
249354,161399,Food & Beverage,Executive,Night,151067.37
249355,161099,Sales,Associate,Evening,78611.35
249356,161014,Housekeeping,Manager,Night,27615.12
249357,160917,Front Office,Supervisor,Night,67164.84
249358,160781,Sales,Manager,Evening,156636.97
249359,161844,Food & Beverage,Manager,Evening,96689.04
249360,160706,Housekeeping,Supervisor,Evening,55372.0
249361,161172,Maintenance,Technician,Evening,47909.99
249362,161763,Maintenance,Technician,Morning,34124.62
249363,160199,Maintenance,Executive,Evening,112394.01
249364,160679,Front Office,Supervisor,Evening,88336.02
249365,160885,Housekeeping,Supervisor,Morning,149712.63
249366,160921,Front Office,Manager,Evening,120234.38
249367,160295,Food & Beverage,Executive,Evening,30431.72
249368,160570,Front Office,Manager,Night,179819.54
249369,161302,Sales,Manager,Morning,96694.8
249370,160823,Housekeeping,Executive,Morning,134363.56
249371,161242,Housekeeping,Executive,Evening,33624.55
249372,160990,Food & Beverage,Associate,Evening,41960.7
249373,161807,Sales,Associate,Morning,46770.49
249374,161381,Food & Beverage,Supervisor,Evening,27933.64
249375,160806,Food & Beverage,Executive,Morning,25738.64
249376,161748,Front Office,Supervisor,Morning,22367.35
249377,160839,Housekeeping,Technician,Evening,60729.97
249378,160397,Food & Beverage,Executive,Morning,90285.16
249379,160343,Front Office,Technician,Evening,35498.82
249380,161923,Food & Beverage,Executive,Evening,151868.51
249381,161490,Maintenance,Executive,Evening,119756.63
249382,160021,Housekeeping,Technician,Evening,120347.99
249383,160941,Sales,Manager,Night,33194.09
249384,160572,Front Office,Supervisor,Morning,121224.11
249385,160340,Housekeeping,Technician,Night,48934.8
249386,160581,Sales,Associate,Night,129634.7
249387,160402,Housekeeping,Technician,Night,120763.87
249388,161017,Housekeeping,Executive,Morning,124314.22
249389,161252,Maintenance,Technician,Evening,60031.99
249390,160674,Housekeeping,Manager,Night,81305.61
249391,160936,Sales,Associate,Night,78054.49
249392,160807,Housekeeping,Technician,Morning,77766.49
249393,161723,Food & Beverage,Executive,Night,126091.21
249394,160822,Food & Beverage,Manager,Night,133858.36
249395,160004,Food & Beverage,Chef,Evening,165747.33
249396,161693,Sales,Associate,Evening,74078.39
249397,160512,Housekeeping,Manager,Night,81415.39
249398,161118,Housekeeping,Executive,Night,120707.82
249399,160261,Sales,Manager,Night,137286.36
249400,161135,Sales,Technician,Evening,152948.34
249401,160432,Sales,Manager,Evening,85647.59
249402,160360,Food & Beverage,Supervisor,Evening,167271.86
249403,160435,Sales,Technician,Night,140073.64
249404,160186,Sales,Executive,Morning,172179.03
249405,160885,Maintenance,Executive,Night,99878.26
249406,160889,Sales,Technician,Night,176733.13
249407,161732,Front Office,Executive,Evening,122213.83
249408,161162,Sales,Associate,Evening,152513.81
249409,161447,Front Office,Chef,Morning,50308.9
249410,160274,Food & Beverage,Technician,Night,89089.08
249411,161884,Housekeeping,Supervisor,Morning,80037.33
249412,160084,Maintenance,Executive,Evening,79798.05
249413,160747,Food & Beverage,Supervisor,Morning,33234.6
249414,160567,Housekeeping,Associate,Morning,127973.76
249415,160331,Maintenance,Supervisor,Morning,27080.0
249416,160900,Sales,Chef,Evening,39287.91
249417,160580,Housekeeping,Technician,Morning,44154.65
249418,160008,Sales,Executive,Morning,28476.22
249419,161378,Housekeeping,Associate,Morning,77971.54
249420,160286,Housekeeping,Associate,Evening,53700.43
249421,160792,Sales,Executive,Evening,95995.27
249422,160149,Sales,Associate,Night,90561.37
249423,160932,Maintenance,Manager,Morning,58637.78
249424,160077,Front Office,Manager,Night,28722.5
249425,160036,Front Office,Chef,Evening,168215.95
249426,160337,Maintenance,Chef,Morning,173571.08
249427,161066,Front Office,Technician,Evening,79392.97
249428,161686,Maintenance,Executive,Morning,19509.77
249429,161098,Maintenance,Technician,Evening,102092.13
249430,161072,Front Office,Technician,Night,89513.89
249431,161231,Maintenance,Supervisor,Morning,81315.71
249432,161736,Housekeeping,Executive,Morning,44041.77
249433,160818,Sales,Technician,Night,73681.99
249434,160891,Front Office,Executive,Morning,142179.31
249435,160660,Housekeeping,Executive,Morning,25930.07
249436,161182,Maintenance,Associate,Morning,54798.93
249437,160049,Housekeeping,Manager,Morning,91092.9
249438,160690,Sales,Technician,Morning,168627.4
249439,160656,Front Office,Supervisor,Night,25065.98
249440,161301,Food & Beverage,Manager,Evening,61359.68
249441,161508,Maintenance,Supervisor,Night,73296.45
249442,161930,Front Office,Executive,Night,134945.17
249443,161332,Housekeeping,Manager,Morning,125713.01
249444,160012,Housekeeping,Technician,Evening,117651.86
249445,161703,Sales,Supervisor,Evening,46162.57
249446,161155,Maintenance,Manager,Morning,80499.09
249447,161220,Food & Beverage,Associate,Night,84037.81
249448,160850,Front Office,Chef,Morning,113457.57
249449,160761,Sales,Supervisor,Morning,92843.31
249450,161388,Sales,Associate,Evening,131398.51
249451,161229,Food & Beverage,Supervisor,Evening,47398.93
249452,160237,Maintenance,Manager,Evening,35540.48
249453,160472,Front Office,Manager,Night,27490.85
249454,161847,Food & Beverage,Supervisor,Morning,134731.94
249455,160404,Sales,Technician,Morning,158035.16
249456,160881,Maintenance,Supervisor,Evening,20624.35
249457,160726,Sales,Technician,Evening,55999.28
249458,160464,Maintenance,Chef,Night,84027.67
249459,160166,Maintenance,Supervisor,Night,142046.42
249460,161142,Sales,Executive,Night,124655.62
249461,161888,Sales,Supervisor,Morning,144145.18
249462,160833,Food & Beverage,Technician,Morning,36244.63
249463,161721,Food & Beverage,Supervisor,Night,146538.92
249464,160746,Maintenance,Technician,Morning,96492.52
249465,161357,Maintenance,Chef,Evening,111430.28
249466,160141,Front Office,Technician,Morning,138918.14
249467,161848,Front Office,Supervisor,Morning,71425.46
249468,160696,Front Office,Manager,Evening,115786.99
249469,161155,Housekeeping,Associate,Night,30311.12
249470,160069,Food & Beverage,Technician,Evening,109247.63
249471,161456,Housekeeping,Executive,Morning,29452.34
249472,161283,Housekeeping,Manager,Evening,167260.61
249473,161618,Front Office,Executive,Night,69548.98
249474,161609,Food & Beverage,Executive,Morning,20973.3
249475,160326,Housekeeping,Manager,Morning,111562.93
249476,161687,Front Office,Associate,Morning,122950.16
249477,160491,Housekeeping,Technician,Night,99587.35
249478,161501,Maintenance,Associate,Evening,83365.83
249479,161922,Maintenance,Executive,Evening,77799.27
249480,160701,Food & Beverage,Technician,Night,62952.13
249481,160611,Maintenance,Manager,Morning,73388.15
249482,160067,Front Office,Technician,Morning,86422.88
249483,161446,Maintenance,Executive,Night,99579.94
249484,161665,Housekeeping,Manager,Evening,176027.78
249485,161468,Sales,Manager,Night,38756.91
249486,160134,Sales,Chef,Morning,163367.77
249487,160118,Food & Beverage,Chef,Evening,24732.03
249488,161740,Front Office,Associate,Night,133264.87
249489,161160,Maintenance,Supervisor,Morning,109601.9
249490,160692,Front Office,Technician,Evening,133350.39
249491,160921,Food & Beverage,Supervisor,Night,46451.43
249492,161156,Maintenance,Associate,Night,140775.51
249493,160857,Front Office,Supervisor,Night,46880.75
249494,161495,Front Office,Chef,Evening,178403.3
249495,160661,Sales,Associate,Morning,41505.32
249496,161680,Housekeeping,Executive,Morning,108800.99
249497,161244,Food & Beverage,Chef,Evening,48769.05
249498,161707,Front Office,Chef,Night,139969.11
249499,161972,Maintenance,Manager,Night,119469.54
249500,161195,Housekeeping,Supervisor,Morning,136119.44
249501,160445,Housekeeping,Executive,Evening,37066.43
249502,160924,Maintenance,Executive,Night,113127.1
249503,160688,Front Office,Supervisor,Evening,58534.49
249504,160954,Front Office,Technician,Night,132832.03
249505,160908,Sales,Supervisor,Evening,78337.03
249506,160168,Front Office,Executive,Morning,145446.61
249507,160842,Food & Beverage,Chef,Night,25821.58
249508,160132,Sales,Technician,Morning,109883.22
249509,160042,Food & Beverage,Technician,Night,47671.81
249510,161872,Maintenance,Technician,Night,91121.03
249511,160687,Maintenance,Chef,Morning,75147.96
249512,160162,Front Office,Associate,Night,22050.8
249513,161229,Sales,Supervisor,Evening,144505.58
249514,161481,Maintenance,Supervisor,Morning,173624.48
249515,160189,Housekeeping,Supervisor,Night,39809.39
249516,161207,Front Office,Associate,Morning,92569.72
249517,160801,Food & Beverage,Manager,Night,149872.63
249518,160169,Front Office,Associate,Evening,141698.5
249519,161248,Maintenance,Technician,Morning,146763.1
249520,160242,Maintenance,Chef,Evening,38839.8
249521,160709,Sales,Chef,Morning,171231.04
249522,161532,Sales,Supervisor,Night,131650.0
249523,160479,Front Office,Executive,Night,142688.42
249524,160614,Maintenance,Supervisor,Morning,149762.34
249525,160808,Front Office,Chef,Night,114966.34
249526,161318,Maintenance,Chef,Morning,165377.6
249527,161678,Front Office,Associate,Evening,23751.05
249528,161847,Sales,Executive,Evening,84731.83
249529,160426,Front Office,Supervisor,Morning,90081.84
249530,161485,Sales,Executive,Morning,27263.97
249531,161176,Maintenance,Associate,Night,150143.33
249532,160060,Front Office,Associate,Morning,125528.44
249533,160986,Sales,Technician,Evening,152079.55
249534,160587,Sales,Chef,Evening,176123.24
249535,161989,Housekeeping,Executive,Morning,179729.22
249536,160158,Food & Beverage,Supervisor,Night,104430.51
249537,160126,Maintenance,Technician,Morning,26469.05
249538,161115,Maintenance,Supervisor,Morning,105400.04
249539,160717,Housekeeping,Chef,Evening,138413.59
249540,160292,Housekeeping,Supervisor,Evening,128554.4
249541,160837,Housekeeping,Supervisor,Night,97578.26
249542,160259,Food & Beverage,Supervisor,Morning,31415.29
249543,161303,Food & Beverage,Manager,Morning,177468.62
249544,161057,Front Office,Associate,Evening,33153.51
249545,161087,Front Office,Technician,Night,155353.06
249546,160937,Maintenance,Executive,Night,81943.24
249547,161589,Housekeeping,Chef,Night,39674.6
249548,161643,Food & Beverage,Executive,Evening,22533.31
249549,161416,Maintenance,Supervisor,Evening,179529.51
249550,161725,Sales,Chef,Evening,59992.12
249551,160806,Sales,Technician,Night,106646.72
249552,161146,Housekeeping,Manager,Night,70151.91
249553,161984,Housekeeping,Technician,Night,142583.29
249554,160368,Food & Beverage,Supervisor,Evening,174047.37
249555,160038,Maintenance,Associate,Morning,37295.04
249556,161806,Housekeeping,Associate,Night,60004.94
249557,161196,Housekeeping,Associate,Night,141216.72
249558,161972,Front Office,Associate,Morning,124292.79
249559,160206,Food & Beverage,Associate,Evening,169660.74
249560,161247,Food & Beverage,Manager,Evening,131420.7
249561,161354,Sales,Executive,Night,106759.07
249562,160117,Food & Beverage,Executive,Evening,149768.21
249563,161663,Front Office,Supervisor,Night,38198.3
249564,161110,Food & Beverage,Technician,Night,41176.6
249565,161628,Food & Beverage,Chef,Evening,34705.53
249566,160737,Housekeeping,Chef,Night,119558.98
249567,160032,Front Office,Manager,Morning,19283.78
249568,160939,Front Office,Executive,Night,34593.95
249569,161890,Housekeeping,Technician,Night,135046.82
249570,160822,Front Office,Associate,Night,147442.3
249571,160718,Housekeeping,Supervisor,Night,120384.41
249572,161907,Sales,Technician,Morning,72691.44
249573,160144,Housekeeping,Technician,Night,32686.37
249574,161191,Food & Beverage,Technician,Evening,151474.51
249575,161892,Maintenance,Supervisor,Evening,101850.76
249576,161502,Maintenance,Associate,Night,179104.88
249577,160215,Sales,Manager,Morning,154219.54
249578,160192,Sales,Supervisor,Night,23647.93
249579,161183,Sales,Associate,Evening,57427.11
249580,160235,Housekeeping,Executive,Evening,147712.19
249581,160109,Housekeeping,Chef,Evening,103725.15
249582,160318,Housekeeping,Chef,Morning,110912.41
249583,160092,Front Office,Chef,Evening,162413.9
249584,161235,Maintenance,Associate,Night,140539.95
249585,161179,Maintenance,Chef,Evening,170323.02
249586,161631,Maintenance,Technician,Evening,93341.75
249587,161668,Maintenance,Associate,Evening,111517.31
249588,161832,Maintenance,Technician,Night,164999.56
249589,160616,Housekeeping,Manager,Evening,170492.49
249590,161147,Food & Beverage,Manager,Night,48183.89
249591,161111,Housekeeping,Associate,Morning,76853.99
249592,160620,Sales,Supervisor,Evening,82119.33
249593,161378,Sales,Manager,Morning,71073.31
249594,161271,Housekeeping,Executive,Night,38311.0
249595,161622,Housekeeping,Manager,Night,134797.65
249596,161246,Maintenance,Technician,Night,74504.57
249597,160009,Front Office,Executive,Morning,108272.5
249598,160556,Food & Beverage,Associate,Night,168447.51
249599,161449,Front Office,Chef,Night,145547.99
249600,160544,Front Office,Manager,Night,159903.15
249601,161826,Housekeeping,Chef,Morning,122069.87
249602,161530,Sales,Supervisor,Morning,164238.17
249603,160883,Maintenance,Manager,Morning,77990.16
249604,161324,Housekeeping,Technician,Morning,32751.21
249605,161764,Maintenance,Executive,Morning,87672.23
249606,161266,Food & Beverage,Technician,Morning,32130.4
249607,161012,Maintenance,Manager,Morning,155808.54
249608,160502,Sales,Executive,Night,27092.16
249609,160197,Front Office,Manager,Night,168119.52
249610,160057,Front Office,Technician,Morning,162128.92
249611,161578,Food & Beverage,Chef,Evening,143410.29
249612,160640,Maintenance,Technician,Night,80325.71
249613,161789,Front Office,Supervisor,Evening,75849.55
249614,160167,Maintenance,Executive,Morning,27496.99
249615,161522,Housekeeping,Associate,Morning,58587.53
249616,161107,Front Office,Technician,Evening,115795.33
249617,160421,Housekeeping,Chef,Night,84885.7
249618,160999,Sales,Associate,Night,136471.2
249619,160583,Front Office,Supervisor,Night,153603.97
249620,161598,Housekeeping,Chef,Night,76641.13
249621,161549,Maintenance,Chef,Evening,178557.75
249622,161787,Front Office,Associate,Night,80866.35
249623,160809,Maintenance,Associate,Evening,97832.18
249624,161187,Maintenance,Executive,Evening,161342.74
249625,161437,Maintenance,Executive,Night,113361.94
249626,160054,Front Office,Supervisor,Morning,146146.37
249627,161293,Housekeeping,Manager,Night,166095.96
249628,161849,Maintenance,Manager,Evening,93380.36
249629,161749,Sales,Manager,Night,63164.28
249630,160128,Food & Beverage,Executive,Evening,170186.39
249631,161080,Maintenance,Associate,Morning,26581.41
249632,161978,Maintenance,Supervisor,Morning,108000.34
249633,160832,Food & Beverage,Supervisor,Morning,42716.67
249634,160164,Housekeeping,Supervisor,Evening,24707.5
249635,161076,Housekeeping,Chef,Evening,133010.45
249636,160165,Sales,Technician,Morning,26771.24
249637,161206,Housekeeping,Associate,Morning,58016.96
249638,161925,Front Office,Chef,Morning,127362.25
249639,161648,Front Office,Manager,Morning,94608.01
249640,160623,Food & Beverage,Associate,Morning,145157.29
249641,160596,Food & Beverage,Technician,Night,53197.84
249642,161982,Sales,Manager,Night,107495.94
249643,161479,Maintenance,Manager,Evening,98943.29
249644,161590,Front Office,Supervisor,Morning,73870.66
249645,160337,Housekeeping,Executive,Evening,29746.06
249646,161698,Sales,Manager,Morning,114488.06
249647,160771,Food & Beverage,Associate,Night,77953.96
249648,161207,Sales,Supervisor,Night,124097.18
249649,161407,Sales,Chef,Night,94994.76
249650,160322,Front Office,Associate,Evening,43950.52
249651,161915,Sales,Associate,Evening,82298.01
249652,160459,Sales,Supervisor,Night,48312.74
249653,160648,Front Office,Technician,Night,92352.01
249654,160613,Front Office,Chef,Night,74045.3
249655,160740,Housekeeping,Executive,Evening,158722.87
249656,161660,Front Office,Chef,Morning,41035.4
249657,161256,Sales,Supervisor,Evening,162582.96
249658,161812,Housekeeping,Chef,Night,114266.54
249659,160708,Maintenance,Associate,Evening,120661.48
249660,160370,Food & Beverage,Technician,Night,53174.27
249661,161621,Front Office,Technician,Evening,45961.59
249662,161043,Food & Beverage,Executive,Evening,91210.13
249663,161110,Food & Beverage,Chef,Evening,151452.9
249664,161576,Sales,Chef,Night,103750.28
249665,161629,Sales,Technician,Morning,23250.54
249666,161775,Housekeeping,Supervisor,Evening,51688.83
249667,161286,Front Office,Supervisor,Morning,53008.87
249668,160674,Sales,Manager,Night,141967.68
249669,160494,Front Office,Supervisor,Night,125467.23
249670,160923,Housekeeping,Technician,Evening,67531.62
249671,161024,Maintenance,Associate,Night,136028.68
249672,160208,Food & Beverage,Associate,Night,93411.59
249673,160779,Sales,Supervisor,Evening,125031.28
249674,160759,Sales,Executive,Morning,79835.09
249675,160528,Front Office,Technician,Evening,117404.43
249676,161305,Maintenance,Manager,Evening,43418.05
249677,160179,Sales,Chef,Evening,48087.23
249678,161929,Sales,Supervisor,Night,63470.31
249679,161357,Front Office,Technician,Evening,114004.96
249680,161691,Housekeeping,Executive,Evening,157565.14
249681,161219,Maintenance,Associate,Evening,146322.51
249682,160042,Food & Beverage,Executive,Morning,104809.8
249683,161703,Maintenance,Executive,Night,36792.94
249684,161040,Housekeeping,Executive,Evening,63735.53
249685,161054,Sales,Manager,Morning,61473.43
249686,161658,Food & Beverage,Chef,Morning,135853.92
249687,161074,Sales,Supervisor,Evening,69363.92
249688,161528,Front Office,Supervisor,Night,160099.1
249689,161880,Food & Beverage,Associate,Evening,73633.0
249690,161351,Food & Beverage,Associate,Evening,91222.84
249691,161900,Housekeeping,Manager,Evening,140952.27
249692,160793,Housekeeping,Associate,Evening,108497.26
249693,161788,Food & Beverage,Technician,Night,166104.35
249694,161199,Food & Beverage,Supervisor,Morning,32431.75
249695,160886,Food & Beverage,Manager,Night,78546.11
249696,161030,Maintenance,Chef,Morning,98727.55
249697,161680,Food & Beverage,Technician,Evening,93579.27
249698,161694,Sales,Associate,Morning,96043.04
249699,161769,Food & Beverage,Supervisor,Evening,27974.45
249700,161394,Sales,Technician,Evening,126553.29
249701,160968,Sales,Executive,Evening,133184.36
249702,160088,Maintenance,Manager,Evening,115192.49
249703,160145,Housekeeping,Manager,Night,100040.47
249704,161817,Food & Beverage,Chef,Evening,156376.23
249705,160887,Maintenance,Manager,Night,43730.01
249706,160195,Maintenance,Associate,Evening,125213.81
249707,160029,Front Office,Associate,Evening,105272.06
249708,160491,Maintenance,Executive,Evening,90732.98
249709,160348,Front Office,Associate,Evening,125884.34
249710,161358,Food & Beverage,Supervisor,Morning,166628.78
249711,160917,Sales,Supervisor,Morning,78506.29
249712,161890,Sales,Supervisor,Evening,145680.4
249713,160023,Maintenance,Associate,Evening,159525.54
249714,160573,Housekeeping,Technician,Morning,107367.71
249715,161555,Food & Beverage,Associate,Evening,32242.34
249716,161921,Housekeeping,Chef,Night,159887.7
249717,160083,Sales,Associate,Evening,100018.62
249718,161352,Sales,Chef,Morning,121797.38
249719,160961,Housekeeping,Technician,Morning,88075.76
249720,160712,Sales,Executive,Morning,103401.27
249721,161417,Sales,Supervisor,Evening,64692.73
249722,160224,Sales,Manager,Morning,149103.92
249723,160148,Maintenance,Associate,Evening,85431.45
249724,160043,Housekeeping,Supervisor,Evening,51258.94
249725,160178,Front Office,Executive,Night,138502.78
249726,161082,Front Office,Manager,Evening,56563.13
249727,160774,Sales,Chef,Evening,50074.69
249728,161127,Front Office,Manager,Night,155279.32
249729,160065,Front Office,Chef,Morning,34866.06
249730,161310,Front Office,Associate,Evening,177226.15
249731,160510,Maintenance,Chef,Evening,155781.4
249732,160019,Maintenance,Technician,Evening,39600.32
249733,160216,Maintenance,Supervisor,Night,102605.94
249734,160838,Front Office,Chef,Night,127961.28
249735,161061,Housekeeping,Associate,Evening,59826.27
249736,161864,Housekeeping,Executive,Morning,63599.39
249737,161338,Sales,Supervisor,Morning,81703.93
249738,161906,Housekeeping,Supervisor,Morning,33482.46
249739,161361,Food & Beverage,Chef,Night,175761.1
249740,160531,Sales,Chef,Night,23538.65
249741,161527,Sales,Manager,Night,161661.88
249742,160133,Housekeeping,Executive,Night,56370.55
249743,160112,Front Office,Executive,Evening,94286.63
249744,160506,Front Office,Associate,Evening,130482.74
249745,160128,Housekeeping,Chef,Morning,109587.61
249746,161485,Maintenance,Chef,Evening,138203.25
249747,161449,Sales,Associate,Morning,133183.06
249748,160716,Food & Beverage,Manager,Night,108529.45
249749,161774,Housekeeping,Associate,Evening,80785.69
249750,160403,Housekeeping,Technician,Night,23337.23
249751,160550,Maintenance,Executive,Night,41335.71
249752,160967,Front Office,Executive,Night,120687.74
249753,160089,Maintenance,Associate,Morning,114825.67
249754,161994,Front Office,Chef,Morning,100121.97
249755,161855,Sales,Executive,Evening,42113.12
249756,161298,Front Office,Supervisor,Night,35957.91
249757,161013,Front Office,Chef,Morning,136096.76
249758,161207,Housekeeping,Technician,Morning,55527.25
249759,161459,Housekeeping,Supervisor,Evening,51584.51
249760,161431,Housekeeping,Technician,Night,62944.09
249761,161597,Food & Beverage,Chef,Morning,145350.58
249762,160303,Front Office,Supervisor,Night,157012.28
249763,161948,Maintenance,Executive,Morning,177979.97
249764,161334,Front Office,Technician,Night,92408.61
249765,160912,Housekeeping,Technician,Evening,96039.86
249766,160434,Housekeeping,Executive,Evening,109854.99
249767,161481,Sales,Executive,Evening,109708.6
249768,161157,Maintenance,Executive,Night,118227.39
249769,161578,Sales,Technician,Night,38726.57
249770,161363,Maintenance,Manager,Evening,62954.19
249771,160902,Front Office,Executive,Evening,146630.64
249772,160424,Maintenance,Supervisor,Night,132259.75
249773,161612,Maintenance,Chef,Evening,47212.61
249774,161316,Sales,Supervisor,Evening,102615.7
249775,161051,Sales,Executive,Morning,39683.29
249776,161739,Housekeeping,Executive,Morning,39738.45
249777,161397,Housekeeping,Executive,Evening,169446.98
249778,160140,Front Office,Supervisor,Morning,116909.06
249779,161398,Food & Beverage,Manager,Evening,39039.6
249780,161371,Front Office,Technician,Morning,152367.43
249781,160445,Food & Beverage,Technician,Morning,115707.17
249782,161234,Front Office,Technician,Evening,88348.0
249783,161095,Maintenance,Associate,Night,121841.98
249784,160576,Front Office,Manager,Evening,40242.95
249785,161432,Sales,Chef,Night,80774.7
249786,160535,Food & Beverage,Executive,Morning,123340.35
249787,161269,Maintenance,Manager,Night,72381.08
249788,161603,Housekeeping,Chef,Night,142731.97
249789,161003,Sales,Chef,Morning,88158.85
249790,161135,Maintenance,Supervisor,Morning,85507.85
249791,161151,Housekeeping,Supervisor,Night,101031.58
249792,160900,Sales,Technician,Night,79562.33
249793,161284,Housekeeping,Manager,Morning,110294.66
249794,160832,Maintenance,Chef,Night,89064.45
249795,161218,Housekeeping,Associate,Evening,54085.3
249796,160345,Housekeeping,Technician,Morning,45564.83
249797,161721,Housekeeping,Executive,Evening,51542.96
249798,160329,Food & Beverage,Associate,Evening,70306.35
249799,160362,Sales,Manager,Night,129881.34
249800,160262,Maintenance,Technician,Evening,154742.55
249801,161924,Sales,Manager,Evening,147415.51
249802,160809,Food & Beverage,Technician,Morning,29032.88
249803,161692,Maintenance,Supervisor,Morning,164816.72
249804,160879,Sales,Manager,Evening,30345.42
249805,160457,Sales,Associate,Night,48519.98
249806,160029,Food & Beverage,Executive,Morning,29469.74
249807,161281,Sales,Chef,Evening,88246.06
249808,160053,Front Office,Technician,Morning,82886.65
249809,160297,Maintenance,Manager,Evening,102089.2
249810,160604,Front Office,Supervisor,Night,171526.31
249811,160426,Maintenance,Manager,Night,157711.68
249812,160516,Front Office,Executive,Night,146459.49
249813,160939,Maintenance,Supervisor,Evening,97990.29
249814,161799,Front Office,Associate,Morning,161274.93
249815,160001,Front Office,Technician,Night,116506.7
249816,161082,Sales,Supervisor,Morning,21553.66
249817,160276,Sales,Supervisor,Night,176999.58
249818,161299,Front Office,Manager,Morning,145832.48
249819,161261,Maintenance,Associate,Night,127985.09
249820,161838,Maintenance,Technician,Morning,74736.88
249821,161676,Sales,Chef,Night,176679.11
249822,160521,Sales,Chef,Morning,58097.77
249823,160408,Food & Beverage,Manager,Evening,117661.85
249824,160477,Housekeeping,Executive,Evening,125196.37
249825,161996,Sales,Technician,Morning,70138.76
249826,161716,Housekeeping,Manager,Morning,100789.68
249827,160948,Food & Beverage,Technician,Evening,170866.76
249828,161337,Housekeeping,Associate,Evening,129954.3
249829,161993,Front Office,Chef,Morning,168667.4
249830,161758,Housekeeping,Technician,Evening,142304.15
249831,161202,Maintenance,Manager,Morning,124519.79
249832,160231,Front Office,Manager,Morning,147273.59
249833,161833,Sales,Chef,Evening,165757.01
249834,160889,Front Office,Chef,Evening,97664.17
249835,160315,Maintenance,Supervisor,Morning,25082.83
249836,160320,Food & Beverage,Technician,Evening,58648.39
249837,161564,Sales,Executive,Night,62559.67
249838,161927,Sales,Executive,Night,19643.74
249839,160339,Sales,Technician,Evening,153665.06
249840,160592,Housekeeping,Manager,Night,167120.21
249841,161443,Sales,Associate,Morning,33251.92
249842,161396,Sales,Manager,Morning,179771.09
249843,160519,Maintenance,Manager,Night,109535.7
249844,160735,Housekeeping,Associate,Evening,55423.77
249845,161357,Front Office,Associate,Morning,85472.27
249846,160626,Food & Beverage,Technician,Night,135581.64
249847,161771,Front Office,Executive,Evening,161741.46
249848,160499,Food & Beverage,Manager,Morning,113915.2
249849,161080,Food & Beverage,Associate,Evening,137115.11
249850,160770,Housekeeping,Manager,Night,133949.65
249851,161510,Maintenance,Executive,Night,115058.91
249852,161858,Front Office,Associate,Evening,140000.88
249853,161874,Food & Beverage,Supervisor,Morning,121072.1
249854,160755,Front Office,Chef,Night,151993.76
249855,161863,Maintenance,Technician,Evening,132166.41
249856,161512,Food & Beverage,Executive,Night,28301.97
249857,160931,Sales,Manager,Morning,114198.88
249858,160154,Maintenance,Chef,Night,171441.17
249859,161277,Food & Beverage,Associate,Night,111788.56
249860,160101,Front Office,Technician,Evening,124226.38
249861,160871,Front Office,Supervisor,Evening,28699.1
249862,160624,Front Office,Chef,Evening,106774.6
249863,160379,Sales,Executive,Night,58764.08
249864,160345,Housekeeping,Executive,Morning,113751.07
249865,161024,Housekeeping,Associate,Night,163202.74
249866,161292,Sales,Manager,Morning,90759.92
249867,160160,Sales,Technician,Morning,177905.99
249868,161910,Front Office,Chef,Morning,47640.02
249869,160388,Food & Beverage,Supervisor,Morning,91679.58
249870,161636,Front Office,Chef,Morning,140283.84
249871,161325,Sales,Technician,Night,125795.38
249872,161052,Food & Beverage,Technician,Morning,79994.02
249873,161167,Sales,Manager,Morning,53911.87
249874,161603,Maintenance,Associate,Morning,79851.11
249875,160027,Maintenance,Chef,Night,70833.16
249876,161089,Maintenance,Executive,Evening,36536.55
249877,160273,Front Office,Chef,Evening,118780.27
249878,161635,Sales,Executive,Night,164879.97
249879,160710,Housekeeping,Supervisor,Night,150442.43
249880,161440,Housekeeping,Supervisor,Morning,167919.0
249881,161703,Food & Beverage,Associate,Morning,49423.46
249882,161456,Food & Beverage,Manager,Night,53818.88
249883,161114,Food & Beverage,Manager,Morning,62566.62
249884,161614,Front Office,Executive,Evening,104279.05
249885,161214,Front Office,Supervisor,Night,65687.83
249886,160239,Maintenance,Technician,Night,154794.67
249887,161098,Food & Beverage,Manager,Night,80378.6
249888,160413,Food & Beverage,Executive,Night,77104.65
249889,160210,Sales,Associate,Evening,38490.07
249890,161753,Sales,Executive,Night,55133.7
249891,160752,Food & Beverage,Associate,Morning,52024.23
249892,161731,Sales,Technician,Morning,118149.29
249893,160620,Housekeeping,Chef,Morning,82199.31
249894,161710,Housekeeping,Technician,Night,178738.21
249895,160413,Food & Beverage,Manager,Evening,60051.47
249896,161826,Food & Beverage,Supervisor,Evening,42393.93
249897,160294,Front Office,Executive,Evening,108388.42
249898,160547,Maintenance,Technician,Night,20467.3
249899,160903,Food & Beverage,Technician,Evening,71335.97
249900,160144,Food & Beverage,Manager,Night,132983.56
249901,161565,Food & Beverage,Chef,Evening,120702.61
249902,161286,Maintenance,Chef,Evening,24507.71
249903,160629,Maintenance,Chef,Night,113827.19
249904,161616,Sales,Manager,Morning,166657.97
249905,160270,Housekeeping,Technician,Morning,171712.0
249906,160016,Front Office,Associate,Night,170640.62
249907,160636,Maintenance,Executive,Night,73843.98
249908,160134,Food & Beverage,Supervisor,Night,104565.22
249909,161658,Food & Beverage,Chef,Morning,22125.52
249910,161109,Sales,Executive,Evening,120745.19
249911,160786,Sales,Chef,Morning,21511.49
249912,160273,Front Office,Supervisor,Morning,165440.72
249913,161438,Sales,Associate,Night,137602.09
249914,160209,Maintenance,Manager,Night,46693.84
249915,161947,Food & Beverage,Supervisor,Night,123049.63
249916,160976,Housekeeping,Associate,Evening,106167.84
249917,160318,Front Office,Associate,Morning,167381.89
249918,160118,Front Office,Manager,Evening,71061.0
249919,160093,Front Office,Supervisor,Night,39021.04
249920,161291,Front Office,Executive,Morning,168819.21
249921,161454,Sales,Chef,Evening,27017.41
249922,160371,Housekeeping,Technician,Night,73627.91
249923,160777,Housekeeping,Supervisor,Evening,113893.06
249924,160573,Maintenance,Executive,Night,151875.74
249925,161940,Food & Beverage,Manager,Evening,84614.03
249926,161667,Sales,Executive,Evening,19363.09
249927,161684,Maintenance,Technician,Morning,57499.42
249928,160675,Sales,Chef,Morning,87020.72
249929,160635,Sales,Associate,Morning,153697.93
249930,160265,Front Office,Associate,Night,126020.98
249931,160084,Front Office,Supervisor,Evening,108190.11
249932,160817,Housekeeping,Supervisor,Evening,123636.57
249933,161858,Maintenance,Associate,Morning,120427.9
249934,160861,Food & Beverage,Executive,Night,150231.8
249935,160605,Maintenance,Associate,Evening,150298.1
249936,160178,Food & Beverage,Supervisor,Night,106583.16
249937,161324,Maintenance,Executive,Evening,76231.7
249938,161747,Food & Beverage,Technician,Night,40782.5
249939,160033,Sales,Executive,Night,149514.13
249940,161157,Front Office,Executive,Evening,18403.13
249941,160771,Maintenance,Manager,Evening,85919.73
249942,161349,Maintenance,Chef,Morning,96528.09
249943,161656,Maintenance,Supervisor,Evening,172510.72
249944,161727,Maintenance,Chef,Night,98239.46
249945,161164,Housekeeping,Executive,Morning,41571.64
249946,161325,Maintenance,Manager,Evening,176042.22
249947,161318,Front Office,Technician,Morning,43801.8
249948,161110,Front Office,Manager,Night,155385.6
249949,161627,Food & Beverage,Chef,Evening,79519.76
249950,160363,Food & Beverage,Chef,Evening,133460.98
249951,161391,Maintenance,Associate,Night,157298.16
249952,160202,Housekeeping,Technician,Evening,132771.88
249953,160558,Front Office,Manager,Morning,147214.74
249954,160554,Food & Beverage,Associate,Night,31906.04
249955,161109,Housekeeping,Executive,Evening,145535.92
249956,160955,Food & Beverage,Chef,Night,32607.78
249957,161042,Sales,Technician,Night,101995.17
249958,160687,Maintenance,Chef,Night,56995.49
249959,161567,Housekeeping,Executive,Night,20021.85
249960,161562,Sales,Associate,Night,157950.17
249961,160474,Front Office,Supervisor,Morning,103616.4
249962,161965,Food & Beverage,Associate,Evening,96228.89
249963,160126,Sales,Associate,Morning,165639.69
249964,160244,Maintenance,Chef,Morning,41106.75
249965,160629,Housekeeping,Associate,Morning,136560.87
249966,160202,Food & Beverage,Manager,Evening,69998.77
249967,161632,Maintenance,Associate,Morning,120217.51
249968,161526,Housekeeping,Technician,Evening,121881.36
249969,161912,Food & Beverage,Associate,Evening,49624.52
249970,160327,Food & Beverage,Manager,Evening,42131.58
249971,160057,Front Office,Supervisor,Morning,25879.35
249972,161223,Housekeeping,Supervisor,Evening,138208.77
249973,161837,Front Office,Chef,Morning,135323.34
249974,161121,Sales,Associate,Morning,58521.0
249975,160550,Food & Beverage,Supervisor,Night,157894.02
249976,160569,Housekeeping,Technician,Evening,84187.14
249977,161160,Maintenance,Technician,Morning,158486.16
249978,161233,Maintenance,Supervisor,Morning,93494.23
249979,161440,Food & Beverage,Executive,Morning,95205.37
249980,161567,Sales,Chef,Evening,154318.02
249981,160423,Sales,Executive,Evening,118581.54
249982,160817,Housekeeping,Technician,Night,90954.3
249983,161400,Food & Beverage,Supervisor,Night,26453.92
249984,161698,Maintenance,Technician,Evening,138795.06
249985,160052,Maintenance,Executive,Evening,115513.42
249986,161788,Food & Beverage,Chef,Evening,163317.23
249987,161979,Front Office,Associate,Evening,91465.05
249988,160479,Food & Beverage,Chef,Morning,147329.27
249989,161569,Maintenance,Chef,Evening,144315.09
249990,161790,Front Office,Supervisor,Night,104070.87
249991,161742,Food & Beverage,Executive,Morning,33745.9
249992,160394,Front Office,Chef,Evening,168114.76
249993,160753,Food & Beverage,Executive,Morning,48997.12
249994,161134,Maintenance,Technician,Evening,22025.18
249995,160211,Sales,Chef,Night,33246.42
249996,161665,Maintenance,Chef,Evening,158903.74
249997,160296,Maintenance,Manager,Night,124892.57
249998,160340,Food & Beverage,Manager,Night,70755.31
249999,161778,Food & Beverage,Executive,Evening,156987.41
250000,160449,Front Office,Executive,Morning,98239.45
